class,t0,hour_mean_w_pergpu,n_gpus,r_1min,r_1min_node,r_5min,r_5min_node,r_15min,r_15min_node
training (LoRA),2025-09-19 20:40:00,624.1534783485371,4,0.9027738498113234,0.9028277951548692,0.9776586262053286,0.9776686785806726,0.9826414211644008,0.9826458398470146
training (LoRA),2025-09-19 20:50:00,621.6383889615084,4,0.9064267888683832,0.9064805499496653,0.9660510065256442,0.9660566282238906,0.9866179719838092,0.9866215308064095
training (LoRA),2025-09-19 21:00:00,620.0966667408355,4,0.9086287750455,0.9087342972787883,0.9684540535735862,0.9684584972389092,0.9890722387733241,0.9890745295387414
training (LoRA),2025-09-19 20:40:00,622.4494957299432,4,0.9035068448365119,0.9041072523858122,0.9784895534532319,0.978490512477399,0.9829325577823227,0.982933101102451
training (LoRA),2025-09-19 20:50:00,620.0125536608434,4,0.9070574068977267,0.9076608207535948,0.9667234895075829,0.9667232096008402,0.9867960773189932,0.9867964922725878
training (LoRA),2025-09-19 21:00:00,618.5802828808278,4,0.909157630019552,0.9097624332810359,0.9689625300337786,0.9689615761375586,0.9890816509080025,0.989081336812284
training (LoRA),2025-09-19 21:50:00,593.4108854989431,4,0.1331065172391997,0.13310746583331312,0.45169254971637063,0.45169201591921876,1.0302032953266806,1.0302028936188579
training (LoRA),2025-09-19 22:00:00,620.6586386911054,4,0.8847338582339571,0.8847306177697817,0.9568520123841814,0.9568512557609091,0.9849759517808582,0.9849755940482344
training (LoRA),2025-09-19 22:10:00,618.8249081465206,4,0.8873556544904823,0.8873522923924032,0.9596875426020988,0.9596866415884907,0.9878948894485471,0.987894319213785
training (LoRA),2025-09-19 22:20:00,618.6713096873783,4,0.8875757402936146,0.8875725966843488,0.9599257242139059,0.9599249044384067,0.961426617437051,0.9614263747942552
training (LoRA),2025-09-19 21:50:00,594.3163800979247,4,0.13380395144244234,0.13383091173917855,0.45207556249121617,0.45210147370492004,1.0296648631235517,1.0296685230599527
training (LoRA),2025-09-19 22:00:00,621.4750034357091,4,0.8843762778782844,0.8844059524021574,0.9564093976387282,0.9564175209356883,0.9846671654039357,0.984671734088615
training (LoRA),2025-09-19 22:10:00,619.5497547849552,4,0.8871239661140498,0.8871542407412787,0.9593814664497122,0.9593895849668943,0.9877271396899384,0.9877315979863057
training (LoRA),2025-09-19 22:20:00,619.411644689256,4,0.8873215781660921,0.8873520493523037,0.9595949794256476,0.9596034998787766,0.9617972883997864,0.9617995216605925
training (LoRA),2025-09-19 22:10:00,622.8445800561797,4,0.9021264632351745,0.9023464769482406,0.977344956756056,0.9776923074205653,0.978474445106302,0.9784804099399502
training (LoRA),2025-09-19 22:20:00,619.88702757537,4,0.8951301748840497,0.895151067205498,0.959730243523351,0.9597401647484741,0.9831447270211697,0.983148852793418
training (LoRA),2025-09-19 22:30:00,617.956708894204,4,0.8979280821782409,0.8979472611825559,0.9627303386238326,0.9627381164535288,0.9862181631657949,0.9862199264942118
training (LoRA),2025-09-19 22:10:00,622.2261205290093,4,0.9045177636872392,0.9050770983189719,0.9776854153336335,0.9776883674851877,0.97881762229615,0.9788202699635679
training (LoRA),2025-09-19 22:20:00,619.3049993045897,4,0.8938124102776466,0.8938245583703905,0.9598413837217125,0.9598465875259863,0.9834350873553455,0.9834371431822457
training (LoRA),2025-09-19 22:30:00,617.4635277190542,4,0.8964781158555972,0.8964902259811937,0.9627042984860859,0.9627091537150075,0.9863685064671848,0.9863700638715376
training (LoRA),2025-09-19 23:30:00,585.3998174852597,4,0.12727720091883582,0.1272789899731667,0.4561659162886603,0.4561682995270806,0.8604585062838415,0.8604589999873817
training (LoRA),2025-09-19 23:40:00,611.9718268621016,4,0.8955490480575612,0.8955505576841339,0.956863124486362,0.9568633571333446,0.9934572816577294,0.9934571743414361
training (LoRA),2025-09-19 23:50:00,610.0102105885297,4,0.8984288622094605,0.8984303890660786,0.9599401620584787,0.9599403527317075,0.9658597580286679,0.9658601059236172
training (LoRA),2025-09-19 23:30:00,588.5978796316903,4,0.12725651182245207,0.12727544892180936,0.4555699466949097,0.45558740867352127,0.8601641282949943,0.8601704639224372
training (LoRA),2025-09-19 23:40:00,615.3380936769779,4,0.8986988495435356,0.8997078270510993,0.9571545975661646,0.9571616774084395,0.993677937701326,0.9936796316096449
training (LoRA),2025-09-19 23:50:00,613.3834537526427,4,0.9015625551177816,0.90257488325914,0.9602053846400009,0.960211819073103,0.9654647163566618,0.9654695889599539
training (LoRA),2025-09-19 23:40:00,604.3250678442281,4,0.21108251575142584,0.2110737703196539,0.6912600717376642,0.6912575685900996,1.0127223762030184,1.0127235096401779
training (LoRA),2025-09-19 23:50:00,619.2428012934631,4,0.9056857451341831,0.9061152757765452,0.963241492168175,0.9632469669749512,0.987224670027222,0.9872256823739518
training (LoRA),2025-09-20 00:00:00,617.2794045704907,4,0.908566197692164,0.9089973802982938,0.9663054251740459,0.9663107917589446,0.9903649584375781,0.9903657768842424
training (LoRA),2025-09-19 23:40:00,598.5257731419671,4,0.21418967574661518,0.21419183075558346,0.693027810461173,0.6930257626106352,1.0112706846333832,1.011272696305804
training (LoRA),2025-09-19 23:50:00,613.02433519219,4,0.8998839496400346,0.8999879218938858,0.9611029553188961,0.9611100372344061,0.9864653163062509,0.9864663234942275
training (LoRA),2025-09-20 00:00:00,610.9315592979918,4,0.902966605735226,0.9030708744756337,0.9643955783910729,0.9644023666074497,0.9898449039770053,0.9898455120642521
training (SD),2025-09-20 10:40:00,607.6831706024699,4,0.1906766257490501,0.19066575204678882,0.8549767107518069,0.8549966411684067,0.9783776555163319,0.9783991098287105
training (SD),2025-09-20 10:50:00,623.4457019107749,4,0.5117374853630001,0.5117476320533323,0.9023426320186669,0.902334151004143,0.9622352298246912,0.9622512304827874
training (SD),2025-09-20 11:00:00,628.5487905796296,4,0.507581242310457,0.5075928336007948,0.8950107777000619,0.8950082421001365,0.9544203438469284,0.9544388642441382
training (SD),2025-09-20 11:10:00,625.9310048673306,4,0.5097037000715384,0.509715702187161,0.898752796089652,0.8987513699694073,0.9778559879571358,0.977877140632365
training (SD),2025-09-20 11:20:00,626.2350122239528,4,0.5162828094572918,0.5162914034223759,0.9155986490030936,0.9156218055270806,0.9433515591688164,0.9433777069864892
training (SD),2025-09-20 11:30:00,619.8442766590643,4,0.5216064137500442,0.5216144852962324,0.9250411342677043,0.9250620747316438,0.9530798612553295,0.9531041458521617
training (SD),2025-09-20 11:40:00,612.8746230461144,4,0.527538627984174,0.52754632216026,0.9050994986849557,0.9050988336215745,0.9639192879620719,0.9639429136912346
training (SD),2025-09-20 11:50:00,612.8591129700712,4,0.5275517940718807,0.5275596731627984,0.9051226922374784,0.9051217396230338,0.9639437676896387,0.9639673089030806
training (SD),2025-09-20 12:00:00,612.7149506842457,4,0.5276755721555055,0.5276837997379825,0.9053354026851074,0.9053347006725214,0.9641703352277183,0.9641941153985927
training (SD),2025-09-20 12:10:00,618.2261205290093,4,0.5229682199193297,0.5229797684003907,0.897259941764492,0.8972641045975851,0.9555720903740776,0.9555988177286457
training (SD),2025-09-20 12:20:00,624.1067736135061,4,0.5962513769484619,0.5962696220157588,0.8888012437748471,0.8888096234937193,0.9773684687395876,0.9773666479745614
training (SD),2025-09-20 12:30:00,629.6377535461979,4,0.6660791875927731,0.6660891403635123,0.8809920231611093,0.8810019782821041,0.9687802273636786,0.9687810838364781
training (SD),2025-09-20 12:40:00,626.7600049507704,4,0.584075245111476,0.5841043641726266,0.8954295035268465,0.895463205369639,0.9366209702018795,0.9366564349045171
training (SD),2025-09-20 12:50:00,618.538492671191,4,0.5371749273176818,0.5371851357734304,0.9073329447360668,0.9073655555484688,0.9490720530179687,0.9491063187396501
training (SD),2025-09-20 13:00:00,613.1973898314513,4,0.5201678135399341,0.5201533080905718,0.9152376319765697,0.9152689367855512,0.9573405645735635,0.9573732724780353
training (SD),2025-09-20 13:10:00,613.497760972964,4,0.5199132486698071,0.5198986387945258,0.9147896225195162,0.9148208171788923,0.9568719047384524,0.9569045384075933
training (SD),2025-09-20 13:20:00,613.5881338173119,4,0.519837140365329,0.51982206508625,0.9146551335343249,0.9146860770254236,0.9567312747358901,0.9567635999178488
training (SD),2025-09-20 13:30:00,614.4381830496218,4,0.5191150264103412,0.5191029132503873,0.9133883963023635,0.9134206475338498,0.9554059578661352,0.955439957953452
training (SD),2025-09-20 13:40:00,624.3223388456189,4,0.5108908867451465,0.5108845719393749,0.9164478024970522,0.9177463786525386,0.9533006457461839,0.9533154424193456
training (SD),2025-09-20 13:50:00,631.5439315615265,4,0.5050457348397244,0.5050426975755998,0.9095711779370192,0.909566822674236,0.9742517482909243,0.9742695740816331
training (SD),2025-09-20 14:00:00,632.0956402425456,4,0.5752637059220158,0.5752795637494591,0.9222342077264534,0.9222527520276144,0.9734018246587122,0.973419207543007
training (SD),2025-09-20 14:10:00,621.6972469123783,4,0.5237393125575158,0.5237532009254904,0.9239712092405935,0.9242444829125186,0.9545517158364331,0.954576135784089
training (SD),2025-09-20 14:20:00,614.991464758567,4,0.44154139921450813,0.44152794706333115,0.9194001744363879,0.919396840195011,0.9649622869812705,0.9649847023782743
training (SD),2025-09-20 14:30:00,615.0062760083449,4,0.44153075437487327,0.4415173137072777,0.9193778864541423,0.9193746982807308,0.9649390177944077,0.9649614625675336
training (SD),2025-09-20 14:40:00,614.8735014462925,4,0.4416259063068642,0.44161265407863565,0.9195761912436348,0.9195732262261361,0.9651472441753184,0.9651698344282309
training (SD),2025-09-20 14:50:00,615.819774977748,4,0.44094603983683334,0.44093406858546025,0.918161603885255,0.9181602027417175,0.9636632715539655,0.9636867468354173
training (SD),2025-09-20 15:00:00,620.5407242017134,4,0.43758750136864133,0.43757953073206424,0.9111717371120994,0.9111750242875789,0.9563296556382631,0.9563552115756307
training (SD),2025-09-20 15:10:00,629.9913783862713,4,0.43102018579022566,0.43101529356141793,0.8974992816819269,0.8975062657115397,0.9741444622537223,0.974144618826074
training (SD),2025-09-20 15:20:00,631.7284722963952,4,0.5415026544653996,0.5415158237261151,0.9153562894255192,0.9153790336470436,0.9396955450578951,0.9397223816908857
training (SD),2025-09-20 15:30:00,625.6436606219057,4,0.5467706587032906,0.5467824347597091,0.9018320430787456,0.9018607259075102,0.9488365168966401,0.9488618233232168
training (SD),2025-09-20 15:40:00,614.4429343671767,4,0.47896370062082017,0.4789701107698047,0.918274550724161,0.9183008126035757,0.9610544191245831,0.96106151852225
training (SD),2025-09-20 15:50:00,613.9835915994437,4,0.479321972519425,0.47932844519331796,0.9189614182293733,0.9189878258114921,0.9617732897600859,0.9617805225215746
training (SD),2025-09-20 16:00:00,613.9364879415856,4,0.4793586959110814,0.47936522118485375,0.9190318486738756,0.9190583342255919,0.9618469569950736,0.9618543141621714
training (SD),2025-09-20 16:10:00,614.9086027399165,4,0.4786004096126592,0.4786073881943205,0.9175782634664746,0.9176053862537321,0.96032525464282,0.9603337096227826
training (SD),2025-09-20 16:20:00,619.7361171905424,4,0.47486992861355726,0.47487921418832824,0.9104277544558538,0.9104575806970809,0.9528392186799584,0.9528530662779287
training (SD),2025-09-20 16:30:00,625.7264661872705,4,0.47032242914594957,0.4703329909134625,0.9094784887244435,0.9095070223434283,0.9437139138196333,0.9437309934265319
training (SD),2025-09-20 10:40:00,604.3376624993048,4,0.20906439615972902,0.2090989406111114,0.8587163481714443,0.8587410650159429,0.9764078911653696,0.976452684144241
training (SD),2025-09-20 10:50:00,620.0727397786061,4,0.6430945406835341,0.6431434938909704,0.9113816404717566,0.9113715372003122,0.9632861388384335,0.9633226943563048
training (SD),2025-09-20 11:00:00,624.9850754297157,4,0.6380368120459003,0.6380884344375145,0.90420584208506,0.9042082255156012,0.9557061231034152,0.9557510504866399
training (SD),2025-09-20 11:10:00,624.8052861871383,4,0.6382193056656363,0.638272045938347,0.9044630503472924,0.9044684136343505,0.9793431673324895,0.9793973814930599
training (SD),2025-09-20 11:20:00,622.9966218291054,4,0.47039145725455744,0.47048612536908996,0.9086594899741842,0.9087306054713835,0.9444542770033272,0.9445191104518441
training (SD),2025-09-20 11:30:00,617.1259085915336,4,0.47486335505556587,0.47496185566309446,0.917310804568489,0.9173753515769283,0.9534474040175351,0.9535043122845211
training (SD),2025-09-20 11:40:00,610.8335240167992,4,0.4797544266823322,0.4798545842653306,0.9103640110191371,0.9103942228945614,0.9632742388719839,0.9633266543640906
training (SD),2025-09-20 11:50:00,611.208474425655,4,0.4794602412934906,0.4795602138825726,0.9098050159522826,0.909835734751191,0.9626828517659552,0.9627356944248407
training (SD),2025-09-20 12:00:00,610.9670718139846,4,0.47964942608595845,0.47974969559676833,0.9101644924715783,0.910195225029297,0.9630631625045012,0.9631160863014315
training (SD),2025-09-20 12:10:00,614.7627345914224,4,0.47668981958334744,0.47678762916104983,0.9045361317150686,0.9045755055156517,0.9571090753622288,0.9571696232622308
training (SD),2025-09-20 12:20:00,622.5401579935474,4,0.49548781757403315,0.4955847330197594,0.8932266122022018,0.893274601284411,0.978781943557191,0.9787851349766405
training (SD),2025-09-20 12:30:00,627.6177578159768,4,0.6600420762017852,0.6600530656194038,0.8859981110185204,0.8860477647260478,0.9708592535657267,0.9708664947443303
training (SD),2025-09-20 12:40:00,624.1288004144415,4,0.6162269041222043,0.6163362336607947,0.9018165768820705,0.9018994645561825,0.939286071968791,0.9393574326373606
training (SD),2025-09-20 12:50:00,617.5012090426125,4,0.6018612848060386,0.6019525280863831,0.9115026511080997,0.9115794797885693,0.9493766677553576,0.9494394812624366
training (SD),2025-09-20 13:00:00,612.4840114597241,4,0.6067922834908419,0.606883456424791,0.9189748095293098,0.9190467348956957,0.9571604471365388,0.9572168687229449
training (SD),2025-09-20 13:10:00,612.5249884151091,4,0.6067518642048888,0.606842856878996,0.9189136523500335,0.9189852521190501,0.9570967863120119,0.9571528324245648
training (SD),2025-09-20 13:20:00,612.4653608221616,4,0.6068110959292217,0.6069019370836372,0.919003393818653,0.9190747214703691,0.9571903039798997,0.9572460176447113
training (SD),2025-09-20 13:30:00,613.0862406681131,4,0.6061951396532222,0.606287320156672,0.918066734531213,0.9181439633915993,0.9562135206069953,0.9562766030329509
training (SD),2025-09-20 13:40:00,623.0901947179573,4,0.5964628931116339,0.596553142756246,0.9360162637570976,0.9360928958345606,0.957584203942042,0.9576273036161779
training (SD),2025-09-20 13:50:00,628.3960854333557,4,0.6544816108139084,0.6544872791227541,0.9409553572834579,0.9409429150907522,0.9700021800259795,0.9700666079145895
training (SD),2025-09-20 14:00:00,628.3584464424788,4,0.6483159165988578,0.6484063419110317,0.9093598709237646,0.9094296479495546,0.9700629136386602,0.9701247153983227
training (SD),2025-09-20 14:10:00,616.259951407432,4,0.4181954374223822,0.4182903568717791,0.9062641977016932,0.9063187864463332,0.9505654859135183,0.9506141457902952
training (SD),2025-09-20 14:20:00,611.0754655632823,4,0.421741582602914,0.4218392154926159,0.91395956523322,0.9140081753735858,0.9586375941672948,0.9586793453602949
training (SD),2025-09-20 14:30:00,611.1939854806408,4,0.4216602483337358,0.42175741437849096,0.9137824976490224,0.9138309351258351,0.9584518693496121,0.9584934426853919
training (SD),2025-09-20 14:40:00,610.8623557660213,4,0.42188905665036747,0.42198638132930855,0.9142784508591639,0.9143270427830932,0.9589720612512806,0.9590137970726971
training (SD),2025-09-20 14:50:00,611.8460705245884,4,0.42121127454754737,0.4213079194559291,0.9128046463588569,0.912857004730268,0.9574258940076168,0.9574719124855475
training (SD),2025-09-20 15:00:00,617.1468303154206,4,0.4175977724913787,0.4176892472545832,0.9049558081130306,0.9050163492042879,0.9491924541519835,0.9492480533239268
training (SD),2025-09-20 15:10:00,627.7592250514547,4,0.5554370766085641,0.5554655462128048,0.9171299926832024,0.9171581356319745,0.979502231459792,0.9795052885331526
training (SD),2025-09-20 15:20:00,627.8339278621496,4,0.5395682657214274,0.5396564554271991,0.9153336149477003,0.9153932981877128,0.9413166037734331,0.9413862941215685
training (SD),2025-09-20 15:30:00,621.9548393552515,4,0.5446652307757479,0.5447576104693632,0.9048329233153711,0.9049157567918765,0.9502209908378636,0.9502848394694251
training (SD),2025-09-20 15:40:00,611.842166393169,4,0.5432108526545063,0.5435620899213326,0.9197953712500606,0.9198724198159661,0.9656627905107154,0.9659913734911486
training (SD),2025-09-20 15:50:00,611.9093455943705,4,0.5431509760585276,0.5435024143055454,0.9196941578052451,0.9197714305194054,0.9655564723106289,0.9658853209699607
training (SD),2025-09-20 16:00:00,611.8719612838628,4,0.5431841801238172,0.5435356213558822,0.9197503284274074,0.9198276269508981,0.9656155063494367,0.9659443348797961
training (SD),2025-09-20 16:10:00,613.0795252419894,4,0.542113521392427,0.5424650358946433,0.9179378052582083,0.9180158706545897,0.9637124382444753,0.9640417439167445
training (SD),2025-09-20 16:20:00,617.7865541525281,4,0.5383110753704676,0.5383318954276819,0.9109381714163138,0.9110213395912967,0.959442305133279,0.9594717809349457
training (SD),2025-09-20 16:30:00,623.5165975714922,4,0.5333589681132552,0.533384689296156,0.9149013479819764,0.9149744142782935,0.9506144916897065,0.9506543493133316
training (SD),2025-09-20 10:40:00,606.2949257384437,4,0.19462265427318837,0.19462084583206182,0.8570043806800713,0.8570080521647235,0.9803456119200539,0.9803494336899511
training (SD),2025-09-20 10:50:00,621.4044548311733,4,0.5458953562038569,0.5458985083912252,0.9124882893170894,0.9124865620687376,0.956507259484645,0.9565121113562969
training (SD),2025-09-20 11:00:00,626.6491292345775,4,0.578483834908007,0.5784898514252399,0.9048499130294713,0.9048496011407337,0.9485008917211581,0.9485066831941228
training (SD),2025-09-20 11:10:00,624.7843537297658,4,0.4907066032355197,0.49072362435089123,0.9074094276684139,0.9075502791613546,0.9684360674297681,0.9684472711656439
training (SD),2025-09-20 11:20:00,623.503330134624,4,0.4772744021963997,0.47728626261292384,0.9094392924426916,0.909455203189738,0.9436286816319204,0.943641055247086
training (SD),2025-09-20 11:30:00,617.1374642300846,4,0.4821985319303701,0.4822095423066355,0.9188217259583698,0.9188363706042204,0.953364136901484,0.9533748548750428
training (SD),2025-09-20 11:40:00,610.6585062722519,4,0.4873145712317688,0.48732568384790725,0.9159474253443167,0.9159490871835414,0.963480012949003,0.9634899610093973
training (SD),2025-09-20 11:50:00,610.7935445013072,4,0.4872063623939661,0.48721794270048935,0.9157442664975323,0.9157465831725681,0.9632665353954781,0.9632769463513043
training (SD),2025-09-20 12:00:00,610.7236839572788,4,0.4872622869801325,0.4872736754507192,0.9158486528182325,0.9158513352170247,0.9633763752857278,0.963387135383251
training (SD),2025-09-20 12:10:00,617.4751400539578,4,0.48193380433861516,0.48194583856552015,0.9058324575831795,0.9058374420580835,0.9528410426987206,0.9528534871005412
training (SD),2025-09-20 12:20:00,624.794680077321,4,0.5422792495928345,0.5422837679914358,0.8952181180180444,0.8952254544352303,0.9794541394323911,0.9794545268492467
training (SD),2025-09-20 12:30:00,630.160354661512,4,0.7046397738544206,0.7046320327548632,0.8875950303177265,0.887602809766376,0.971113494815881,0.9711146904533047
training (SD),2025-09-20 12:40:00,624.7861208766758,4,0.4569230945743462,0.4569367374327735,0.9040800117782818,0.9040921374288585,0.9424462213451061,0.9424586383941991
training (SD),2025-09-20 12:50:00,617.8570263545839,4,0.41348059961192696,0.4134953380838971,0.9061795462495098,0.9061864098626842,0.9483245176030889,0.9483280078086529
training (SD),2025-09-20 13:00:00,611.4892343810849,4,0.4177853694019714,0.41780130480724414,0.9156170508907628,0.9156230544064887,0.9582013832886445,0.9582034972479402
training (SD),2025-09-20 13:10:00,611.4782446731572,4,0.41779327339333094,0.4178088136832371,0.915633989777426,0.9156395103148183,0.9582190584542595,0.9582207184273719
training (SD),2025-09-20 13:20:00,611.3515500417245,4,0.41787989692888516,0.41789539910803125,0.9158240326029804,0.9158292646554699,0.9584179605072733,0.9584192971677775
training (SD),2025-09-20 13:30:00,612.385817023644,4,0.4171736476721901,0.4171896097164771,0.9142759171799489,0.914282507785573,0.9567976065655984,0.9568006093955608
training (SD),2025-09-20 13:40:00,623.988070309892,4,0.40941785768336725,0.40943250705597645,0.8972743814779857,0.8972826038847722,0.9390045968607325,0.9390101362393503
training (SD),2025-09-20 13:50:00,629.5918254840326,4,0.54614226104938,0.5461402834913581,0.9183112956943318,0.9183091395400799,0.9663218071097534,0.9663329054266062
training (SD),2025-09-20 14:00:00,629.8636406675938,4,0.5774463961067227,0.5774687062125893,0.8982788444811607,0.8982875170591796,0.9659057947376479,0.9659158882516008
training (SD),2025-09-20 14:10:00,619.4543430876217,4,0.5112657015656742,0.5112831885042853,0.9133742219388921,0.9133823213523197,0.9616528400802856,0.9616612542801782
training (SD),2025-09-20 14:20:00,614.5652247844229,4,0.5153318481092579,0.5153506558685688,0.9206415185425698,0.9206486521583108,0.9693043854284948,0.9693116637894824
training (SD),2025-09-20 14:30:00,614.7671669262864,4,0.515162608749819,0.515181370615784,0.9203389037722775,0.9203462323631056,0.9689857872645362,0.9689932588972731
training (SD),2025-09-20 14:40:00,614.8483951518692,4,0.5150948215245036,0.5151133094987372,0.9202172714445803,0.9202246445180919,0.9688577028714653,0.9688652442457873
training (SD),2025-09-20 14:50:00,615.9481634818648,4,0.5141745531313011,0.5141935806356077,0.9185737823112909,0.9185815940464395,0.9671273059981149,0.9671353465452542
training (SD),2025-09-20 15:00:00,621.9430531849791,4,0.5092191213204016,0.5092372847397468,0.9228282341247536,0.9228361848671844,0.9578029065127618,0.9578131590864006
training (SD),2025-09-20 15:10:00,631.3792744089012,4,0.6572476947978616,0.6572504984390951,0.9166918618502677,0.9166965172416699,0.9798915798568117,0.9798918503688677
training (SD),2025-09-20 15:20:00,631.8968766620305,4,0.7305979266437317,0.730612741125466,0.9254545956700089,0.9254732580799494,0.9522379237072107,0.9522537293665635
training (SD),2025-09-20 15:30:00,627.1555942698192,4,0.6003431162659627,0.6003615837497325,0.9309980815337293,0.9310797940266118,0.9594380838190129,0.9594527464545317
training (SD),2025-09-20 15:40:00,617.759609791377,4,0.5784716587604043,0.5784789479638377,0.9368501904646448,0.9368611821782247,0.9702299278468324,0.9702334686662403
training (SD),2025-09-20 15:50:00,617.9184171905424,4,0.5783233288270964,0.5783302766592733,0.9366098787063172,0.9366204052672576,0.9699811493025935,0.9699841149498667
training (SD),2025-09-20 16:00:00,617.9680654483757,4,0.5782768295245371,0.5782838129465124,0.9365347869111269,0.93654515611771,0.9699035558164408,0.9699061853219041
training (SD),2025-09-20 16:10:00,618.936317840454,4,0.5773716744032471,0.5773791565722682,0.9350691133441601,0.9350800424031613,0.9683856300941034,0.9683888822376285
training (SD),2025-09-20 16:20:00,623.0604306714508,4,0.5735478057975988,0.5735574136549662,0.9288766271773834,0.9288906337823506,0.961971964210454,0.961978998351523
training (SD),2025-09-20 16:30:00,627.5312532404316,4,0.5694611723731277,0.5694711256552314,0.9222573949611361,0.9222727877576556,0.955116335866937,0.955125415530736
training (SD),2025-09-20 10:40:00,605.8696367378727,4,0.21502044886839955,0.21503908476978298,0.8563056989354767,0.8563223397913656,0.9809853240221079,0.9809955896342449
training (SD),2025-09-20 10:50:00,620.7060292735162,4,0.5461749450524803,0.5461949333585758,0.9195821095516092,0.9195811473774558,0.957534768616683,0.957547395227976
training (SD),2025-09-20 11:00:00,625.9803589308561,4,0.6108660936947106,0.6108878117514639,0.91183103742672,0.9118330222985356,0.9494651041566687,0.9494793775131943
training (SD),2025-09-20 11:10:00,623.5006648356233,4,0.4814829629780942,0.48150882631774283,0.9071005336290313,0.907125078102081,0.968930639103257,0.9689495052480153
training (SD),2025-09-20 11:20:00,622.2763364437893,4,0.4657333575358669,0.4657665100305177,0.9038425350983134,0.9038637454991802,0.9412714121875292,0.9412989521108065
training (SD),2025-09-20 11:30:00,615.6246420565167,4,0.4707617529330247,0.47079901891482767,0.9136116691640996,0.9136298025931784,0.9514440689093673,0.9514694887150353
training (SD),2025-09-20 11:40:00,609.6727387773267,4,0.47535582863165743,0.47539517361601735,0.9225322288534115,0.9225490733300091,0.9607337300468224,0.9607581677222176
training (SD),2025-09-20 11:50:00,609.9237906653316,4,0.4751596545160398,0.4751994953071675,0.9221523353044933,0.9221693411566109,0.960338124216199,0.9603627082310249
training (SD),2025-09-20 12:00:00,610.19949485425,4,0.4749456767126313,0.47498478767051266,0.9217352883397458,0.9217526807817775,0.95990384002274,0.959928791087905
training (SD),2025-09-20 12:10:00,617.8021223436805,4,0.46910253210745634,0.4691396597999479,0.9103895753527743,0.9104096600702537,0.9480889949258252,0.9481159779701138
training (SD),2025-09-20 12:20:00,624.6477896083666,4,0.6321339554818259,0.6321679924846044,0.9039651089483529,0.9039819283950721,0.9818586260163304,0.9818582411629246
training (SD),2025-09-20 12:30:00,629.5881738707166,4,0.6314346041519809,0.6314602436422257,0.8968703923581676,0.8968883737861367,0.9741501923839022,0.9741535904026071
training (SD),2025-09-20 12:40:00,622.9297818758346,4,0.4374988010912096,0.4375299542469729,0.8956732709277994,0.8956978248077944,0.939493998624781,0.9395170004983876
training (SD),2025-09-20 12:50:00,616.3752551593703,4,0.44214761259764557,0.4421826422813484,0.9051988038456957,0.9052226642192397,0.949486062086162,0.9495078124733861
training (SD),2025-09-20 13:00:00,610.6301419035435,4,0.44630717487601124,0.4463429173567776,0.9137172005377767,0.9137394510117631,0.9584215421781936,0.9584412560517637
training (SD),2025-09-20 13:10:00,610.6957173332592,4,0.44625943431258663,0.4462949898410354,0.9136191825773293,0.9136413352800696,0.9583186994224022,0.9583383403190363
training (SD),2025-09-20 13:20:00,610.6588070868331,4,0.44628626418786627,0.44632196539246044,0.9136743028509385,0.913696558796768,0.958376486817134,0.9583962654711674
training (SD),2025-09-20 13:30:00,612.2086418201035,4,0.44515827829998167,0.44519208051835896,0.9113604613790353,0.9113834933387522,0.9559492265688317,0.9559700406206854
training (SD),2025-09-20 13:40:00,624.9577551037437,4,0.48002250648615014,0.48004834701374,0.9009908647187367,0.9010110150056592,0.9437767569093114,0.9437912391317325
training (SD),2025-09-20 13:50:00,629.9241069064308,4,0.7364011935937381,0.7364084772358812,0.9546672485379357,0.9565101665589302,0.9701697606506975,0.9701820111058065
training (SD),2025-09-20 14:00:00,630.5200651424121,4,0.6918762772286066,0.6919035979737318,0.9216010533993758,0.9216175325008713,0.9692527989312101,0.969265009424363
training (SD),2025-09-20 14:10:00,620.9016451599443,4,0.6044925922442823,0.6045261804763128,0.9275894673544096,0.9276098201970261,0.9616689037065506,0.9616931288973122
training (SD),2025-09-20 14:20:00,616.0305727399166,4,0.6092721358569098,0.6093062854503335,0.9349261405236611,0.9349446097539987,0.9692748294987032,0.969297421742498
training (SD),2025-09-20 14:30:00,616.2781519888736,4,0.6090272281925487,0.6090615070299892,0.9345502445589775,0.9345690116842761,0.9688851613403557,0.9689080230157762
training (SD),2025-09-20 14:40:00,616.2311930876217,4,0.609073597969789,0.6091079195769127,0.9346216258792861,0.9346402290040499,0.9689591435882571,0.9689818570843616
training (SD),2025-09-20 14:50:00,617.7956688456189,4,0.6075311608097732,0.607565444253376,0.9322542309505166,0.9322733914646122,0.9665048449591966,0.9665280544732487
training (SD),2025-09-20 15:00:00,622.5548811265646,4,0.6028878429533382,0.6029208209254914,0.9251260135905064,0.9251464905144047,0.9591149913391901,0.9591392887175234
training (SD),2025-09-20 15:10:00,630.7240638768358,4,0.6038527627585748,0.6038749393708073,0.924898033491251,0.9249075811462464,0.9824732225820709,0.9824724699148859
training (SD),2025-09-20 15:20:00,630.5555039914329,4,0.5920109698043929,0.5920322717618717,0.9214320723403779,0.9214368358482524,0.9442156921273419,0.9442266059197325
training (SD),2025-09-20 15:30:00,624.6804342734757,4,0.5975766195039592,0.5976002881123869,0.9167211873957788,0.9167455377942078,0.9530975019843266,0.953106981924754
training (SD),2025-09-20 15:40:00,614.9289142050511,4,0.6070514290531184,0.607077011466594,0.9312589966159323,0.9312832547610471,0.9682135027453773,0.9682213173331158
training (SD),2025-09-20 15:50:00,615.0192895666444,4,0.6069626563388906,0.6069878032005168,0.9311222479475334,0.9311464052957985,0.9680715639099031,0.9680790399230561
training (SD),2025-09-20 16:00:00,615.3417830718736,4,0.6066445145098599,0.6066696879194314,0.9306342736413677,0.9306584022438583,0.967564176664436,0.9675716809048448
training (SD),2025-09-20 16:10:00,616.8506089230084,4,0.6051610100367595,0.6051857647539329,0.9283576923469916,0.9283819978185907,0.9651969129510176,0.9652049860457377
training (SD),2025-09-20 16:20:00,621.5658744854251,4,0.6113984409635344,0.6114184636042151,0.921314844771791,0.9213391921518451,0.9631798563063702,0.9631836594388866
training (SD),2025-09-20 16:30:00,623.5161225869264,4,0.6094875918839057,0.6095060548393548,0.9243137939263377,0.924323255741048,0.9601655319994543,0.9601709913856145
training (SD),2025-09-20 10:40:00,605.7508807086833,4,0.14370299111402585,0.14372557312363143,0.8013496410945804,0.8014327855144734,0.9764936581463919,0.9765167587787589
training (SD),2025-09-20 10:50:00,621.2858757718195,4,0.5621168851352081,0.5622142832386224,0.8827008756324415,0.8826895005103222,0.952056646197441,0.9520993631509379
training (SD),2025-09-20 11:00:00,623.891593430129,4,0.5597690044260261,0.5598661642688919,0.87899584511912,0.879002899115938,0.9480667222883316,0.9481228676360878
training (SD),2025-09-20 11:10:00,626.9102446459365,4,0.6661285693278115,0.6661480375113752,0.8747585634961242,0.874770390247602,0.9802014597163821,0.9802622753220701
training (SD),2025-09-20 11:20:00,624.2118864938533,4,0.5501483854468686,0.5502466616235213,0.9139227315198242,0.9139947784041154,0.94447585030803,0.944537675589505
training (SD),2025-09-20 11:30:00,618.3926764910426,4,0.5157465712149264,0.5158413971520414,0.9046901836549608,0.9047431871468701,0.9533721663077341,0.9534259811900995
training (SD),2025-09-20 11:40:00,612.8830439965504,4,0.5203831184399356,0.520478654703205,0.912828659301667,0.9128765537196657,0.9619488526479161,0.9619969913012678
training (SD),2025-09-20 11:50:00,612.9270095560007,4,0.5203452718838444,0.5204413205102599,0.9127626076963562,0.9128110726301272,0.9618792387709756,0.9619279867782942
training (SD),2025-09-20 12:00:00,612.9446378178379,4,0.5203300898616156,0.5204263526399128,0.9127359084623752,0.9127848202223183,0.9618510650908538,0.9619003217701136
training (SD),2025-09-20 12:10:00,613.7311726895899,4,0.5196629633368951,0.5197593937290005,0.9115573626052779,0.9116150294027247,0.9606091541560686,0.960667586364307
training (SD),2025-09-20 12:20:00,623.3111612696823,4,0.5116778633008728,0.5117709453171723,0.8975376650524167,0.8976039509658665,0.9829287894103893,0.982938396101911
training (SD),2025-09-20 12:30:00,628.8045553515799,4,0.6465651395433426,0.6465914008940422,0.9029294877089608,0.9029993795347613,0.9743346073066453,0.9743512000931336
training (SD),2025-09-20 12:40:00,630.6147113373387,4,0.5981758689416137,0.5982658585090451,0.9306477614415442,0.9307285295104014,0.9539793825238851,0.95404216613404
training (SD),2025-09-20 12:50:00,620.8610208321744,4,0.5647371564663116,0.5648227644522751,0.9217724326901491,0.9218062389785575,0.9539714709456849,0.9539961184146186
training (SD),2025-09-20 13:00:00,615.3775651248818,4,0.5697709716232151,0.5698557406068674,0.9208494520293038,0.9208507190477616,0.9624801523888888,0.9624969084282975
training (SD),2025-09-20 13:10:00,615.3583440229182,4,0.5697885832555427,0.569873540406612,0.9208786046803057,0.9208794823947382,0.9625107737721689,0.9625269726199936
training (SD),2025-09-20 13:20:00,615.6257673137899,4,0.5695411811687422,0.5696259915455218,0.9204782969074017,0.920479459142377,0.9620923867382187,0.9621088580051783
training (SD),2025-09-20 13:30:00,615.8847188612594,4,0.5693009737949386,0.5693864896915672,0.9200862685406894,0.9200924393429581,0.9616829829666332,0.9617043349345699
training (SD),2025-09-20 13:40:00,619.5150519969961,4,0.5659651897669963,0.5660499079024647,0.9146812150023416,0.9147007348803784,0.9560349503237098,0.956068786447668
training (SD),2025-09-20 13:50:00,628.2860601668984,4,0.7086258621810876,0.7086888545880746,0.9019064005638822,0.9019313164143372,0.9815910231135336,0.9816285372267689
training (SD),2025-09-20 14:00:00,630.0878364673157,4,0.6045111315233099,0.6045931292558979,0.9303376243060443,0.9304012749322463,0.9787863538793345,0.9788215079019293
training (SD),2025-09-20 14:10:00,625.6436048122392,4,0.5648370088931002,0.5649177909895313,0.9264297786701666,0.9265046537518102,0.9537955365776627,0.9538558851329179
training (SD),2025-09-20 14:20:00,616.1949989986091,4,0.573499062060912,0.5735801227722319,0.9282468029219472,0.9283109467730591,0.9684316311118837,0.968482112668485
training (SD),2025-09-20 14:30:00,615.3418581441923,4,0.5742945146163031,0.574375363059467,0.9295342330807246,0.9295980036891659,0.9697746638461273,0.9698248649063732
training (SD),2025-09-20 14:40:00,615.5581590163022,4,0.5740927862442432,0.5741735334027102,0.9292073575720304,0.9292713524118424,0.969433511302248,0.9694840783194351
training (SD),2025-09-20 14:50:00,616.3371793841104,4,0.5733670468147596,0.573447805842961,0.9280320571353489,0.9280967983934187,0.9682072705615972,0.968258697361513
training (SD),2025-09-20 15:00:00,619.8837502364394,4,0.5700844304656862,0.5701669112030241,0.9227154705287848,0.9227868333361536,0.9626593606755819,0.962718952091103
training (SD),2025-09-20 15:10:00,624.2437038082787,4,0.5825084165504851,0.5825745783629049,0.9162650331498194,0.9163417418990986,0.9833494459021486,0.9833619522993632
training (SD),2025-09-20 15:20:00,628.6385146183376,4,0.6026073652484929,0.6027115999191051,0.9347019401312281,0.9347927717024038,0.9502448106782305,0.950327126746298
training (SD),2025-09-20 15:30:00,624.2625670171924,4,0.6048291276972748,0.6049183448030478,0.9079961584391016,0.9080658336741527,0.9569127669135847,0.9569887174459597
training (SD),2025-09-20 15:40:00,618.0607876676125,4,0.6108987589428712,0.6109882495338412,0.9171163790339804,0.9171775975130972,0.9532328840877383,0.9532658711457914
training (SD),2025-09-20 15:50:00,613.0022742029712,4,0.6159403344699075,0.6160301432054808,0.9246870479705166,0.9247461750237106,0.9611023450526393,0.9611322501911935
training (SD),2025-09-20 16:00:00,612.8595558785889,4,0.6160839259652462,0.6161735998734301,0.9249031910444337,0.9249615232602068,0.9613272606031484,0.9613560717551086
training (SD),2025-09-20 16:10:00,612.7242763728927,4,0.61621985343068,0.6163096409333786,0.925107340932749,0.9251657396467279,0.9615395674843515,0.9615683234630953
training (SD),2025-09-20 16:20:00,617.803018569521,4,0.6111520642222628,0.6112431752711605,0.9174908549980743,0.9175602761905958,0.9536207808093569,0.9536636071173892
training (SD),2025-09-20 16:30:00,623.3182920051185,4,0.6559698817400572,0.6562067016394709,0.9177911688910079,0.9178218262441664,0.9451719077229592,0.9452253571473603
training (SD),2025-09-20 01:40:00,594.3979033765368,4,0.36538133292287983,0.36537860906465575,0.8980587364225333,0.8980596555542338,0.9814931548946367,0.9814961358595732
training (SD),2025-09-20 01:50:00,604.9355734868714,4,0.35901643743037387,0.3590138994716931,0.8824156411530094,0.8824159129733776,0.9755246906544254,0.975524684922309
training (SD),2025-09-20 02:00:00,612.1297741433021,4,0.3547967587899829,0.35479450329077417,0.8720447168733684,0.8720451102310299,0.9640592074215656,0.9640595992083285
training (SD),2025-09-20 02:10:00,607.9222533238764,4,0.3572527053186189,0.3572500891013802,0.8780807067444557,0.8780806648380772,0.9707324479290107,0.9707319998527498
training (SD),2025-09-20 02:20:00,593.8713205663106,4,0.36570577925653547,0.36570258849941667,0.898856512368526,0.898855960680943,0.9957041169220162,0.9957384315347069
training (SD),2025-09-20 02:30:00,604.9479740348241,4,0.35900973738619424,0.3590065402122738,0.8850701988127115,0.8850724459377012,0.9774729879783517,0.9775063685726177
training (SD),2025-09-20 02:40:00,615.4708930101247,4,0.5598148290779215,0.5598176977023854,0.8855190178151775,0.8855299048769532,0.9614364694994183,0.9614372715547476
training (SD),2025-09-20 02:50:00,612.0813115542946,4,0.5629155600367478,0.5629178539250267,0.8904236595094428,0.8904337888666992,0.9504468156113002,0.950451478038999
training (SD),2025-09-20 03:00:00,603.0582809440365,4,0.5713376422935561,0.5713402986331488,0.9037467103084713,0.9037565664277256,0.9646678388805279,0.9646722474918056
training (SD),2025-09-20 03:10:00,601.280750417223,4,0.5730265305134354,0.5730293179827862,0.9064178087538366,0.9064282882224425,0.9675190269725409,0.9675240506920522
training (SD),2025-09-20 03:20:00,615.3340330162439,4,0.7020703837922865,0.702077976058567,0.8964351498153754,0.8964371909983653,0.9454222498260103,0.9454272899472
training (SD),2025-09-20 03:30:00,612.7815815253672,4,0.704995067637195,0.7050023785385529,0.9001694773091501,0.9001711681830996,0.9493606735382469,0.9493653281789208
training (SD),2025-09-20 03:40:00,603.911398781709,4,0.5863567840374956,0.5863618099404857,0.9133916470401858,0.9133927811191431,0.9485361882016152,0.9485421923042914
training (SD),2025-09-20 03:50:00,601.5104836179562,4,0.5079197762695522,0.5079223102546189,0.917037002261469,0.9170385672498536,0.9523218152244546,0.9523282764956503
training (SD),2025-09-20 04:00:00,610.2480888079212,4,0.500647128928797,0.5006498178116696,0.9109732330986346,0.9109816109553821,0.938686543223471,0.9386927262270481
training (SD),2025-09-20 01:40:00,591.3235243797285,4,0.3840959319865276,0.38410414664967263,0.8967202900531589,0.8967819769420738,0.9812998110225595,0.9812998679219028
training (SD),2025-09-20 01:50:00,601.9860810942367,4,0.3772904081629671,0.37730077963413394,0.8808339661219894,0.8808979075424745,0.9748001855376227,0.9748139739820041
training (SD),2025-09-20 02:00:00,609.2250739916551,4,0.372807408629119,0.3728175799423246,0.8703678788989884,0.8704308175156809,0.9632160274874284,0.9632309454179884
training (SD),2025-09-20 02:10:00,604.7894439777469,4,0.37554294430827506,0.37555188832645975,0.8767530607355672,0.8768147071447883,0.9702841906200603,0.9702954471786679
training (SD),2025-09-20 02:20:00,590.5590860730975,4,0.38459362851758,0.3846013431713403,0.8978821838166154,0.8979427998165963,0.9949660884712669,0.9952448623124495
training (SD),2025-09-20 02:30:00,601.9506415915664,4,0.37731354347706203,0.3773229930035757,0.8842764381602892,0.8842853603621516,0.9761302122757334,0.9764104491228116
training (SD),2025-09-20 02:40:00,612.607696929239,4,0.5594156332374712,0.5594200688594763,0.8848712409670478,0.8848933230152396,0.9594056574919452,0.9594246028124518
training (SD),2025-09-20 02:50:00,609.1807453131953,4,0.5625644892126823,0.5625670913544824,0.8898515158925635,0.8898712981509675,0.9495050910101858,0.949527979357376
training (SD),2025-09-20 03:00:00,600.0079423708071,4,0.5711674028425082,0.5711675059597912,0.9034594518322022,0.9034754748386512,0.9640244496600883,0.9640441756072359
training (SD),2025-09-20 03:10:00,598.4845336142635,4,0.5726182024765705,0.5726213807571525,0.9057554231841655,0.9057752209012265,0.9664746677750733,0.9664980958947759
training (SD),2025-09-20 03:20:00,612.6328877885953,4,0.7028716491582359,0.7029079205698567,0.8960741831493517,0.8960872331346851,0.9441523725983776,0.9441774571532016
training (SD),2025-09-20 03:30:00,610.0204377468707,4,0.7058817884367542,0.7059181669694754,0.8999123314469887,0.899924781821149,0.9481963802373876,0.948220955181638
training (SD),2025-09-20 03:40:00,601.1891526842837,4,0.5868343808838762,0.5868435958822809,0.9131350190299852,0.9131444020482667,0.9488125055495568,0.9488242475069134
training (SD),2025-09-20 03:50:00,598.8054445232533,4,0.5100773139980775,0.5100944713517969,0.9167684200916879,0.9167794220422727,0.9525880000069411,0.9526013008434383
training (SD),2025-09-20 04:00:00,607.7014173574408,4,0.5026100120157125,0.5026273395821407,0.9108966721693443,0.9111960715842097,0.9386398233867054,0.938656434084751
training (SD),2025-09-20 10:40:00,600.4562916156672,4,0.5537628583081409,0.5546843755407693,0.9027897940275783,0.9041719130678144,0.9772476367639267,0.9772640270494103
training (SD),2025-09-20 10:50:00,609.0428494158554,4,0.5459516544438797,0.5468641877559358,0.890049381375461,0.8914244940638645,0.9760528284560871,0.976828747244466
training (SD),2025-09-20 11:00:00,616.0173615438109,4,0.5397693797625633,0.5406726237709699,0.8799672071869781,0.8813318386727503,0.9649966960315428,0.9657691499507822
training (SD),2025-09-20 11:10:00,611.8718216968011,4,0.5434277802475364,0.5443357764551616,0.8859354789569274,0.8873030178088059,0.9702527764876808,0.9710989609544162
training (SD),2025-09-20 11:20:00,598.5299553407511,4,0.5204442782042931,0.5204398166784706,0.9056947253094378,0.9070819414454437,0.9918909879830675,0.9927457848768323
training (SD),2025-09-20 11:30:00,608.543962767733,4,0.5118731954712457,0.5118756232785199,0.8921613120661296,0.8921552872441552,0.9755564426124915,0.97640947349902
training (SD),2025-09-20 11:40:00,618.8681914946876,4,0.5033314162062523,0.5033362911766126,0.8958713006297501,0.8959039421584837,0.9600874443558123,0.960120585373711
training (SD),2025-09-20 11:50:00,615.6715406792389,4,0.5059466581207951,0.5059496820178712,0.9005250495447104,0.9005555979165281,0.9490449056246424,0.9490825743558619
training (SD),2025-09-20 12:00:00,605.0376899616155,4,0.5148438007212555,0.5148420096835219,0.9163586274157682,0.9163833288993236,0.9657307860458639,0.9657631920790954
training (SD),2025-09-20 12:10:00,604.9108249235048,4,0.5149480678520924,0.5149499850221806,0.9165459540807819,0.9165755175677268,0.9659288314547402,0.9659657369487206
training (SD),2025-09-20 12:20:00,618.3604144645341,4,0.6361069333617256,0.6361123109431562,0.9005817818365369,0.9006200572710285,0.9449155335996624,0.9449555908126547
training (SD),2025-09-20 12:30:00,616.0323030737135,4,0.6385127066299431,0.638516308768528,0.9039864197705979,0.9040236836777483,0.9484876440396267,0.9485267702196659
training (SD),2025-09-20 12:40:00,607.216152767733,4,0.6444324039616836,0.645389661842383,0.9171156241207334,0.9171491722523545,0.9505062304576525,0.9505142416537959
training (SD),2025-09-20 12:50:00,604.3759467454797,4,0.5469926415216714,0.5470033292691965,0.9214233050258711,0.921459225649355,0.9549686659709181,0.9549810909516876
training (SD),2025-09-20 13:00:00,614.7199214047288,4,0.5377852426784735,0.5377988307984854,0.9092390089591081,0.909698795593977,0.9388928662560154,0.9389114959037625
training (SD),2025-09-20 10:40:00,604.0949581525367,4,0.5549364681503447,0.5551185932074231,0.9039458429557724,0.903945041232943,0.9777821973512807,0.9777828148411054
training (SD),2025-09-20 10:50:00,612.4503652091677,4,0.5473660742013727,0.547545339806932,0.8916134175417536,0.891612892857548,0.9774062270489186,0.9775504028667433
training (SD),2025-09-20 11:00:00,619.265924778884,4,0.5413422088659655,0.5415191275913847,0.8818004296337528,0.8817999182674031,0.9666491128069223,0.9667916113095986
training (SD),2025-09-20 11:10:00,615.3740149504895,4,0.5447656579365957,0.5449439449605518,0.8873777158406814,0.8873768287075662,0.9721046571347115,0.9727692616515217
training (SD),2025-09-20 11:20:00,602.276466776993,4,0.5237371384352397,0.5237357936652207,0.9066755005600464,0.9066743795885396,0.9932448814082003,0.9939238193488509
training (SD),2025-09-20 11:30:00,612.0431684791679,4,0.5153802761603145,0.5153782601922298,0.8922069463475376,0.892206089339586,0.9773951261490085,0.9780632429088133
training (SD),2025-09-20 11:40:00,622.1841303888302,4,0.5069808146582971,0.5069781242028866,0.8973409631983724,0.8973404933371734,0.9621213822622734,0.9621218172003488
training (SD),2025-09-20 11:50:00,619.1396628282155,4,0.5094734811406689,0.5094710648845195,0.9017532436438018,0.9017529453036839,0.9516712054374403,0.9516718518059767
training (SD),2025-09-20 12:00:00,608.8694262030598,4,0.5180667365107222,0.5180646781698236,0.9169639398672884,0.9169634579803564,0.9677224376160793,0.9677243824257156
training (SD),2025-09-20 12:10:00,608.4839939780819,4,0.518394611642309,0.5183928360565808,0.9175442933237855,0.9175442904580066,0.968336009023334,0.9683373684131451
training (SD),2025-09-20 12:20:00,621.6245055771906,4,0.6379724919776496,0.6379708713892629,0.9028568586536437,0.902856375933045,0.9478673702196062,0.947867698528319
training (SD),2025-09-20 12:30:00,619.4168043254521,4,0.6402461956470876,0.6402447023242706,0.9060742491927032,0.9060743014677874,0.9512450715476456,0.9512460516661586
training (SD),2025-09-20 12:40:00,610.9065202503476,4,0.6474333978419289,0.6484190396336521,0.918695323861944,0.9186964448613181,0.9517430269138504,0.9517424059780921
training (SD),2025-09-20 12:50:00,607.9180784700974,4,0.5507751099617954,0.5507738778597117,0.9232118255523232,0.923212630407404,0.9564214330494857,0.9564210409303848
training (SD),2025-09-20 13:00:00,617.8862440615264,4,0.5418894379856836,0.5418884150893308,0.912099968220093,0.9120989717664784,0.9409923771656545,0.9409913993050055
training (SD),2025-09-20 10:40:00,587.5738932942093,4,0.15204657284877404,0.15207585551330458,0.7449266586921177,0.7449339461607007,0.9719997096707613,0.9720001372539242
training (SD),2025-09-20 10:50:00,609.4189105891188,4,0.3593227184041221,0.3593238869588835,0.8830226690981838,0.883262302247322,0.9371568731209885,0.9371581600195119
training (SD),2025-09-20 11:00:00,616.7580251168224,4,0.3550471097706263,0.35504811096321426,0.872515026669507,0.8727519190334703,0.9260047733785112,0.9260064428356902
training (SD),2025-09-20 11:10:00,613.7147349799733,4,0.3568074183887836,0.3568087244088675,0.8768414853661266,0.8770797233955365,0.930596670784562,0.9305983258613317
training (SD),2025-09-20 11:20:00,604.046704300178,4,0.36251782079346506,0.3625196035012386,0.8908756367939112,0.8911177665038729,0.9454917094101098,0.9454929575196852
training (SD),2025-09-20 11:30:00,602.7102805268136,4,0.3633218090817473,0.36332343882989143,0.8928509859975866,0.8930936925939045,0.9475878183177316,0.9475894528123713
training (SD),2025-09-20 11:40:00,619.3000354639519,4,0.5469732102677098,0.5469723756965358,0.9021336432382274,0.9021340136858623,0.9668887353836481,0.9668894233170641
training (SD),2025-09-20 11:50:00,617.1407177365522,4,0.5488872376110856,0.5488861809492037,0.9052901756768863,0.9052904963360213,0.9634845632507718,0.9634896826553965
training (SD),2025-09-20 12:00:00,608.8235974856761,4,0.5563863027118539,0.556384498014856,0.917657324651547,0.9176576416817289,0.976646821366565,0.9766518852773339
training (SD),2025-09-20 12:10:00,605.4200822022585,4,0.5595140657993221,0.5595123479129992,0.9220420617197471,0.9228164758536112,0.9821373137120861,0.9821423698447248
training (SD),2025-09-20 12:20:00,614.9989487093903,4,0.5507992831192113,0.5507977084798787,0.9095604329765256,0.9095607755127464,0.9668406575559836,0.9668450906030553
training (SD),2025-09-20 12:30:00,618.418173564753,4,0.573765872860723,0.5737683728169308,0.904531624955164,0.9045318275548149,0.9614949432193615,0.9614994185216232
training (SD),2025-09-20 12:40:00,609.5630795087894,4,0.5821007719416145,0.5821034788599763,0.917368638650995,0.9176719186772384,0.9440375379173138,0.9440405304006025
training (SD),2025-09-20 12:50:00,605.0561195761014,4,0.509816494594309,0.5098140293985337,0.9194521372939077,0.9194539216809774,0.9510692867263318,0.9510725274463144
training (SD),2025-09-20 13:00:00,613.3359318396751,4,0.5029337978824306,0.5029317252098737,0.9070392613961776,0.9070416277628784,0.9382299910454177,0.9382333938369755
training (SD),2025-09-20 10:40:00,585.9898727887183,4,0.14076909929229608,0.14079994609351967,0.7432996908487676,0.7433078623014778,0.9724217603492328,0.9724220489059904
training (SD),2025-09-20 10:50:00,607.9024361927014,4,0.3664822430497362,0.36648752843723564,0.8835434090592089,0.8835460985848768,0.9373687061402332,0.937369944269698
training (SD),2025-09-20 11:00:00,615.254805518469,4,0.362102724160136,0.36210795815482616,0.8729848382908167,0.8729876158637824,0.9261667355088079,0.9261682600840097
training (SD),2025-09-20 11:10:00,612.2130536131508,4,0.36390200928610406,0.36390707459827315,0.8773220862895285,0.8773250139773985,0.9307684106820794,0.9307698837395808
training (SD),2025-09-20 11:20:00,602.5505445594126,4,0.369737858703701,0.3697426935928528,0.8913919407705674,0.8913938103085446,0.945695821292789,0.945695722758043
training (SD),2025-09-20 11:30:00,601.2209062639074,4,0.3705556422017699,0.3705604030899149,0.893363062281591,0.893365184447757,0.9477869464393793,0.9477871890323756
training (SD),2025-09-20 11:40:00,617.756483464983,4,0.548440558565332,0.5484432138538184,0.9025147080834519,0.90252157145983,0.966886056998256,0.9668893919054062
training (SD),2025-09-20 11:50:00,615.6693408572542,4,0.5502998083530748,0.5503024573203849,0.9055745359197592,0.9055811540980777,0.9632637464311613,0.9632699537308756
training (SD),2025-09-20 12:00:00,607.3053997274144,4,0.557879351950504,0.5578813416159958,0.9180469199464933,0.9180530133382035,0.9765309322489228,0.9765363155790738
training (SD),2025-09-20 12:10:00,603.9726576546506,4,0.5609573748630959,0.5609597502082548,0.9222769692775074,0.923118861707004,0.9819190516327205,0.9819248768380391
training (SD),2025-09-20 12:20:00,613.5431498525812,4,0.5522065186991293,0.5522094921147349,0.9097731209906177,0.9097736072629744,0.9666016885812525,0.9666080985886356
training (SD),2025-09-20 12:30:00,617.0172435330442,4,0.5740030848660314,0.5740070902188381,0.9046506599713393,0.9046511592718187,0.9611592211284681,0.9611656460121685
training (SD),2025-09-20 12:40:00,608.1113098854028,4,0.58241000681546,0.5824135595208612,0.9166176887711046,0.917892462794407,0.9435829294044699,0.9435884273679191
training (SD),2025-09-20 12:50:00,603.5155513601469,4,0.5091847870837766,0.5091890579415813,0.9194031482637991,0.9194076252870983,0.950768362976655,0.9507738338576702
training (SD),2025-09-20 13:00:00,611.8310900784379,4,0.502264139456357,0.5022685509668532,0.906906515807219,0.9069117423057567,0.9378454272706834,0.9378516454367323
training (SD),2025-09-20 10:40:00,592.0544704745216,4,0.19961673914193062,0.19955063886502852,0.8289206578911401,0.8289069055736293,0.9841327911001898,0.984135752644505
training (SD),2025-09-20 10:50:00,609.5550337255229,4,0.5942904572901917,0.5942919970971037,0.9307289128818075,0.9307376970217861,0.9760370978114589,0.9760398005147962
training (SD),2025-09-20 11:00:00,617.1581572930573,4,0.6736036643827606,0.673609422620973,0.919262045388171,0.9192714081365225,0.9640110723812645,0.9640154091615408
training (SD),2025-09-20 11:10:00,613.8053377788285,4,0.6772826751547523,0.677288912970967,0.924282580775834,0.924292790204046,0.9578278712370707,0.9578311759567275
training (SD),2025-09-20 11:20:00,598.8722326972294,4,0.4239563106552741,0.42394598307099596,0.8943606028200165,0.8943681739671661,0.9817121468844148,0.9817150577265888
training (SD),2025-09-20 11:30:00,606.5651302509319,4,0.4185796149669232,0.41856919358308114,0.8830182561449864,0.8830251501194629,0.9692609006204517,0.9692642375436127
training (SD),2025-09-20 11:40:00,616.4991463166973,4,0.41183383540500734,0.4118245401337919,0.868789201218208,0.8687964426181302,0.9536415182049824,0.9536459085236018
training (SD),2025-09-20 11:50:00,613.2159103009902,4,0.4140386352298279,0.41402950112649606,0.8734400905651446,0.8734480893265822,0.9534364533154991,0.9534405871766575
training (SD),2025-09-20 12:00:00,603.9044051076615,4,0.42042295485105075,0.420413355619565,0.886907528822343,0.8869156453686972,0.9681380476046513,0.9681415347172587
training (SD),2025-09-20 12:10:00,601.9115925833194,4,0.42181516817242126,0.42180526268831514,0.8898444543041384,0.8898520510267774,0.9713432609389312,0.9713468635387889
training (SD),2025-09-20 12:20:00,616.9405049927681,4,0.6447365707433408,0.6447272429259544,0.8941597373690036,0.8941633242556473,0.9476810459879561,0.947684473384185
training (SD),2025-09-20 12:30:00,614.7947054405874,4,0.6469866970051303,0.6469775151174784,0.897280363000036,0.8972841957332067,0.9509884483189792,0.9509921481260145
training (SD),2025-09-20 12:40:00,606.1324432715843,4,0.5986049761747464,0.5986053782401738,0.910103726475904,0.9101073188473436,0.9509861334578146,0.9509885820575299
training (SD),2025-09-20 12:50:00,603.5549490570761,4,0.5476773690460092,0.547675879345552,0.9139902305182878,0.9139939514606217,0.9550465639583748,0.9550497989726526
training (SD),2025-09-20 13:00:00,612.6194166434889,4,0.539573479604033,0.5395723323124078,0.9114337380392403,0.9114394118733621,0.9409152808523449,0.9409186472151243
training (SD),2025-09-20 13:10:00,616.5811396228514,4,0.5361067022914181,0.536105414545092,0.9055776762331563,0.9055831340369623,0.9348698270096321,0.9348729562478932
training (SD),2025-09-20 13:20:00,607.7879250806631,4,0.5438640032936916,0.543861557325813,0.9163123785165369,0.9164693602313969,0.9483965988158221,0.9483982964771954
training (SD),2025-09-20 13:30:00,603.1226215648643,4,0.5480719340367832,0.5480684617674283,0.9207588681425918,0.9207688779967472,0.9557340445003745,0.9557343932322013
training (SD),2025-09-20 13:40:00,611.7561418001779,4,0.5403365482567375,0.5403337455436035,0.9077644050198479,0.9077743591075057,0.9517784882896994,0.9517852668906944
training (SD),2025-09-20 13:50:00,617.4331727121001,4,0.6241546832142114,0.6241403202136989,0.8994182616331504,0.8994277665927776,0.9411078679007487,0.9411591545742561
training (SD),2025-09-20 10:40:00,591.27043598409,4,0.16168560892219552,0.1616815675509729,0.8224118100854685,0.8224343205824525,0.984519840770885,0.9845435315488297
training (SD),2025-09-20 10:50:00,609.0350839730752,4,0.5936436365709367,0.5936384934901798,0.931294812973347,0.9313185534364707,0.9757970329353535,0.975803654315701
training (SD),2025-09-20 11:00:00,616.4550105001113,4,0.6724873940886779,0.6725003723206704,0.9200811579453428,0.9201087893465365,0.9640465052444915,0.9640584477774949
training (SD),2025-09-20 11:10:00,612.97273667668,4,0.6763113725625711,0.6763208202829674,0.9253123150118776,0.9253358909126221,0.9577523051488936,0.9577775375151434
training (SD),2025-09-20 11:20:00,598.0012222963952,4,0.4266606124606511,0.42666978007201656,0.8952662054277298,0.8952913574235812,0.9817382195271337,0.9817563851184256
training (SD),2025-09-20 11:30:00,605.5950351977526,4,0.4213086351288644,0.4213195868038828,0.8840363696329956,0.8840649195148608,0.9694233719021752,0.9694457255687352
training (SD),2025-09-20 11:40:00,615.337097694276,4,0.4146367085565878,0.41464922390680925,0.8700370611451544,0.8700683382439282,0.9540713866200283,0.9540973890538929
training (SD),2025-09-20 11:50:00,612.0207006869889,4,0.4168847480414773,0.41689611105244806,0.8747538407262465,0.874783035034165,0.9539358796327859,0.9539678142882679
training (SD),2025-09-20 12:00:00,602.8377322123944,4,0.4232383638626239,0.4232466489176308,0.8880851432320835,0.8881085198264782,0.9684738428373694,0.9684995131124892
training (SD),2025-09-20 12:10:00,600.91017775089,4,0.42459376612651134,0.42460430767703383,0.8909296140433998,0.8909573275236599,0.9715758685674589,0.9716061929900908
training (SD),2025-09-20 12:20:00,615.8523789218958,4,0.6429554741266585,0.6429696645699222,0.8951627406122564,0.895196566698104,0.9479975974107806,0.9480324670591008
training (SD),2025-09-20 12:30:00,613.704060681502,4,0.645206792208118,0.6452204293064006,0.8982969412040915,0.8983302710943888,0.9513167507153057,0.9513511275861419
training (SD),2025-09-20 12:40:00,605.0703136300417,4,0.6001191219785864,0.600130268863303,0.911119443978521,0.911148543871263,0.9499915455709447,0.9500124528147005
training (SD),2025-09-20 12:50:00,602.4526381502087,4,0.5490115217240503,0.5490208577760415,0.9150772850638907,0.9151075126776751,0.9541181210008188,0.9541402865161258
training (SD),2025-09-20 13:00:00,611.4199191421895,4,0.5409562458832886,0.5409687414677549,0.9091791170355548,0.909210508167796,0.940119348084242,0.9401465584953522
training (SD),2025-09-20 13:10:00,615.3317730307076,4,0.5375176758576008,0.5375296363091597,0.9033997672002494,0.9034303765091628,0.9341433715623316,0.934169756822146
training (SD),2025-09-20 13:20:00,606.3289307827102,4,0.5455028183237294,0.5455109386578167,0.9160048449764792,0.9168446154623683,0.9480201726704911,0.9480404176574505
training (SD),2025-09-20 13:30:00,601.740288009012,4,0.5496643629972242,0.5496707977806417,0.9217135823677729,0.9217427519002318,0.955252225869213,0.9552698136250221
training (SD),2025-09-20 13:40:00,610.4854904873165,4,0.5417863439359393,0.5417967655589,0.9085043610960901,0.9085387902600582,0.9524777361849384,0.9525001538084646
training (SD),2025-09-20 13:50:00,616.3503939419227,4,0.6236678873809978,0.6236709058786604,0.8998582997473038,0.8998935580317455,0.9407380692233629,0.9417368564429397
training (SD),2025-09-20 10:40:00,593.3966237831676,4,0.1608293989904988,0.16084983946103182,0.8290346237274878,0.8290618406731133,0.9899954614411206,0.989997738983197
training (SD),2025-09-20 10:50:00,610.6737458558158,4,0.5929167880292217,0.5929138864034641,0.8907187617528749,0.8907329822519258,0.9619785721921597,0.9619888194838201
training (SD),2025-09-20 11:00:00,617.3989144740502,4,0.6704157423353998,0.6704424135341286,0.8810129909150463,0.881030455475425,0.9514959316691806,0.95151012107957
training (SD),2025-09-20 11:10:00,614.3344025421371,4,0.6737615104597483,0.6737868115809156,0.8854115936776746,0.8854253393237181,0.9562468019815906,0.9562565818138513
training (SD),2025-09-20 11:20:00,600.7614076597874,4,0.5022357039578207,0.5022479895005801,0.9054240446623989,0.9054297428125476,0.9778608959806516,0.9778612746680947
training (SD),2025-09-20 11:30:00,607.8056846387051,4,0.49641213361807385,0.4964270930536348,0.8949238639903154,0.8949360964803106,0.9665201885271923,0.9665281696317144
training (SD),2025-09-20 11:40:00,620.0748110224175,4,0.4865879214576722,0.4866045254590388,0.8888023378261799,0.8888404853158212,0.9660559998586081,0.9660808449842472
training (SD),2025-09-20 11:50:00,616.8409525895638,4,0.48913982427522656,0.48915560469836994,0.8934630212294639,0.8935003320507588,0.9616039240048893,0.9616350410705804
training (SD),2025-09-20 12:00:00,608.4986522863819,4,0.49584881883684395,0.4958617542256459,0.9057159999868933,0.9057499041130026,0.9747925322647618,0.9748187157829737
training (SD),2025-09-20 12:10:00,605.8370045755452,4,0.49802555849006386,0.49804024331274094,0.9096928447526452,0.9097291710456357,0.9790720339627618,0.9791014254618954
training (SD),2025-09-20 12:20:00,619.4555271905424,4,0.523436091299236,0.5234410174830668,0.9057506862860121,0.9057836383935685,0.9575431892013949,0.9575762080415213
training (SD),2025-09-20 12:30:00,617.7860976077886,4,0.5248515518679289,0.5248555004615552,0.9081989946792315,0.9082313173027636,0.9601315722801448,0.9601638448556806
training (SD),2025-09-20 12:40:00,609.4406745243658,4,0.5320434364495437,0.5320426499120439,0.9206390577820875,0.9206682531971744,0.9489437464631276,0.9489657768747158
training (SD),2025-09-20 12:50:00,606.1986597596929,4,0.5348878931470953,0.5348880704663129,0.9247099404820291,0.9255920847203488,0.9540177581059115,0.9540409465575665
training (SD),2025-09-20 13:00:00,614.3533267647549,4,0.5277833204081646,0.5277881917652358,0.9145462365157118,0.9145598491451529,0.9413501787872802,0.9413774093234788
training (SD),2025-09-20 10:40:00,587.7988906319538,4,0.15797980198382375,0.15800684094443418,0.8275468306892482,0.8275516939144332,0.9907046646329828,0.9907052310384317
training (SD),2025-09-20 10:50:00,605.3571067196974,4,0.5940171928715592,0.5940161915757064,0.8901410827233103,0.8901492373801382,0.9619673598345578,0.9619700987789118
training (SD),2025-09-20 11:00:00,612.2709782499861,4,0.6675931500803292,0.6675972077808656,0.8800886145251201,0.8800975156937348,0.9511034926214665,0.9511073632987059
training (SD),2025-09-20 11:10:00,609.2289644267676,4,0.67092637339774,0.6709306670432996,0.8844836153622981,0.8844920355948688,0.9558533793430305,0.9558564509413822
training (SD),2025-09-20 11:20:00,595.6396051760584,4,0.5017239175971386,0.501720731355668,0.9046640417543105,0.9046714862587262,0.9776625651466756,0.9776640617702674
training (SD),2025-09-20 11:30:00,602.7773391277743,4,0.4957828373232873,0.4957796501868585,0.8939496571885681,0.8939588997637493,0.9660832194533675,0.9660871402204828
training (SD),2025-09-20 11:40:00,615.1083960755409,4,0.4858446115497456,0.48584077252073876,0.8870421959998904,0.8870499361833417,0.9657575768466025,0.9657626581205269
training (SD),2025-09-20 11:50:00,611.7874522140633,4,0.48848103767213025,0.48847804454277716,0.891856939266423,0.891865077503634,0.9612698493288687,0.9612683010456058
training (SD),2025-09-20 12:00:00,603.430137002114,4,0.4952441907303344,0.4952433098850786,0.9042081040702789,0.9042171247783317,0.974582235064783,0.9745815608622346
training (SD),2025-09-20 12:10:00,600.770071094793,4,0.4974371078979605,0.497436128582011,0.908211176437768,0.9082207815218433,0.9788967766945497,0.9788967744667156
training (SD),2025-09-20 12:20:00,614.4485907459946,4,0.5224521737554109,0.5224544989390544,0.9049558339691541,0.9049581731871791,0.9571040896268572,0.9571051079746754
training (SD),2025-09-20 12:30:00,612.8563423314419,4,0.5238090993527489,0.5238118763375602,0.907306464215982,0.9073093248632998,0.9595901869877582,0.9595917414407428
training (SD),2025-09-20 12:40:00,604.4874473325544,4,0.5310590800100494,0.5310638492471442,0.9198674150743198,0.9198706716783563,0.9482958472500228,0.9483008066444114
training (SD),2025-09-20 12:50:00,601.2408769192257,4,0.5339273005514755,0.5339314789222734,0.9247840645716867,0.9248377739187468,0.9534173130090262,0.9534214254512413
training (SD),2025-09-20 13:00:00,609.4159600300401,4,0.5267674064352996,0.5267689913900229,0.9138776993760419,0.91388062798063,0.9406285211634331,0.9406316399780962
training (SD),2025-09-20 10:40:00,597.050248817934,4,0.4560540425007632,0.45606207998812304,0.8941795555628215,0.8941941359954012,0.9819659744698754,0.9819748763148819
training (SD),2025-09-20 10:50:00,610.740493755563,4,0.5332011084604824,0.5332128852809788,0.9045275311756936,0.9045590083988576,0.9807049400207776,0.9807133816545214
training (SD),2025-09-20 11:00:00,617.4197811248331,4,0.527431893312899,0.5274445535905025,0.8947412938278885,0.8947734301840637,0.9700928881083706,0.9701039604742907
training (SD),2025-09-20 11:10:00,614.0625926513128,4,0.53031721171964,0.5303281859708591,0.8996348770700732,0.899665314304958,0.965597821767239,0.965618741393341
training (SD),2025-09-20 11:20:00,599.4710590018917,4,0.5432288646144102,0.5432367350236097,0.9067049187308335,0.9067311263050106,0.9891074401713862,0.9891225588770606
training (SD),2025-09-20 11:30:00,608.3522993629688,4,0.5352957579870629,0.5353061066331796,0.8934647270694549,0.8934938999741208,0.9746628594014286,0.9746825128689341
training (SD),2025-09-20 11:40:00,616.4070497663291,4,0.697631160724333,0.697631402623859,0.8817877237596811,0.8818183840079344,0.9619236307009602,0.9619460842919809
training (SD),2025-09-20 11:50:00,613.1238608901252,4,0.7013695876502959,0.7013671170641027,0.8865110239322229,0.8865403928774046,0.9584850534360747,0.9585132930800396
training (SD),2025-09-20 12:00:00,604.603958108484,4,0.6351704531939604,0.6351988504477468,0.8990074276807958,0.8990332617348034,0.971996063051751,0.972020383072473
training (SD),2025-09-20 12:10:00,602.5598044089013,4,0.5381706650696275,0.5382003367287941,0.9020544415452693,0.902083186662713,0.9752903987242618,0.97531791312275
training (SD),2025-09-20 12:20:00,617.3486412360238,4,0.5252779103849331,0.5253075296040409,0.9025780232813674,0.9026146748085797,0.9519229992100416,0.9519537773519748
training (SD),2025-09-20 10:40:00,600.0159996384268,4,0.45695633280268244,0.45696142574846615,0.8936664493447792,0.8936759729373314,0.9822193539727951,0.982229481759894
training (SD),2025-09-20 10:50:00,613.7150667834891,4,0.5331763900264731,0.5331828213837436,0.90656644004064,0.9065834083973332,0.9807309581039079,0.9807327697812739
training (SD),2025-09-20 11:00:00,620.334802876057,4,0.5274856468229212,0.5274931042337672,0.896891037599931,0.8969090472593364,0.9702624881043456,0.9702671436658513
training (SD),2025-09-20 11:10:00,617.0017370104584,4,0.5303357443670043,0.5303426412035964,0.9017366783241154,0.9017541826141432,0.9658423116549393,0.9658509794786792
training (SD),2025-09-20 11:20:00,602.458170282599,4,0.5431403432910635,0.5431453119472859,0.906119626781583,0.9061357686296937,0.9891623021258398,0.9891669852399214
training (SD),2025-09-20 11:30:00,611.2871188602103,4,0.5352942512971008,0.5353005498356703,0.8930305811224595,0.8930482589166101,0.9748727807075805,0.9748802381812922
training (SD),2025-09-20 11:40:00,619.1823286143405,4,0.6967417200406738,0.6967479922752912,0.8816423178409386,0.8816609776605603,0.9624398327492223,0.9624495152586557
training (SD),2025-09-20 11:50:00,616.0462915252824,4,0.7002894230542236,0.7002948483728939,0.8861308024722441,0.8861491493514781,0.9602234811058762,0.9602362698777921
training (SD),2025-09-20 12:00:00,607.6501488290594,4,0.6342544014370113,0.6342692269169535,0.8983766368045792,0.8983934230053708,0.9734933297946845,0.9735042346096676
training (SD),2025-09-20 12:10:00,605.5430214440674,4,0.538924449984061,0.5389387825010897,0.9015017113555571,0.9015195912825592,0.9768794913681121,0.9768917683760708
training (SD),2025-09-20 12:20:00,620.3195094287145,4,0.5260862619523781,0.5261008460456947,0.9040458099257315,0.9040552647472047,0.9536067426281944,0.953621454838772
training (SD),2025-09-20 10:10:00,472.0056427796629,4,0.2576172824525055,0.2576033363018351,0.6995143753676977,0.6995364693877373,0.8747028918430964,0.8746811524430007
training (SD),2025-09-20 10:20:00,458.31907498887404,4,0.2653039776555695,0.26529602403366037,0.7203965686425596,0.7204263992049433,0.900808527727925,0.9008013458661679
training (SD),2025-09-20 10:30:00,455.8498701118096,4,0.26624775230691866,0.2663405460739824,0.700869294870035,0.700893241782547,0.9057023572528008,0.9056807222185915
training (SD),2025-09-20 10:40:00,465.6287000445038,4,0.2606633112257817,0.26074703582861,0.6861605896088152,0.6861735395569085,0.9427048961642253,0.9426975736915006
training (SD),2025-09-20 10:50:00,466.55382521976185,4,0.2602392794485597,0.2602300029929981,0.684792177044968,0.6848129325235378,0.9408225842825515,0.9408283075727073
training (SD),2025-09-20 11:00:00,456.2903320675458,4,0.2660871459248607,0.26608344468574124,0.7001875369448027,0.7002166620122964,0.9619710537548514,0.9619906776988271
training (SD),2025-09-20 10:10:00,471.7715218624833,4,0.2584019226914152,0.2584593375170756,0.7002056015145707,0.7002149104601443,0.874853509856683,0.8748663331521613
training (SD),2025-09-20 10:20:00,458.1106253337784,4,0.2661068946722161,0.2661666162210478,0.7210870835678241,0.7210953766852684,0.9009432554091129,0.9009549191676709
training (SD),2025-09-20 10:30:00,455.58247884679565,4,0.2672045339820221,0.2673899619121041,0.7011617528535408,0.70118035184105,0.9059415124465979,0.9059545539639633
training (SD),2025-09-20 10:40:00,465.35408558633736,4,0.26159483534090755,0.2617752490840992,0.6864357110222192,0.686456813649586,0.9426121539710677,0.9426169228295995
training (SD),2025-09-20 10:50:00,466.18289047897196,4,0.26126344242756333,0.26130985103616006,0.68521755048024,0.6852363939873573,0.9409402572575605,0.9409410880156734
training (SD),2025-09-20 11:00:00,455.9244145249221,4,0.267140232275838,0.2671894239171255,0.7006378886447693,0.7006544783158395,0.9621166787082317,0.9621126270209808
training (SD),2025-09-20 10:10:00,470.9763841297213,4,0.25901494685021653,0.25901601907081095,0.7003576920444574,0.7003747000348344,0.8756511248684844,0.8756399094377848
training (SD),2025-09-20 10:20:00,457.5714581409579,4,0.26660083970107373,0.2666041028635696,0.7208732032919023,0.7208927433946917,0.9012958076821884,0.9012924888764373
training (SD),2025-09-20 10:30:00,454.8977878838451,4,0.26729879321794414,0.2673014335791444,0.7012755436427458,0.7012890674730481,0.9066012645391904,0.9065898523384099
training (SD),2025-09-20 10:40:00,464.5147787883845,4,0.2617677230471026,0.2617674106096146,0.6867615110407046,0.6867700663748858,0.9426138795208175,0.9426141676308847
training (SD),2025-09-20 10:50:00,465.40300133511346,4,0.26126551889528205,0.2612678269897511,0.6854466841834382,0.6854593643475615,0.9408076660318045,0.9408151866312906
training (SD),2025-09-20 11:00:00,455.31620603616136,4,0.26705095914462784,0.26705579380075095,0.7006288997068113,0.7006446096831395,0.9616437295582558,0.9616574278603269
training (SD),2025-09-20 10:10:00,474.73026388579694,4,0.2567792038462765,0.25684741789339377,0.7042253687743272,0.7042555189998699,0.8713696630986987,0.8713797832164302
training (SD),2025-09-20 10:20:00,459.84651301213535,4,0.265090046926835,0.2651607417357943,0.7270194455085262,0.7270500023754972,0.8995739788313188,0.8995835408676192
training (SD),2025-09-20 10:30:00,458.17597429867527,4,0.2630832196556307,0.2631381083462788,0.701624499878311,0.7016552266441748,0.902856662470328,0.9028634796145409
training (SD),2025-09-20 10:40:00,469.15029748719945,4,0.25692981030334416,0.2569828044710047,0.6852122368936909,0.6852421682589342,0.9409651733916506,0.9409684124801919
training (SD),2025-09-20 10:50:00,469.0596204914839,4,0.25697921233894827,0.2570324835046328,0.6853436168064606,0.6853746369227051,0.9411453279478235,0.9411503172636767
training (SD),2025-09-20 11:00:00,457.5764565913266,4,0.2634278219783796,0.2634828724904112,0.7025425852523444,0.702574536907558,0.9647637994262651,0.9647690659823771
training (SD),2025-09-20 10:20:00,567.0032871585915,4,0.20544423926421904,0.20534019108917106,0.7904251233889151,0.790416156122989,1.0100374037410043,1.0100360889774487
training (SD),2025-09-20 10:30:00,575.4738899287979,4,0.5398349445929921,0.5398562320034576,0.8854237858860845,0.8854503450520064,0.9951711109248345,0.9951690122203096
training (SD),2025-09-20 10:40:00,577.6472942141863,4,0.5378030601400431,0.5378250170044743,0.8820910340825462,0.8821188284090477,0.9914247027590403,0.9914246778877344
training (SD),2025-09-20 10:50:00,577.4438430788917,4,0.5379929012854124,0.5380145092150345,0.8824024285285449,0.8824296258645156,0.9917749366515405,0.9917739871386563
training (SD),2025-09-20 10:20:00,565.992020374388,4,0.17573012854298728,0.17577846585944973,0.7850206677937488,0.7850516219484729,1.0115850697917224,1.0115870655199235
training (SD),2025-09-20 10:30:00,574.8969052069426,4,0.5378080083498064,0.5378624999046862,0.8852063642891548,0.8852445880109061,0.9959155092017458,0.9959180538502325
training (SD),2025-09-20 10:40:00,577.1307824303276,4,0.535726747510665,0.5357806168646059,0.8817812478888851,0.8818181069038771,0.9920624050264428,0.9920631933496622
training (SD),2025-09-20 10:50:00,577.0218254714357,4,0.5358281147492509,0.535881786394197,0.881948345679391,0.881984617449896,0.9922505421004848,0.9922505210794021
training (SD),2025-09-20 10:20:00,566.9288823014019,4,0.17650823584372172,0.17650970805861388,0.7848168106720972,0.7848343238193128,1.0110262368564442,1.0110291044032316
training (SD),2025-09-20 10:30:00,575.801561665554,4,0.5390522336727759,0.5390598802913572,0.8855041902034814,0.8855268799067454,0.9954466521208376,0.9954498881099522
training (SD),2025-09-20 10:40:00,577.9231995577436,4,0.537073312972709,0.5370809151467488,0.8822534269514926,0.8822759853512052,0.9917923469816596,0.9917954506275909
training (SD),2025-09-20 10:50:00,577.8573851802403,4,0.5371343177605974,0.5371420853368438,0.8823537465874838,0.8823764711220048,0.9919051618916924,0.9919084099872317
training (SD),2025-09-20 10:20:00,570.6426552764797,4,0.17859195754641763,0.17862323296493068,0.7859011281102906,0.7859377466613556,1.011333412494229,1.011333890259334
training (SD),2025-09-20 10:30:00,579.5338438334445,4,0.5415335694733909,0.5415758373656868,0.887716798578486,0.8877470273228553,0.995816079372989,0.9958180400496804
training (SD),2025-09-20 10:40:00,581.6928273531375,4,0.5395235729672707,0.5395657501640672,0.8844217337017716,0.8844521075447178,0.9921197881126459,0.9921220090244
training (SD),2025-09-20 10:50:00,581.6291462644638,4,0.5395826015810923,0.5396248258390092,0.8845186545409782,0.8845489439454552,0.9922287543671517,0.9922306339274635
training (SD),2025-09-20 10:30:00,578.3345918029596,4,0.393124229905453,0.39319148590280867,0.8687324598579073,0.8688059974926724,0.9305528251488548,0.930590050226357
training (SD),2025-09-20 10:40:00,574.9193318035158,4,0.39545944047075193,0.39552720689815807,0.8651861759152181,0.8652608430945469,0.9266837736576128,0.9267259111052925
training (SD),2025-09-20 10:50:00,572.3162621272809,4,0.3972581777132421,0.3973261857959017,0.869122160047497,0.8691963144619356,0.9308999100731934,0.9309409444304207
training (SD),2025-09-20 10:30:00,579.1633945538496,4,0.3916577317142719,0.39168276580888395,0.8687888771959639,0.86881628965633,0.9308106488619684,0.9308215445434194
training (SD),2025-09-20 10:40:00,575.7795052567169,4,0.39395951967724496,0.3939847079707555,0.8658831477130248,0.8659083068376756,0.9268660567893126,0.9268802847483357
training (SD),2025-09-20 10:50:00,573.1472526005451,4,0.39576852715844657,0.3957941335404352,0.8698601997604569,0.8698851023825078,0.9311234653394502,0.93113710196313
training (SD),2025-09-20 10:30:00,574.3374224286588,4,0.3883250116170734,0.388386269909784,0.8669769078412457,0.8669989190214255,0.9300754514714953,0.9300873527241146
training (SD),2025-09-20 10:40:00,570.94049450687,4,0.3906353817724792,0.39069705391860693,0.864177308469674,0.8642120436063121,0.9264572951342488,0.9264712917706613
training (SD),2025-09-20 10:50:00,568.341925515937,4,0.3924215298868666,0.39248339626567225,0.8681288134573417,0.8681633878891882,0.9306937312932195,0.9307072973540949
training (SD),2025-09-20 10:30:00,577.8900686609925,4,0.3899110673453006,0.3899150081527313,0.8684141720815954,0.8684096031904911,0.9307940302939328,0.9307944396700588
training (SD),2025-09-20 10:40:00,574.4760374388072,4,0.39222766353419536,0.3922322188370392,0.8655162158815731,0.8655162784498334,0.9266928615028359,0.9266946183184326
training (SD),2025-09-20 10:50:00,571.8130060358255,4,0.39405440697188837,0.39405891166318796,0.8695472675838601,0.8695471364488193,0.9310088244176119,0.9310103943562401
training (SD),2025-09-20 10:40:00,575.7756382460922,4,0.5212321694161579,0.5212414866661628,0.8735047779392132,0.873515786933766,0.9734872885441821,0.9734923378195058
training (SD),2025-09-20 10:50:00,572.833510972964,4,0.40995689778567673,0.40997480303560213,0.8749642167231639,0.8749739976247335,0.9784867172201666,0.9784922868490508
training (SD),2025-09-20 11:00:00,570.3835181342827,4,0.4117176960463035,0.4117357854264722,0.8787227111424979,0.8787323110402839,0.9826899434197032,0.9826952468211878
training (SD),2025-09-20 10:40:00,576.6872787172498,4,0.5206345573171761,0.5206312545553669,0.8735987927448844,0.873614429885538,0.9739478453677899,0.9739543041067178
training (SD),2025-09-20 10:50:00,573.8130615925904,4,0.41113615427864214,0.411136506452516,0.8755420690517743,0.8755621774981931,0.9788267505306596,0.9788328199978161
training (SD),2025-09-20 11:00:00,571.4319110112922,4,0.4128492947746447,0.41284970781993663,0.8791903662951326,0.8792106356044667,0.9829055686409987,0.9829116057523722
training (SD),2025-09-20 10:40:00,582.4582051927462,4,0.5259944173410519,0.5259973672103865,0.8761591448888414,0.8761621343238992,0.9747333314298663,0.9747343527374189
training (SD),2025-09-20 10:50:00,579.657309659565,4,0.41474858799380443,0.4147512714512076,0.8783102340540584,0.878313694350111,0.9794432962504387,0.9794442546900465
training (SD),2025-09-20 11:00:00,577.3458089086054,4,0.4164090813219058,0.4164117977088299,0.8818266505556138,0.8818301704944626,0.9833645706024068,0.9833656239895292
training (SD),2025-09-20 10:40:00,573.6250230003338,4,0.519682181637374,0.5196811166653491,0.8725919862421936,0.8725974779011982,0.9738203650412767,0.9738216681702849
training (SD),2025-09-20 10:50:00,570.836667802314,4,0.40657910438897155,0.4065729417918377,0.8762219881418951,0.8762648702718521,0.9785761851557464,0.9785784766648075
training (SD),2025-09-20 11:00:00,568.3463879262391,4,0.4083607341024623,0.40835439133846907,0.8800614606806134,0.8801043329989954,0.9828642401044961,0.9828662390916791
training (SD),2025-09-20 10:40:00,569.9835803054752,4,0.16286311776070822,0.1628884802557089,0.7353169366445033,0.7353310006532537,0.9416543140756604,0.94165903438906
training (SD),2025-09-20 10:50:00,582.2512301196439,4,0.25472094520554994,0.25472045740946553,0.8450158178453959,0.8450213167767237,0.921813973597667,0.9218188989275008
training (SD),2025-09-20 11:00:00,580.0902296304541,4,0.25566988963115955,0.25566936329505363,0.8481637336820356,0.8481692606407215,0.9252479974622829,0.925252935547624
training (SD),2025-09-20 11:10:00,579.9108677510018,4,0.25574895191993435,0.2557484398222738,0.8484260679650204,0.8484315927354316,0.9255341834828049,0.9255391090179235
training (SD),2025-09-20 10:40:00,563.2393199961059,4,0.14534636073046525,0.14525129241195783,0.7304907060804393,0.7304812579944552,0.9381525520666081,0.9381679981268523
training (SD),2025-09-20 10:50:00,575.4499045950156,4,0.2564409099311469,0.2564423601225928,0.841256798840829,0.8412750806296833,0.91824663163069,0.9182608270288228
training (SD),2025-09-20 11:00:00,573.2781473353359,4,0.2574127943030393,0.2574138441393381,0.8444444801654715,0.8444620942499258,0.9217261641900605,0.9217394867800252
training (SD),2025-09-20 11:10:00,573.0590925956832,4,0.25751113130164327,0.257512241884596,0.8447672614199326,0.8447848941611263,0.9220785177366712,0.9220918263657906
training (SD),2025-09-20 10:40:00,561.9820868101913,4,0.15761965253570687,0.1576344787914957,0.7334046182806655,0.7334168342211568,0.9383322940149372,0.9383376315469748
training (SD),2025-09-20 10:50:00,574.081098389609,4,0.25245292659682317,0.2524539384548385,0.8415549445886079,0.8415618490537319,0.9185564205349351,0.9185617533629741
training (SD),2025-09-20 11:00:00,571.8679207181399,4,0.25342971208075354,0.25343095674773564,0.8448112120189532,0.844818765250652,0.9221107281104701,0.9221166657627735
training (SD),2025-09-20 11:10:00,571.6635673221339,4,0.25352053403871816,0.2535215510756321,0.8451138454424442,0.8451207638273627,0.9224410033639863,0.9224462961309376
training (SD),2025-09-20 10:40:00,561.830651248818,4,0.15103923230009564,0.1510922208402953,0.7311143310755123,0.7311449778190756,0.9383909140466714,0.9384141094386494
training (SD),2025-09-20 10:50:00,574.007005048117,4,0.25886184447080185,0.25890079655190934,0.8416126158813992,0.8416438159222389,0.9184844848949058,0.9185076237925008
training (SD),2025-09-20 11:00:00,571.738860772697,4,0.25988823231596453,0.25992788146757745,0.8449520054440334,0.8449826996924391,0.9221291345532845,0.9221514338459561
training (SD),2025-09-20 11:10:00,571.5457206275033,4,0.2599758652190534,0.26001571785048555,0.845237784708881,0.8452682412955247,0.9224411006367375,0.9224630527688097
online inference (rate sweep),2026-01-05 05:30:00,440.8704718313776,4,0.3755201226335499,0.37552397131279963,0.9100585450504293,0.9100389862067096,0.953659391447376,0.9536464917819808
online inference (rate sweep),2026-01-05 05:40:00,452.03091316982284,4,0.36923016139360665,0.3692359393689861,0.9502189774781759,0.9519767449451698,0.95862497293195,0.958662879433569
online inference (rate sweep),2026-01-05 05:50:00,463.0235630127082,4,0.3604642194557893,0.36046990300469695,0.935863809561551,0.9361323876981764,0.9774173636210963,0.9774182424419197
online inference (rate sweep),2026-01-05 06:00:00,475.73207829315095,4,0.3508369989713531,0.3508404550874766,0.9287943741130078,0.9312236815645766,0.9513053325568479,0.9513078848767476
online inference (rate sweep),2026-01-05 06:10:00,487.8342404201774,4,0.34213516250511056,0.3421368264440027,0.9081219799303837,0.9081219411842495,0.9370836508793047,0.9370838084157211
online inference (rate sweep),2026-01-05 06:20:00,500.14034028975027,4,0.333717597156408,0.33371844940839024,0.8857776716049552,0.8857773342775374,0.9735037101602694,0.9735042419175514
online inference (rate sweep),2026-01-05 06:30:00,515.159411749576,4,0.5533077503771393,0.5533078915874282,0.9195480995151347,0.9195473188846949,0.9451222583233656,0.9451224838785259
online inference (rate sweep),2026-01-05 06:40:00,523.2926570572533,4,0.5574757331974588,0.5574767496716774,0.9474199389676627,0.9474203336971229,0.9675731639085069,0.9675725556278925
online inference (rate sweep),2026-01-05 06:50:00,532.9803472805384,4,0.5473433661855767,0.547343801833996,0.9505555901608282,0.9505544023661381,0.9860009650116588,0.9860007049903782
online inference (rate sweep),2026-01-05 07:00:00,547.3483053902622,4,0.5329760894150909,0.5329759619431597,0.9435033277796325,0.9435039868079874,0.9601184362355627,0.9601180692245491
online inference (rate sweep),2026-01-05 07:10:00,561.1546460488266,4,0.5198633896301731,0.5198629141492489,0.9202900681970432,0.9202905330010821,0.9519654617981514,0.9519661638183226
online inference (rate sweep),2026-01-05 07:20:00,571.7145639407169,4,0.5102614223647789,0.5102607279628146,0.9032920871776182,0.9032922036281347,0.9343824315648543,0.9343827661583294
online inference (rate sweep),2026-01-05 07:30:00,580.8414530976281,4,0.5022432569768764,0.5022428892214418,0.8890987735570515,0.8890985751003333,0.9197006986483289,0.9197006048019467
online inference (rate sweep),2026-01-05 07:40:00,591.9645750889778,4,0.5678274334043737,0.5678259575180539,0.9124128576931151,0.9124133018230041,0.9863442947783063,0.9863460980377939
online inference (rate sweep),2026-01-05 07:50:00,592.0830407629853,4,0.5734382692469658,0.5734376322575752,0.9385228119332398,0.9385255178784457,0.9744194785834724,0.9744222008482981
online inference (rate sweep),2026-01-05 08:00:00,590.555652061784,4,0.5702210860657724,0.5702226008801418,0.9409506059324533,0.9409528814415442,0.9769401847271189,0.9769424061068192
online inference (rate sweep),2026-01-05 08:10:00,587.9750082652097,4,0.5727239759026298,0.5727253287120092,0.9450811496188982,0.9450827580217162,0.981228758306709,0.9812302420258465
online inference (rate sweep),2026-01-05 08:20:00,590.0849635478937,4,0.5706762149395563,0.570677445936659,0.9417020238281816,0.9417034440567033,0.9777203821979812,0.9777216762080636
online inference (rate sweep),2026-01-05 08:30:00,589.95909046295,4,0.4640681271938132,0.4640701846381,0.9419033884742352,0.9419043649671897,0.9779294060296305,0.9779302819327488
online inference (rate sweep),2026-01-05 08:40:00,589.2815139931598,4,0.46460212041967897,0.46460378874746905,0.9429866520580042,0.9429873995089822,0.9790540606368123,0.9790547403323392
online inference (rate sweep),2026-01-05 08:50:00,594.6392012220554,4,0.460416176285057,0.46041771796647585,0.97567107434974,0.9756707126398039,0.9723669820926744,0.9723671811505319
online inference (rate sweep),2026-01-05 09:00:00,592.6193373651429,4,0.4619853422017294,0.4619869902614661,0.9440618246373843,0.9440627870285454,0.9756810446570818,0.9756813648111363
online inference (rate sweep),2026-01-05 09:10:00,591.5222578479078,4,0.462842110471199,0.4628438244000308,0.9458126256713657,0.9458137134440636,0.9774904668797373,0.9774909333040899
online inference (rate sweep),2026-01-05 09:20:00,587.5435567913249,4,0.4659765375138679,0.46597808941219443,0.9522175276660049,0.9522185322485817,0.9841098933977943,0.9841102624826387
online inference (rate sweep),2026-01-05 09:30:00,584.5499836160157,4,0.4842876975802658,0.4842885513800366,0.9570939148456631,0.9570949943734086,0.9891495878847772,0.989150047216
online inference (rate sweep),2026-01-05 09:40:00,586.8649407549005,4,0.48237734293584966,0.4823782187609926,0.9533184720025616,0.9533196216497191,0.9852476854631859,0.9852482296013959
online inference (rate sweep),2026-01-05 09:50:00,587.7468713157602,4,0.4816533146530436,0.48165439679990585,0.9518878425213034,0.9518891389885049,0.975598970522586,0.975597626836928
online inference (rate sweep),2026-01-05 10:00:00,586.7606174262437,4,0.4415391142826793,0.4415382266517663,0.9412746311061099,0.9412736942422557,0.9772385080127932,0.9772374556282527
online inference (rate sweep),2026-01-05 10:10:00,586.894373265482,4,0.4414384799965685,0.4414375981251491,0.9410599920464224,0.9410591737788445,0.9770156637075706,0.9770147388635896
online inference (rate sweep),2026-01-05 10:20:00,586.4718374002392,4,0.44175639898868063,0.44175564104823534,0.9417379278060635,0.9417371794849667,0.9777195088342693,0.9777186495063763
online inference (rate sweep),2026-01-05 10:30:00,586.9956288131586,4,0.4413622206580429,0.4413614510406238,0.9408976754096426,0.9408968429924471,0.9768471590233319,0.9768462058156148
online inference (rate sweep),2026-01-05 10:40:00,582.9265812430478,4,0.4444430401883305,0.4444423205663671,0.9474654054497954,0.947464658109986,0.9836658303482868,0.9836649610552025
online inference (rate sweep),2026-01-05 10:50:00,581.0106772614777,4,0.44590873531570335,0.4459078853913801,0.9505898521188832,0.9505889575108609,1.003867203113358,1.0038668957555594
online inference (rate sweep),2026-01-05 11:00:00,587.2765622132309,4,0.5313740132030961,0.5313731760849679,0.9899117528575297,0.9899117668202913,0.9931566238814742,0.9931562444536023
online inference (rate sweep),2026-01-05 11:10:00,586.3875248032699,4,0.49456811241488535,0.4945670413708535,0.9824297005223779,0.9824291535014431,0.9872180007287097,0.9872175747938987
online inference (rate sweep),2026-01-05 11:20:00,585.7884672014904,4,0.4950738025494842,0.49507281122176605,0.9834343999325641,0.9834338363956394,0.9882276068608291,0.9882271545755149
online inference (rate sweep),2026-01-05 11:30:00,585.291367874423,4,0.4954942605758128,0.4954932861763198,0.9842695947891403,0.984269085854491,0.9890668773975005,0.989066475092599
online inference (rate sweep),2026-01-05 11:40:00,585.0137344210556,4,0.4957293162814446,0.4957284353772145,0.9847367369332859,0.9847361962986911,0.9895363061111155,0.989535862262392
online inference (rate sweep),2026-01-05 11:50:00,584.6990811412045,4,0.49599597734418066,0.49599520948912595,0.9852666172894327,0.9852661278206438,0.9900687772201626,0.9900683767038093
online inference (rate sweep),2026-01-05 12:00:00,580.2771397408449,4,0.49977577449982913,0.4997748892335314,0.9927747679733113,0.9927742455502649,0.9976135029974932,0.9976130894700036
online inference (rate sweep),2026-01-05 12:10:00,578.58639076968,4,0.41349463616590465,0.41349526345594534,0.975312169723777,0.9753126312699012,1.0019973899379306,1.0019971596137052
online inference (rate sweep),2026-01-05 12:20:00,583.6603301009343,4,0.40990020193167315,0.4099006215515115,0.9668333886299576,0.9668339376447688,0.9932865515159297,0.9932864891504755
online inference (rate sweep),2026-01-05 12:30:00,583.0707361041597,4,0.4103145475366788,0.4103151080465048,0.9678110230780356,0.96781158829711,0.9942909439659856,0.9942908882993565
online inference (rate sweep),2026-01-05 12:40:00,581.2123745829163,4,0.411626619492207,0.41162704468399575,0.9709054628025393,0.9709060575378853,0.9815759758867423,0.981575674018414
online inference (rate sweep),2026-01-05 12:50:00,579.6097447096936,4,0.4127646046358207,0.4127651998038124,0.9735899399852175,0.973590627744141,0.9842899637510312,0.9842897458786076
online inference (rate sweep),2026-01-05 13:00:00,578.3927723076495,4,0.4136328837660878,0.4136336820545177,0.9756383970721421,0.9756391196713935,0.9863609613229478,0.986360749379516
online inference (rate sweep),2026-01-05 13:10:00,578.5498298134141,4,0.4839355078504535,0.4839336499185053,0.9733767909507955,0.973377308527561,0.9761028085658705,0.9761030091310778
online inference (rate sweep),2026-01-05 13:20:00,570.395440087873,4,0.4484506557237107,0.4484499568897721,0.9761937582999789,0.9761937966307359,0.9085249265749067,0.9085234337641284
online inference (rate sweep),2026-01-05 13:30:00,556.3998612941798,4,0.4597302340991888,0.45973018383318015,0.7652421141273542,0.7652375547487814,0.9313772377347119,0.9313762635142776
online inference (rate sweep),2026-01-05 13:40:00,535.0307948124357,4,0.47809062945616343,0.47809175284424915,0.7958048740825575,0.7958010519162418,0.8253066839565766,0.8253141388369188
online inference (rate sweep),2026-01-05 13:50:00,512.5460145010148,4,0.4990660528867401,0.4990650659269203,0.8294600880389639,0.8307118917583082,0.8484151504396873,0.8484419953749881
online inference (rate sweep),2026-01-05 14:00:00,489.8460564083313,4,0.5221968355344172,0.5221922421772072,0.8679049259577485,0.8692079149135672,0.8877289931446462,0.8877596493340727
online inference (rate sweep),2026-01-05 14:10:00,468.9869615010289,4,0.545424018202328,0.5454177440217984,0.9065090824576043,0.9078676045845364,0.9272119890552816,0.9272444629865997
online inference (rate sweep),2026-01-05 14:20:00,448.8348563245558,4,0.5201136262117496,0.5201137733513095,0.9472106400996838,0.9486296871102097,0.9688427368518445,0.9688765414205801
online inference (rate sweep),2026-01-05 14:30:00,442.71040587548316,4,0.5273069642024434,0.5273090210583765,0.9695697232104785,0.9746449431694664,0.9822464979667407,0.9822799678827722
online inference (rate sweep),2026-01-05 14:40:00,446.503528695362,4,0.5228264575059329,0.5228294419456454,0.9639736834889837,0.9663651699143306,0.9739031817412124,0.9739353338043525
online inference (rate sweep),2026-01-05 14:50:00,453.5524690880022,4,0.5146991130199956,0.5147038251251642,0.953486022534869,0.957523534357299,0.9804853243183846,0.9804859508167211
online inference (rate sweep),2026-01-05 15:00:00,465.69980385642,4,0.5012756169409204,0.5012782672473084,0.9342473813504197,0.9342469913832728,0.954909631135258,0.9549109108839725
online inference (rate sweep),2026-01-05 15:10:00,475.982663188845,4,0.49044721975806227,0.4904489360402161,0.914064061963171,0.9140640495723774,0.9447914016888098,0.9447918389169117
online inference (rate sweep),2026-01-05 15:20:00,487.5067508689003,4,0.6131189638306833,0.6137053219606728,0.9357406606852411,0.9357407960171278,0.9609524767665971,0.9609524023690389
online inference (rate sweep),2026-01-05 15:30:00,496.690523690357,4,0.5039083560537956,0.5039083706296593,0.9347124395120802,0.9347134763648189,0.9431850538404652,0.9431844600897696
online inference (rate sweep),2026-01-05 15:40:00,507.52820667890114,4,0.49314842380560797,0.4931479850899189,0.9362950671552696,0.936292712018692,0.9850172713065263,0.9850173707234167
online inference (rate sweep),2026-01-05 15:50:00,518.2777165132641,4,0.4829202547157584,0.4829196867343891,0.9590905999368294,0.9590894614830334,0.9763243330085563,0.9763242372049271
online inference (rate sweep),2026-01-05 16:00:00,525.6834025568656,4,0.47611703504690395,0.47611644438959694,0.9553130003441455,0.9557186550168029,0.962570372727236,0.9625700445818942
online inference (rate sweep),2026-01-05 16:10:00,535.0552920525013,4,0.4677775051249486,0.46777691243812825,0.9397544009138943,0.9397547085919831,0.9575922466066639,0.9575926171075385
online inference (rate sweep),2026-01-05 16:20:00,549.7085564708991,4,0.4553082401423428,0.4553076526711293,0.9147044676199185,0.9147042085200204,0.9706611719246739,0.9706604457120473
online inference (rate sweep),2026-01-05 16:30:00,559.9057703687225,4,0.469631717471874,0.4696316895314419,0.9401184004087362,0.9401174878818992,0.9529833964001375,0.9529824136021727
online inference (rate sweep),2026-01-05 16:40:00,568.1102492978896,4,0.4628487988268204,0.4628494086167924,0.9513548811903855,0.9513535736250216,0.9694995150818283,0.9694992742988062
online inference (rate sweep),2026-01-05 16:50:00,575.0379071684787,4,0.45727225455379616,0.45727331996501913,0.9597497968885433,0.95974920457834,0.9921047937014613,0.9921050500148799
online inference (rate sweep),2026-01-05 17:00:00,579.7883707630064,4,0.4535250996004964,0.4535266765882575,0.9678469826447571,0.9678991051339108,0.9839764756929955,0.9839762927653332
online inference (rate sweep),2026-01-05 17:10:00,582.9991542766176,4,0.45102687881103704,0.451028944017823,0.9647738706068527,0.9647730863199848,0.9913875658116771,0.9913896659693123
online inference (rate sweep),2026-01-05 17:20:00,579.1902339209744,4,0.45399265147584744,0.45399503913690636,0.9711194304256648,0.9711177096092689,0.9925378051876992,0.9925399199032912
online inference (rate sweep),2026-01-05 17:30:00,579.1854727969188,4,0.48412776721113226,0.4841294862983973,0.9813055433715477,0.9813073952037561,0.9925464041000355,0.9925480789575332
online inference (rate sweep),2026-01-05 17:40:00,582.1376158648497,4,0.48167299783860323,0.48167436320034174,0.9763297673556246,0.976330977694717,0.9875136486913458,0.9875146575619247
online inference (rate sweep),2026-01-05 17:50:00,580.6314401365369,4,0.4829224887088944,0.4829238412420963,0.97886271814615,0.9788636101354576,0.9850745774324328,0.9850750449406114
online inference (rate sweep),2026-01-05 18:00:00,578.8466396304331,4,0.48441187706837,0.4844128759142312,0.9818814895897884,0.9818818124487539,0.988112448307429,0.9881123994286373
online inference (rate sweep),2026-01-05 18:10:00,576.8075615875532,4,0.4861243029046404,0.4861253286016516,0.9776401767857894,0.977640144272159,0.9877311780168385,0.9877305271197301
online inference (rate sweep),2026-01-05 18:20:00,575.5160894416329,4,0.5013333500719832,0.5013356668575651,0.9779576937876493,0.9779572814022038,0.9817389391622753,0.9817383501976035
online inference (rate sweep),2026-01-05 18:30:00,574.3183662899011,4,0.4997981674244186,0.4997958155235256,0.9799971064137906,0.9799967810004961,0.9837862447954473,0.9837857350976732
online inference (rate sweep),2026-01-05 18:40:00,568.8784652430209,4,0.49600068142579834,0.49600520759642464,0.9893682976730478,0.9893680014643019,0.9931936510266659,0.9931931874398486
online inference (rate sweep),2026-01-05 18:50:00,568.2022670373975,4,0.4965910273164316,0.4965954865354815,0.9905457718446624,0.9905454146956492,0.9943756853370596,0.9943751528950128
online inference (rate sweep),2026-01-05 19:00:00,572.7999994925623,4,0.4926047924785346,0.492609429992962,0.9825947362009543,0.9825945368927591,0.986393869770313,0.986393534673775
online inference (rate sweep),2026-01-05 19:10:00,572.2886010565827,4,0.49304504528100057,0.4930496269348233,0.9815409276728257,0.9815407997948042,0.9871812480671651,0.9872749782495535
online inference (rate sweep),2026-01-05 19:20:00,571.9196931322118,4,0.4914985325056974,0.491714166855339,0.982174264678528,0.9821739274585056,0.9843019373136441,0.9843016376842455
online inference (rate sweep),2026-01-05 19:30:00,571.1241205199499,4,0.49218339579466186,0.49239912185926205,0.9776673024853507,0.97766582468264,0.9856730160505094,0.9856727641994998
online inference (rate sweep),2026-01-05 19:40:00,570.8833383542791,4,0.4718698750402898,0.4718691343195119,0.9780796708579391,0.9780781759963917,0.9788703016222858,0.9788707767983915
online inference (rate sweep),2026-01-05 19:50:00,568.006157757542,4,0.45944832802384605,0.45944918488903636,0.9691685218975462,0.9691683840189562,0.9772513307482906,0.9772520612411857
online inference (rate sweep),2026-01-05 20:00:00,560.4847427568469,4,0.46561391580425604,0.4656147550244231,0.982174421753395,0.9821741218485085,0.9903656849617671,0.990366277832927
online inference (rate sweep),2026-01-05 20:10:00,559.9739919507313,4,0.4660386156492521,0.46603944101857014,0.9830702485082994,0.9830699602833125,0.9912689864787119,0.9912695883116704
online inference (rate sweep),2026-01-05 20:20:00,563.6707017877995,4,0.4629821714630733,0.46298302424790794,0.9766227184657909,0.9766227130143321,0.9847677156439738,0.9847685655927748
online inference (rate sweep),2026-01-05 20:30:00,562.9762249763666,4,0.4548715082202692,0.4548730854677747,0.9778278294404228,0.9778274563012013,0.9859828334691925,0.9859833574491467
online inference (rate sweep),2026-01-05 20:40:00,562.3195383904242,4,0.4467739187293352,0.4467761214969103,0.9789696414764151,0.9789693802965103,0.9871341789184402,0.9871348060483766
online inference (rate sweep),2026-01-05 20:50:00,561.4188477103376,4,0.4474905889177666,0.44749288953980504,0.966487262598956,0.9664878240077107,0.9851899462679317,0.9851902795398354
online inference (rate sweep),2026-01-05 21:00:00,562.122626226819,4,0.4469304099576481,0.4469326276552225,0.965277194392425,0.9652777795525653,0.9839564511397589,0.9839568195774772
online inference (rate sweep),2026-01-05 21:10:00,561.6090698159373,4,0.43707326363507965,0.43707481501491774,0.9661600630667945,0.9661604657814991,0.9848564126155535,0.9848565866216424
online inference (rate sweep),2026-01-05 21:20:00,556.3903130317522,4,0.4411728373115748,0.441174431961206,0.9752226389178483,0.9752227308269384,0.9940943744009986,0.9940942150858674
online inference (rate sweep),2026-01-05 21:30:00,556.6387528082078,4,0.4331335902756611,0.4331354483974642,0.9747871677302158,0.9747874680716617,0.9936504469523102,0.9936505295836888
online inference (rate sweep),2026-01-05 21:40:00,560.1973991686593,4,0.43038224861420943,0.4303839613514522,0.9685949156724687,0.9685951439362499,0.9873383547852463,0.9873383781065287
online inference (rate sweep),2026-01-05 21:50:00,560.7561982497359,4,0.4299534571387835,0.42995507949002304,0.978180658892878,0.9781812354213524,0.975891583853052,0.9758915731627416
online inference (rate sweep),2026-01-05 22:00:00,558.7966205477547,4,0.41421037574517705,0.41420761734578687,0.9743499951270805,0.97434902820366,0.9793137844777674,0.9793138117662007
online inference (rate sweep),2026-01-05 22:10:00,557.8207887529543,4,0.41493491978310826,0.41493221738007063,0.9760543459126017,0.9760535196462963,0.9810268338677628,0.9810269884241469
online inference (finite),2025-11-30 15:40:00,357.37684013874986,4,0.7880004519749604,0.7884140863243781,0.8787450624035766,0.8787287561806356,0.946291681367393,0.9462833154675826
online inference (finite),2025-11-30 15:50:00,361.82457300558906,4,0.5520468008697316,0.5520679998985248,0.8679407531498229,0.8679269724945924,1.0125921915737108,1.012598109282497
online inference (finite),2025-11-30 16:00:00,369.02361306064563,4,0.5412770445268036,0.5412980667459509,0.891336071153634,0.8913265553691208,0.9928376717853429,0.9928439957504687
online inference (finite),2025-11-30 16:10:00,372.80292902427493,4,0.5357892383893543,0.5358106194501668,0.8822997215125022,0.8822906696041409,0.9827723556727497,0.9827789697799004
online inference (finite),2025-11-30 16:20:00,376.0376502794538,4,0.5311826586143064,0.5312015118296985,0.8747148279871897,0.8747010987723544,0.9743233557871759,0.9743249864611361
online inference (finite),2025-11-30 16:30:00,375.13601311033256,4,0.5324584477443238,0.5324782514937686,0.8768158919443841,0.8768034376440222,0.9766638032595457,0.9766667707524207
online inference (finite),2025-11-30 16:40:00,383.52361192058504,4,0.5208142708263769,0.5208330390221065,0.9128818595358712,0.9128736603295913,0.9620744792310141,0.9620595389779956
online inference (finite),2025-11-30 16:50:00,380.34372779029036,4,0.7915674577546676,0.791601975823014,0.9205097282201369,0.9205057895152383,0.9978589899696295,0.9978547353010515
online inference (finite),2025-11-30 17:00:00,382.30433409103546,4,0.787509605265112,0.7875423309718225,0.9157913253242425,0.9157850754404506,0.9927440643708512,0.992737345549478
online inference (finite),2025-11-30 17:10:00,369.6401326673896,4,0.7652251751486112,0.7654519208765966,0.848574994927342,0.848553277569386,0.9199095552307516,0.9199024377660956
online inference (finite),2025-11-30 17:20:00,371.189668147314,4,0.7620307517736723,0.762256533150708,0.8450326001268754,0.8450109822874007,0.9160693943621543,0.9160622946055865
online inference (finite),2025-11-30 17:30:00,364.65623914856934,4,0.7756785582916145,0.775913639223533,0.8601670474048677,0.8601507733103781,0.9324768311050778,0.9324750892260957
online inference (finite),2025-11-30 17:40:00,364.3960062286239,4,0.7762320838115455,0.7764677569100862,0.8607809290082881,0.8607650488334514,0.9331424986536578,0.9331410150625425
online inference (finite),2025-11-30 17:50:00,359.15284687039457,4,0.787565570703437,0.7878031652786451,0.8733487780432042,0.8733310868319096,0.9467666749346909,0.9467636470096543
online inference (finite),2025-11-30 18:00:00,360.90438055084394,4,0.7837450934457199,0.7839798152393797,0.8691122243919513,0.8690926544514691,0.9421738887315338,0.9421688332458772
online inference (finite),2025-11-30 18:10:00,370.6634733962684,4,0.8406723568027815,0.8414087853434434,0.8934876558195585,0.8934667594087141,0.9565709877973618,0.9565611087095787
online inference (finite),2025-11-30 18:20:00,370.13642428813745,4,0.8321243871781164,0.8321663421341797,0.8947591184127547,0.8947389953406322,1.0027292702110966,1.0027118787103395
online inference (finite),2025-11-30 18:30:00,377.9609792077969,4,0.8149005757212857,0.8149388197058891,0.907155735636153,0.9071401938049315,0.9819758830530554,0.9819537195479607
online inference (finite),2025-11-30 18:40:00,373.8829914147874,4,0.8237878514063849,0.8238274576892183,0.914260508217431,0.9142648848416443,0.992685166282526,0.9926640095947588
online inference (finite),2025-11-30 18:50:00,383.78133826678163,4,0.8025429895434213,0.802579603483405,0.8906830648809257,0.8906845018411808,0.967085620973708,0.9670615852589772
online inference (finite),2025-11-30 19:00:00,381.61071339191363,4,0.7572322819579491,0.7572302877682222,0.8957454485129446,0.8957507692899417,0.9725820232048703,0.9725622901889686
online inference (finite),2025-11-30 19:10:00,383.63666564707194,4,0.7532359273289974,0.7532314197074996,0.8910179154101137,0.8910203864730598,0.9502886486097121,0.9502890413273976
online inference (finite),2025-11-30 19:20:00,373.17740104137704,4,0.7577168167502015,0.7577164939896867,0.8531649164439622,0.8539215998481641,0.9596313492561133,0.95962674361767
online inference (finite),2025-11-30 19:30:00,371.5741554974696,4,0.7609853852614551,0.760985842986545,0.856845197617585,0.857606048778607,0.963770914244998,0.9637672826668934
online inference (finite),2025-11-30 19:40:00,368.9733912324119,4,0.7663463319133169,0.7663497657887927,0.8628816980259364,0.8636510135868031,0.9638258663307233,0.9638068439108709
online inference (finite),2025-11-30 19:50:00,364.0463112226455,4,0.7767169329024117,0.7767217061027213,0.8745586964484917,0.8753398496312249,0.9768687983530332,0.9768512102113031
online inference (finite),2025-11-30 20:00:00,359.91120928341024,4,0.7856414397137639,0.7856456388681005,0.8846074199138966,0.88539682873145,0.988093077146422,0.988074476476701
online inference (finite),2025-11-30 20:10:00,358.50364132278514,4,0.7887285450926385,0.7887302648027082,0.8880832884373401,0.888873100838375,0.9919756911294358,0.9919538847043786
online inference (finite),2025-11-30 20:20:00,368.47108264974133,4,0.8203181955153827,0.8210712797233928,0.9060865634408126,0.9060629604884258,0.9651414685515506,0.9651207284259097
online inference (finite),2025-11-30 20:30:00,369.6535021620043,4,0.8176919915792634,0.8184448993525173,0.9031846042746311,0.9031647151923465,0.9620505503204739,0.9620335736328243
online inference (finite),2025-11-30 20:40:00,375.95851674730955,4,0.8039828871537089,0.8047191642040443,0.923407835734054,0.9234001197603506,0.9611363907725305,0.9611424815648428
online inference (finite),2025-11-30 20:50:00,374.0458910833959,4,0.8080933942827289,0.8088339708691887,0.9224190307942041,0.9224129953451764,1.0024383009166462,1.0024242341508969
online inference (finite),2025-11-30 21:00:00,383.72838674536297,4,0.7877060558138991,0.7884249219567103,0.8991482408347163,0.8991380432319818,0.9771487251418572,0.9771303840374375
online inference (finite),2025-11-30 21:10:00,384.29914147965854,4,0.791889869425153,0.7918897550311507,0.8978069346450721,0.8978026582686327,0.9756911316949487,0.9756791661383651
online inference (finite),2025-11-30 21:20:00,384.96859415755955,4,0.7905126787920704,0.7905126746013351,0.8962460590669588,0.8962413974205371,0.9268441529573129,0.9268503290968203
online inference (finite),2025-11-30 21:30:00,377.34673093073053,4,0.7563179916321421,0.7563057338268778,0.8744066826235285,0.8743940363124103,0.9455684801506911,0.9455713775677934
online inference (finite),2025-11-30 21:40:00,372.34917724264506,4,0.7531245680775639,0.7531126792170226,0.8403701168612346,0.8403538067834667,0.9547393715129029,0.9547399931463888
online inference (finite),2025-11-30 21:50:00,371.26371206412324,4,0.7553247465532398,0.7553145577260975,0.8428248591551643,0.8428107525211211,0.9575283942649091,0.9575313702280347
online inference (finite),2025-11-30 22:00:00,363.2186493868528,4,0.7720511831552325,0.7720442960482322,0.8614888010243958,0.8614784760550199,0.9787328771790986,0.9787400826714658
online inference (finite),2025-11-30 22:10:00,358.7473316903954,4,0.7816760979171823,0.7816668214816719,0.8722287621370224,0.8722156819234284,0.9900318847566038,0.9900266077931683
online inference (finite),2025-11-30 22:20:00,358.9243671064705,4,0.7812918146339904,0.7812812730941697,0.8717998006491198,0.8717854713266907,0.9895448610614548,0.9895382882793691
online inference (finite),2025-11-30 22:30:00,363.15196561744017,4,0.7721947326748174,0.7721860626602522,0.8616488007742918,0.8616366650158136,0.9780229297012832,0.9780186739301403
online inference (finite),2025-11-30 22:40:00,369.17604767399826,4,0.8322583139096786,0.8322786230948921,0.8866598285852654,0.8866364945342986,0.9620594060520549,0.9620597167287676
online inference (finite),2025-11-30 22:50:00,373.2255870756055,4,0.8232307690843959,0.8232483068624322,0.8770436295951481,0.8770163893114692,0.9516250471331245,0.9516212611016536
online inference (finite),2025-11-30 23:00:00,371.3398657995718,4,0.8274104869152741,0.8274288891017417,0.9251824930262221,0.9251791892355751,0.9564567573358764,0.9564537410588527
online inference (finite),2025-11-30 23:10:00,379.69012185084256,4,0.8092142150953711,0.8092318313154127,0.904836003957896,0.9048323782999483,0.9607915603855569,0.9607895998622406
online inference (finite),2025-11-30 23:20:00,379.530626279128,4,0.8748052398106589,0.874830051047704,0.9052126084771358,0.9052126289239827,0.961191552730446,0.9611933661881095
online inference (finite),2025-11-30 23:30:00,381.30459826344475,4,0.8216273520598528,0.821625702979878,0.9010028684971183,0.9010012403100658,0.9567214437199263,0.9567215341910803
online inference (finite),2025-11-30 23:40:00,371.578360588955,4,0.7624869659399302,0.7624613306354671,0.8323078433665263,0.8322879644386465,0.911626715613074,0.9116260519364316
online inference (finite),2025-11-30 23:50:00,367.5070405091627,4,0.7610459258007829,0.761260597877794,0.8415274466069947,0.8415082250820721,0.9217250418181634,0.9217252365544145
online inference (finite),2025-12-01 00:00:00,366.415208990295,4,0.7633112255160801,0.763528976194091,0.8440316646925756,0.8440157225357473,0.9244682851205338,0.9244717619177559
online inference (finite),2025-12-01 00:10:00,361.4553246273845,4,0.7737836844258995,0.774006108972694,0.8556109965341954,0.8555972932003132,0.9371511992275375,0.9371573491078604
online inference (finite),2025-12-01 00:20:00,356.51653535079674,4,0.7845046783197778,0.7847283411610172,0.8674660803925196,0.8674498002167899,0.9501358356212751,0.9501396997348661
online inference (finite),2025-12-01 00:30:00,358.10558888796197,4,0.7810246310342418,0.7812461968300448,0.8636177189316421,0.8636005886542777,0.9459205545235239,0.9459235609827363
online inference (finite),2025-12-01 00:40:00,363.9205156349935,4,0.7685436981763913,0.7687630055539583,0.8916544107552791,0.8916262998736452,0.9650721184812192,0.9650651875914307
online inference (finite),2025-12-01 00:50:00,370.8163834116567,4,0.8147402066591747,0.814768950955737,0.87507005628215,0.8750452173077802,0.9844878168808218,0.9844749856325619
online inference (finite),2025-12-01 01:00:00,374.4227863637627,4,0.8068945566717505,0.8069211776443221,0.940705124437943,0.9406937673654295,0.9750094296051841,0.9749926207131083
online inference (finite),2025-12-01 01:10:00,373.9862582031033,4,0.8078371011272161,0.8078630406399484,0.9129052921720635,0.912912243374154,0.9761484706670167,0.9761306618203439
online inference (finite),2025-12-01 01:20:00,380.1164662351927,4,0.794810174678742,0.7948344850774672,0.8981841330923219,0.8981895400344299,0.9604075900803635,0.9603884234408118
online inference (finite),2025-12-01 01:30:00,378.05629049413267,4,0.8597603449538346,0.8597656407812757,0.9030769224503092,0.9030841241156371,0.9656390823818718,0.9656219534248827
online inference (finite),2025-12-01 01:40:00,380.14213543143967,4,0.7932180167037661,0.7932193541882442,0.8981237903993601,0.8981288895528832,0.9372299997860748,0.9372291469797486
online inference (finite),2025-12-01 01:50:00,365.0615889505297,4,0.769746579337443,0.7697373053073494,0.8334962892382387,0.8334851432022616,0.9684684782986921,0.9684715512375508
online inference (finite),2025-12-01 02:00:00,366.70997087736373,4,0.7662880162286101,0.7662772928636112,0.8297510339848949,0.8297385806447937,0.9641165376650012,0.9641182171902287
online inference (finite),2025-12-01 02:10:00,360.3702406356887,4,0.7797666700525698,0.7797578491895356,0.8443459852278239,0.8443355650215257,0.9810753787495954,0.9810792442919362
online inference (finite),2025-12-01 02:20:00,358.1459529572883,4,0.7846107207200395,0.784600583727695,0.8495910153330992,0.8495793634735401,0.983243660984134,0.9832426826599312
online inference (finite),2025-12-01 02:30:00,354.73160858986125,4,0.7921607851991915,0.7921524807643866,0.8577663395327421,0.857756690906777,0.9927051860469508,0.9927065393731774
online inference (finite),2025-12-01 02:40:00,355.4965508522885,4,0.7904593751120308,0.790447960961394,0.855923764181403,0.8559110067723422,0.9905725597179004,0.9905704759308348
online inference (finite),2025-12-01 02:50:00,364.46624372254047,4,0.8349307875675775,0.8349262727213358,0.91694990908354,0.9169222255972242,0.9661929221887888,0.9661920510740107
online inference (finite),2025-12-01 03:00:00,365.2453968384173,4,0.6312266671845365,0.6312537095947751,0.9149899834360733,0.9149662178958956,0.9641281295612328,0.964130939411424
online inference (finite),2025-12-01 03:10:00,370.7124867985651,4,0.6219189598467313,0.6219442826374174,0.9283867997260495,0.9283883038882959,0.9499133760645273,0.9499123987179507
online inference (finite),2025-12-01 03:20:00,370.5361688935543,4,0.6222142526970511,0.622240231918902,0.9288275200644849,0.9288300731257414,1.0009914044790633,1.000994982615273
online inference (finite),2025-12-01 03:30:00,377.9658475752183,4,0.6099847747468456,0.6100088490687848,0.910572194837113,0.9105720505095118,0.9813177811614041,0.9813184136064574
online inference (finite),2025-12-01 03:40:00,378.2820446165397,4,0.6094713854761168,0.6094989570556681,0.9098051652560657,0.9098109248034982,0.9804912756359497,0.9804981526837083
online inference (finite),2025-12-01 03:50:00,376.0475863480897,4,0.5056783004493521,0.5057007740854179,0.8394611386119185,0.8394742196143455,0.849718753759103,0.8497179923065586
online inference (finite),2025-12-01 04:00:00,365.81379136425574,4,0.5198248214376783,0.5198479663655555,0.8629460757226912,0.862958864700328,0.873490425478993,0.8734892112507934
online inference (finite),2025-12-01 04:10:00,363.97505806128686,4,0.40314915811498253,0.40317934005650286,0.8673047170902936,0.8673183700248647,0.8779022653058786,0.8779019138987875
online inference (finite),2025-12-01 04:20:00,360.7013675857179,4,0.4068070625585612,0.40683855647235273,0.875173445528137,0.8751900670639996,0.8858667229134097,0.8858696661511579
online inference (finite),2025-12-01 04:30:00,358.0876412046049,4,0.40977615369031734,0.4098081218679318,0.8815616498249923,0.8815781885838545,0.892333122881188,0.892335739397523
online inference (finite),2025-12-01 04:40:00,354.52692214698845,4,0.41389261549185313,0.4139240620077222,0.8904186109559391,0.8904323885353269,0.9012985010477299,0.9012979836576294
online inference (finite),2025-12-01 04:50:00,359.1542909112396,4,0.4085603949451962,0.4085910357185281,0.8928283039504966,0.8928085114272531,0.9980665499273658,0.9980600071339331
online inference (finite),2025-12-01 05:00:00,368.08490115955726,4,0.398648415028252,0.398677650846007,0.9294146144614035,0.9294187745546028,0.973850511902137,0.9738447108800871
online inference (finite),2025-12-01 05:10:00,373.320517191758,4,0.44957237874714917,0.44960026914923834,0.9371023119961508,0.9371024154346925,0.9801925556328126,0.9801964575343539
online inference (finite),2025-12-01 05:20:00,376.30536788832654,4,0.4460074747875276,0.44603404397398183,0.9296733609032133,0.9296693277453976,0.972421704678412,0.9724215483018241
online inference (finite),2025-12-01 05:30:00,374.7254278355532,4,0.447887025599001,0.4479146397345775,0.9335914050492242,0.9335890558920138,0.9765201616387826,0.9765215309510298
online inference (finite),2025-12-01 05:40:00,380.15993363133305,4,0.4414859793144275,0.441511559109009,0.9569611863729849,0.9569515588604948,0.9774883861865223,0.9774825557951503
online inference (finite),2025-12-01 05:50:00,381.21000396957817,4,0.4402679319673449,0.4402953838056722,0.9543201184014732,0.9543155670537923,0.974790830203616,0.97479000988265
online inference (finite),2025-12-01 06:00:00,382.6011449933263,4,0.7036048751270002,0.7036292139725889,0.9526558156012052,0.9526664381163257,0.971246249675969,0.9712456650994915
online inference (finite),2025-12-01 06:10:00,376.1142267386891,4,0.7157427637560067,0.7157648495538134,0.8501029135321547,0.850095936963282,0.9139540456188407,0.9139541126522313
online inference (finite),2025-12-01 06:20:00,371.63918258856575,4,0.7721273604470201,0.772142980128965,0.8603357916711601,0.8603322549512127,0.9249555748701408,0.9249593704316121
online inference (finite),2025-12-01 06:30:00,370.8232560760268,4,0.7738269646638709,0.7738419348698966,0.8622291332380092,0.8622252535291206,0.9269910082779128,0.9269945687666427
online inference (finite),2025-12-01 06:40:00,365.43424952031364,4,0.7852349063808217,0.785253671086668,0.8749398977732973,0.8749403658916568,0.9406566572009951,0.9406648249474777
online inference (finite),2025-12-01 06:50:00,362.29446355180465,4,0.7920419850970283,0.7920589874970457,0.8825252605831919,0.8825229423880705,0.9488117196401232,0.9488169953932669
online inference (finite),2025-12-01 07:00:00,357.9289231528601,4,0.8248464720664113,0.8248355774085225,0.8932900356519824,0.8932867821025414,0.9603849939842187,0.9603894016914457
online inference (finite),2025-12-01 07:10:00,365.2092248547037,4,0.8084031298079284,0.8083928058428879,0.9087482460205928,0.9091995915770786,0.964821754053354,0.9648220233040394
online inference (finite),2025-12-01 07:20:00,368.3761507021691,4,0.8462215290696562,0.8465171656894773,0.9015376049263485,0.9015322415764965,0.9565277040368564,0.9565274586369694
online inference (finite),2025-12-01 07:30:00,374.32182667547283,4,0.800501921064961,0.800539143778465,0.8872204099471093,0.8872124285014572,0.9413371265573991,0.9413341091624442
online inference (finite),2025-12-01 07:40:00,375.35430104140596,4,0.7983010140594855,0.7983371278628777,0.9129326948845055,0.9129387497863035,0.9387499376600988,0.9387448133030596
online inference (finite),2025-12-01 07:50:00,378.5595952907316,4,0.7915414093637076,0.7915775438058502,0.9368250043554774,0.936806295733929,0.9695137749551977,0.9695133098481519
online inference (finite),2025-12-01 08:00:00,384.72627480464945,4,0.7788562697294008,0.7788895488786943,0.930480093044735,0.9304607523376572,0.953977227845537,0.9539732278265975
online inference (finite),2025-12-01 08:10:00,381.82681399810906,4,0.7847688893822851,0.7848041668070437,0.9375437037223271,0.9375263495784012,0.9612192396512095,0.961217370676622
online inference (finite),2025-12-01 08:20:00,386.0889628854656,4,0.7761055397289759,0.7761404842677898,0.9320518780352914,0.9320498656836362,0.8706441490247805,0.8706410566949189
online inference (finite),2025-12-01 08:30:00,372.4211040583378,4,0.7613058072665577,0.7613295948431501,0.8085869478756542,0.808581597291401,0.9025938444674297,0.9025935935472437
online inference (finite),2025-12-01 08:40:00,374.58151592609073,4,0.7569165994844032,0.7569386000341719,0.803925507257187,0.803918074921601,0.8973902596614454,0.8973878537326768
online inference (finite),2025-12-01 08:50:00,368.09108471901675,4,0.770262169731071,0.7702854538848999,0.8180995917367307,0.8180933026791137,0.9132125902383501,0.9132112039101521
online inference (finite),2025-12-01 09:00:00,366.0419672241686,4,0.7745744269575962,0.7745975425001814,0.822679701359426,0.8226730215338952,0.9183251681490664,0.9183233965601212
online inference (finite),2025-12-01 09:10:00,363.056428122567,4,0.7809443200035573,0.7809673271176791,0.8294453308455634,0.8294381475125847,0.9258771902845315,0.9258750887929887
online inference (finite),2025-12-01 09:20:00,360.61066158519634,4,0.786241980272751,0.7862640749926528,0.8350721014840153,0.8350636386089585,0.9900954150920682,0.9900879602067426
online inference (finite),2025-12-01 09:30:00,371.1616757194494,4,0.8322859103056757,0.8323196472297094,0.8973687255193228,0.8973464269299666,0.9619511220903378,0.9619427266180482
online inference (finite),2025-12-01 09:40:00,368.66965733789345,4,0.8379079296448094,0.8379457024771192,0.9034290675392379,0.9034120299597367,0.9684481329977462,0.9684449676054023
online inference (finite),2025-12-01 09:50:00,376.6076316074855,4,0.7888192237043367,0.7888356487855139,0.9274445882890766,0.927428578650481,0.9480391273018813,0.9480324995904691
online inference (finite),2025-12-01 10:00:00,374.677658788199,4,0.7928796653050559,0.7928989584740718,0.9322191285531298,0.9322057835535273,0.9529196895774056,0.9529158357411418
online inference (finite),2025-12-01 10:10:00,379.29965408197313,4,0.7372320351551509,0.7372454728831077,0.9208621284007552,0.9208462932454179,0.9912167237284106,0.9912180179673012
online inference (finite),2025-12-01 10:20:00,381.672340586158,4,0.7326486848931617,0.732662346997971,0.9151369811314518,0.9151218030477353,0.985054376047938,0.9850560581817848
offline inference,2025-09-18 16:30:00,609.0356336373494,4,0.8202311944201798,0.820248320051008,0.9720722566462583,0.9720798534951486,0.9929511259830445,0.9932131445073894
offline inference,2025-09-18 16:40:00,608.1603535496788,4,0.8214121600771546,0.821428842617623,0.9734714557608647,0.9734788959260204,0.9943802802659768,0.9946426025164916
offline inference,2025-09-18 16:50:00,610.0079035135286,4,0.8189248457820866,0.8189409554611745,0.9705235244269206,0.9705304900305929,0.9918493046627536,0.99185014069495
offline inference,2025-09-18 17:00:00,609.4546805725489,4,0.8196685169362521,0.8196843362871997,0.9714048771365772,0.9714114738824206,0.9927500521012669,0.9927504771257588
offline inference,2025-09-18 17:10:00,603.393261275791,4,0.741796212200008,0.7418028167682018,0.9243706009904793,0.924373993160608,0.967028201552627,0.9670279694241957
offline inference,2025-09-18 17:20:00,601.1021350244703,4,0.7446234885365431,0.744630229628301,0.927894112061857,0.9278972837935422,0.9707144094535374,0.9707138374945511
offline inference,2025-09-18 17:30:00,603.058866104947,4,0.742207619828492,0.7422141452364289,0.9248831253742664,0.9248865570523607,0.967564341534767,0.9675641848771499
offline inference,2025-09-18 17:40:00,599.5249155080363,4,0.7465820996046244,0.7465891896319921,0.9303345045177561,0.9303383795134842,0.9732673065576355,0.9732675742447102
offline inference,2025-09-18 17:50:00,595.4085093921192,4,0.7517435922339685,0.7517507959204484,0.9367665386037947,0.9367703510672861,0.9799962028901085,0.9799963403470541
offline inference,2025-09-18 18:00:00,595.3152073067297,4,0.7518618481732036,0.7518686157175771,0.9369137619495441,0.9369171684611858,0.9801502085844842,0.9801499324292084
offline inference,2025-09-18 18:10:00,597.8982743117352,4,0.8564886067506727,0.8564885645279502,0.9576677343576795,0.9576718922709597,0.991422565690141,0.9914251748301475
offline inference,2025-09-18 18:20:00,600.4314172135706,4,0.8528748849616847,0.8528751494641521,0.9536266969469829,0.953631597764967,0.9872388854930588,0.9872424795675034
offline inference,2025-09-18 18:30:00,600.3057405659065,4,0.8530529072000453,0.8530537026286773,0.9538258655762525,0.9538312447351937,0.9874450957198295,0.9874491631236971
offline inference,2025-09-18 18:40:00,603.5889838083982,4,0.8521512561797443,0.8521551391845597,0.9528959618749315,0.9529009556975232,0.9820739600710229,0.9820778991028164
offline inference,2025-09-18 18:50:00,605.0859090327604,4,0.8566747484063695,0.8566856292905768,0.9793173560307507,0.9793164664693285,0.9888165843355635,0.9888163407641957
offline inference,2025-09-18 19:00:00,605.8273071430558,4,0.8556260554441819,0.8556372362927958,0.978118537833081,0.9781180005549319,0.9876060806983551,0.9876062491129477
offline inference,2025-09-18 19:10:00,607.8272427069719,4,0.9051408070735405,0.905152005932541,0.9788076138897804,0.9788053270901059,0.9938835934263618,0.9938849164381629
offline inference,2025-09-18 19:20:00,604.6697533302741,4,0.8808816605603274,0.8808792388733916,0.9571245024342108,0.9571268345949486,0.9865430357888311,0.9865464303744315
offline inference,2025-09-18 19:30:00,603.1752944742623,4,0.8830649436064752,0.883061751638207,0.9594967820371605,0.9594982624159999,0.9889882141392969,0.988990749734403
offline inference,2025-09-18 19:40:00,602.7925285942714,4,0.8836261370107598,0.8836224850455043,0.9601065996265005,0.9601075320723771,0.9896167651645754,0.9896187467593623
offline inference,2025-09-18 19:50:00,600.3292924916574,4,0.8864210525482081,0.8868225542068842,0.9448146870647876,0.944815934737921,0.9786166371009412,0.9786181910138388
offline inference,2025-09-18 20:00:00,598.9312780396574,4,0.8883562588693792,0.8888925592184753,0.9470203987060413,0.9470213068393193,0.9809012180085848,0.9809024637245668
offline inference,2025-09-18 20:10:00,594.7721136635425,4,0.8331833822580974,0.8331877973000097,0.9536436952622911,0.9536437042119305,0.9677395078653439,0.9677403053047872
offline inference,2025-09-18 20:20:00,592.6843964208242,4,0.8361186144089185,0.8361226822764831,0.9543891220260119,0.9543904552408986,0.9711489926218672,0.971149148415993
offline inference,2025-09-18 20:30:00,589.8612303167672,4,0.8401197894289967,0.840124493370541,0.9589562092881436,0.9589583139927353,0.9757962785829636,0.9757972168376445
offline inference,2025-09-18 20:40:00,587.2155186611787,4,0.7715996704766528,0.7716083931518458,0.9515799260064011,0.9515820634229603,0.980192420868222,0.9801936913653686
offline inference,2025-09-18 20:50:00,588.7403881952168,4,0.7696015817999106,0.7696098855676589,0.9491159797609386,0.9491174142724256,0.9739679838708641,0.9739750219471853
offline inference,2025-09-18 21:00:00,582.5815860632943,4,0.7714474562966032,0.7714552772232787,0.8964295636186019,0.8964378983094072,0.9842655194492915,0.9842714672607795
offline inference,2025-09-18 21:10:00,579.8480935162268,4,0.7591661427318508,0.7591893922309134,0.9006557693425159,0.9006638435894516,0.9889059938863245,0.9889114734108958
offline inference,2025-09-18 21:20:00,582.7839227036347,4,0.755342097630661,0.7553649037890532,0.8961188585801306,0.8961266642043613,0.9839243995535005,0.9839297382354751
offline inference,2025-09-18 21:30:00,587.3743319938822,4,0.7494391861449607,0.7494616256187088,0.8891155476845433,0.8891233139717452,0.9762348434548312,0.9762401951871523
offline inference,2025-09-18 21:40:00,590.3426786171129,4,0.7456707964805375,0.7456932009964916,0.884645010729822,0.8846526458627644,0.9713262438604174,0.9713314881059801
offline inference,2025-09-18 21:50:00,592.4337294847196,4,0.7430386282479957,0.7430612063322642,0.8815218377888662,0.8815301806981445,0.975602332697693,0.9756042025625781
offline inference,2025-09-18 22:00:00,595.7941509649074,4,0.738847450469343,0.738870163444701,0.9452533925848714,0.9452550048664508,0.970098163273847,0.9701015615696391
offline inference,2025-09-18 22:10:00,602.8801557364513,4,0.8083455451789653,0.8083580590887764,0.9501659962274456,0.9501698167701174,0.9769875143164558,0.9769859979092712
offline inference,2025-09-18 22:20:00,602.5478662097156,4,0.8123317384579786,0.8123451258448425,0.9506891843131983,0.9506938107902426,0.9775254340763343,0.9775247803580662
offline inference,2025-09-18 22:30:00,600.9213293176321,4,0.8145307711169298,0.8145439316648844,0.9532627141891559,0.9532670903209954,0.9801716139170802,0.9801706843068971
offline inference,2025-09-18 22:40:00,598.4049061604983,4,0.7980278356200528,0.7980374236023555,0.9561205443551634,0.9561214309602981,0.984293001292053,0.9842925158335792
offline inference,2025-09-18 22:50:00,594.4034672510635,4,0.803400055734729,0.8034096971066733,0.9275185685260328,0.9275236661491116,0.9707930281592987,0.9707919577418722
offline inference,2025-09-18 23:00:00,595.9118954081633,4,0.8005182197462726,0.8013760310259305,0.9251701685352373,0.9251758311332701,0.9683350177416639,0.9683345979626369
offline inference,2025-09-18 23:10:00,594.0747423041628,4,0.8029938292437442,0.8038542553267326,0.9280313702069556,0.9280369015152904,0.9713298497743178,0.9713291351574994
offline inference,2025-09-18 23:20:00,595.47361527071,4,0.8011075467203869,0.801965859337417,0.9258513927663653,0.9258567785002719,0.9690481789655385,0.9690473110196259
offline inference,2025-09-18 23:30:00,592.9593647840716,4,0.8045044959793629,0.8053663335888706,0.9297773861727103,0.929782571723471,0.9731575030830404,0.9731562395870902
offline inference,2025-09-18 23:40:00,594.6008458982202,4,0.8032893989926527,0.8032895881485442,0.9272110968098248,0.9272157732698915,0.9704716100635111,0.9704697018880308
offline inference,2025-09-18 23:50:00,599.7981282015628,4,0.7963286460136286,0.7963290416502383,0.9561590724506854,0.9561599285996925,0.986998669700537,0.9869996540207558
offline inference,2025-09-19 00:00:00,603.7760494312968,4,0.8530656614470528,0.8530720158097053,0.9498606987852122,0.949860359607878,0.9804971319381629,0.980496900423346
offline inference,2025-09-19 00:10:00,602.5173317621868,4,0.8017522556401487,0.8017718266357499,0.9518451361020072,0.9518447108535572,0.9825455508549382,0.9825452544009169
offline inference,2025-09-19 00:20:00,603.716022121802,4,0.8001605515153215,0.8001798924746827,0.9499552724236124,0.9499548039487498,0.9883414869295957,0.9883399431618568
offline inference,2025-09-19 00:30:00,609.0388621972245,4,0.793167272169128,0.7931865298773509,0.9569228258237775,0.9569258506406314,0.9797027699252172,0.9797021110231596
offline inference,2025-09-19 00:40:00,609.5903515948719,4,0.792449608351978,0.792468943123493,0.958923793138073,0.9589268170110798,0.9788160592681266,0.9788157857628131
offline inference,2025-09-19 00:50:00,608.293535115406,4,0.7941392584529586,0.7941584017903724,0.9609684215160103,0.9609711459856854,0.9809030795785136,0.980902515882504
offline inference,2025-09-19 01:00:00,606.7721737068965,4,0.7961301708684844,0.7961495971633348,0.9633770176651097,0.9633805913748209,0.983361552348724,0.9833619352458817
offline inference,2025-09-19 01:10:00,610.1003160071741,4,0.8536207858081943,0.8536270530335037,0.9581211791033464,0.9581252790707648,0.9836577806381307,0.9836567945053522
offline inference,2025-09-19 01:20:00,606.0242069313126,4,0.8593621697870827,0.8593685348728012,0.9638988690213643,0.964057062014838,0.9902739003081973,0.9902728542959647
offline inference,2025-09-19 01:30:00,604.1436493812569,4,0.8620375224967917,0.8620435476585692,0.9668997350812308,0.967057945643282,0.9933569098862003,0.993355341539965
offline inference,2025-09-19 01:40:00,605.1505239363181,4,0.8913947177778883,0.8914003829017026,0.9654500420112863,0.9654489145010723,0.9789571076068748,0.9789575069783999
offline inference,2025-09-19 01:50:00,600.7758543033926,4,0.8181549519778109,0.8181713757987956,0.9338823967456238,0.9338835099279752,0.9860856951228698,0.9860859820111866
offline inference,2025-09-19 02:00:00,598.421987416574,4,0.8213736893241496,0.8213896173569805,0.9375567995365558,0.9375569001382101,0.9899654965794819,0.989964708377229
offline inference,2025-09-19 02:10:00,592.5659044146273,4,0.7365211954200069,0.7365402084782027,0.9221634469943738,0.9221678283245559,0.9830285365911768,0.983030348016565
offline inference,2025-09-19 02:20:00,593.3838539349276,4,0.7355063713857882,0.7355249251903081,0.9208928283166122,0.9208966667858445,0.9816740602539398,0.9816752905840637
offline inference,2025-09-19 02:30:00,593.1044390764482,4,0.7358527312516685,0.735871435145958,0.9213263988462024,0.9213305064182451,0.9821362474483201,0.9821377633701692
offline inference,2025-09-19 02:40:00,591.5412337036626,4,0.7377970505848495,0.7378160471451883,0.9237604795615638,0.9237652120916384,0.9847309627930405,0.9847331581474758
offline inference,2025-09-19 02:50:00,594.3075064102565,4,0.7343627562364529,0.73438179741472,0.9194604512070506,0.9194654405660436,0.9785737911163837,0.9785762476925877
offline inference,2025-09-19 03:00:00,590.307068941543,4,0.7393392858788895,0.7393586113701868,0.9236933668582501,0.9237941700239877,0.9852054904692251,0.9852079370170639
offline inference,2025-09-19 03:10:00,594.2506830816508,4,0.8376349160304724,0.837647412672039,0.9176535627406883,0.9176636129120236,0.9786666511898784,0.9786698209290542
offline inference,2025-09-19 03:20:00,596.6779453435665,4,0.8342267161641406,0.8342398961559064,0.913919797130607,0.913930593660789,0.9746844724327296,0.9746886308385622
offline inference,2025-09-19 03:30:00,592.4562471978861,4,0.787308211746528,0.7873238025978081,0.9204327523289519,0.9204430392815196,0.9816304550173867,0.9816340233546994
offline inference,2025-09-19 03:40:00,592.2282892365457,4,0.7876117839448681,0.7876268558835374,0.9207878202673239,0.9207973322502582,0.982009277279612,0.9820118696933718
offline inference,2025-09-19 03:50:00,590.9579005659696,4,0.7893047186274657,0.7893200259611312,0.9227670666079297,0.9227767803592811,0.9992936849137692,0.9992938912682499
offline inference,2025-09-19 04:00:00,595.1275496092446,4,0.7837748060984977,0.7837898039217589,0.9386906298478419,0.9386971330757574,0.9922917541066966,0.9922925269045717
offline inference,2025-09-19 04:10:00,598.793779132829,4,0.7789758778272317,0.7789909008276356,0.9329431957214271,0.9329497802091825,0.9862161353857497,0.986217025980968
offline inference,2025-09-19 04:20:00,594.5489005868283,4,0.7689943043656072,0.7690085076601935,0.928693124394464,0.928703846404999,0.9785699383930297,0.9785726137340601
offline inference,2025-09-19 04:30:00,596.5166009635439,4,0.7664576131007598,0.7664718165978219,0.9256295661703011,0.9256403760749587,0.9753417614866705,0.9753446437201867
offline inference,2025-09-19 04:40:00,595.3372229915742,4,0.7679758809868175,0.7679902164924037,0.9274632066760171,0.9274740928783912,0.9772738431349437,0.9772768259245882
offline inference,2025-09-19 04:50:00,597.9786265572859,4,0.7645841011495941,0.7645978342128669,0.9233667161041395,0.9233772351192127,0.9729570310862743,0.9729599785022208
offline inference,2025-09-19 05:00:00,599.5364180964962,4,0.7625974907685624,0.7626111591734807,0.9209675013658851,0.9209779993080921,0.9704289014089132,0.9704319105204406
offline inference,2025-09-19 05:10:00,591.1263271482202,4,0.7378558461374123,0.7378705242598667,0.9340711360176801,0.9340809662710238,0.9831512940797926,0.9831522804765069
offline inference,2025-09-19 05:20:00,595.9312970036151,4,0.7319059983079839,0.73192110417725,0.9448531761756165,0.944855070211612,0.9685113182737581,0.9685093286669925
