model,training_fraction,offline_fraction,hours,coverage,n_windows,combined_mw,incremental_shift_mw,combined_actual_coverage,combined_linear_quantile_mw
power_curves,0.0,0.0,1,0.5,4439,3.49826010564717,0.0,0.5001126379815274,3.49826010564717
power_curves,0.0,0.0,1,0.8,4439,2.9202154626471115,0.0,0.8001802207704438,2.920565369714956
power_curves,0.0,0.0,1,0.9,4439,2.7081581690572256,0.0,0.9002027483667493,2.708771272075986
power_curves,0.0,0.0,1,0.95,4439,2.516799412165224,0.0,0.950214012164902,2.5179440296630315
power_curves,0.0,0.0,1,0.99,4439,2.0701306642300734,0.0,0.9900878576255914,2.0719373401127688
power_curves,0.0,0.0,4,0.5,4433,3.2554375497855665,0.0,0.500112790435371,3.2554375497855665
power_curves,0.0,0.0,4,0.8,4433,2.7675125578673416,0.0,0.8003609293931875,2.7675125578673416
power_curves,0.0,0.0,4,0.9,4433,2.538929908731841,0.0,0.900518836002707,2.538929908731841
power_curves,0.0,0.0,4,0.95,4433,2.3198574507836445,0.0,0.9503722084367245,2.3198574507836445
power_curves,0.0,0.0,4,0.99,4433,1.9157409798255591,0.0,0.990300022558087,1.9157409798255591
power_curves,0.0,0.0,24,0.5,4393,2.8332109698906085,0.0,0.5001138174368314,2.8332109698906085
power_curves,0.0,0.0,24,0.8,4393,2.414909175807172,0.0,0.8017300250398361,2.414909175807172
power_curves,0.0,0.0,24,0.9,4393,2.1824611624210566,0.0,0.901206464830412,2.1824611624210566
power_curves,0.0,0.0,24,0.95,4393,1.9504805665157359,0.0,0.9501479626678807,1.9504805665157359
power_curves,0.0,0.0,24,0.99,4393,1.6368206966841712,0.0,0.9943091281584339,1.6368206966841712
power_curves,0.0,0.25,1,0.5,4439,3.536632658723172,0.018846502008425144,0.5001126379815274,3.536632658723172
power_curves,0.0,0.25,1,0.8,4439,2.96097381366932,0.007450542749011374,0.8001802207704438,2.9619545951665978
power_curves,0.0,0.25,1,0.9,4439,2.7464446958920656,0.002881298222547934,0.9002027483667493,2.746490632881714
power_curves,0.0,0.25,1,0.95,4439,2.564367137189775,0.001530366170344712,0.950214012164902,2.5646230258303504
power_curves,0.0,0.25,1,0.99,4439,2.154343101606763,0.00047568938818710616,0.9900878576255914,2.158477201698116
power_curves,0.0,0.25,4,0.5,4433,3.2974916285296563,0.014978468194964553,0.500112790435371,3.2974916285296563
power_curves,0.0,0.25,4,0.8,4433,2.802974165436513,0.005316809438584762,0.8001353485224453,2.802974165436513
power_curves,0.0,0.25,4,0.9,4433,2.5790481451699017,0.0017679999999999996,0.900518836002707,2.5790481451699017
power_curves,0.0,0.25,4,0.95,4433,2.371854885496136,0.000870471375492492,0.9503722084367245,2.371854885496136
power_curves,0.0,0.25,4,0.99,4433,1.9876199703723496,0.00020904773807773025,0.9905256034288292,1.9876199703723496
power_curves,0.0,0.25,24,0.5,4393,2.867850166791635,0.009440136862718164,0.501024356931482,2.867850166791635
power_curves,0.0,0.25,24,0.8,4393,2.4586403269034047,0.0013716770915261978,0.8008194855451856,2.4586403269034047
power_curves,0.0,0.25,24,0.9,4393,2.2439589268572293,0.0004919096640838012,0.9009788299567494,2.2439589268572293
power_curves,0.0,0.25,24,0.95,4393,1.9924211393855715,0.00030036281605058196,0.9515137719098566,1.9924211393855715
power_curves,0.0,0.25,24,0.99,4393,1.722676868664622,0.000136,0.9943091281584339,1.722676868664622
power_curves,0.0,0.5,1,0.5,4439,3.5772953041998288,0.03769300401685029,0.5001126379815274,3.5772953041998288
power_curves,0.0,0.5,1,0.8,4439,3.002161522178682,0.014901085498022748,0.8001802207704438,3.0021731706211674
power_curves,0.0,0.5,1,0.9,4439,2.7856174680226284,0.005762596445095868,0.9002027483667493,2.785883211138462
power_curves,0.0,0.5,1,0.95,4439,2.5998709238631363,0.003060732340689424,0.950214012164902,2.6023606219563056
power_curves,0.0,0.5,1,0.99,4439,2.2229004316195695,0.0009513787763742123,0.9900878576255914,2.224219017748687
power_curves,0.0,0.5,4,0.5,4433,3.337873756890213,0.029956936389929106,0.500112790435371,3.337873756890213
power_curves,0.0,0.5,4,0.8,4433,2.8361504224105483,0.010633618877169524,0.8001353485224453,2.8361504224105483
power_curves,0.0,0.5,4,0.9,4433,2.6231133923660113,0.003535999999999999,0.9002932551319648,2.6231133923660113
power_curves,0.0,0.5,4,0.95,4433,2.4089782939221793,0.001740942750984984,0.9505977893074667,2.4089782939221793
power_curves,0.0,0.5,4,0.99,4433,2.0632534116772105,0.0004180954761554605,0.9907511842995714,2.066050167062359
power_curves,0.0,0.5,24,0.5,4393,2.923221804867916,0.01888027372543633,0.5001138174368314,2.923221804867916
power_curves,0.0,0.5,24,0.8,4393,2.5013840564933223,0.0027433541830523957,0.8044616435237878,2.5013840564933223
power_curves,0.0,0.5,24,0.9,4393,2.2625448174766913,0.0009838193281676024,0.9041657181880264,2.2625448174766913
power_curves,0.0,0.5,24,0.95,4393,2.1033515100772844,0.0006007256321011639,0.9501479626678807,2.1033515100772844
power_curves,0.0,0.5,24,0.99,4393,1.8085330406450728,0.000272,0.9945367630320965,1.8085330406450728
power_curves,0.0,0.75,1,0.5,4439,3.619516003106913,0.05653950602527543,0.5001126379815274,3.619516003106913
power_curves,0.0,0.75,1,0.8,4439,3.035171151391769,0.02235162824703412,0.8001802207704438,3.0354726447503633
power_curves,0.0,0.75,1,0.9,4439,2.8224126028024523,0.008643894667643802,0.9002027483667493,2.8225102176732193
power_curves,0.0,0.75,1,0.95,4439,2.6398038665736503,0.004591098511034136,0.950214012164902,2.640138715849106
power_curves,0.0,0.75,1,0.99,4439,2.2996447237524436,0.0014270681645613184,0.9900878576255914,2.300708563860094
power_curves,0.0,0.75,4,0.5,4433,3.3753872297246,0.04493540458489366,0.500112790435371,3.3753872297246
power_curves,0.0,0.75,4,0.8,4433,2.866584855642197,0.015950428315754286,0.8005865102639296,2.866584855642197
power_curves,0.0,0.75,4,0.9,4433,2.6568800076249315,0.005303999999999999,0.900518836002707,2.6568800076249315
power_curves,0.0,0.75,4,0.95,4433,2.4404500998096816,0.002611414126477476,0.9501466275659824,2.4418734858671693
power_curves,0.0,0.75,4,0.99,4433,2.1474034678718175,0.0006271432142331908,0.9900744416873449,2.1474034678718175
power_curves,0.0,0.75,24,0.5,4393,2.939595309343695,0.028320410588154495,0.5030730707944457,2.939595309343695
power_curves,0.0,0.75,24,0.8,4393,2.525566167521564,0.004115031274578593,0.8028681994081494,2.525566167521564
power_curves,0.0,0.75,24,0.9,4393,2.299147343826832,0.0014757289922514036,0.9014340997040746,2.299147343826832
power_curves,0.0,0.75,24,0.95,4393,2.1700334156028642,0.0009010884481517459,0.9503755975415433,2.1700334156028642
power_curves,0.0,0.75,24,0.99,4393,1.8943892126255237,0.000408,0.9945367630320965,1.8943892126255237
power_curves,0.0,1.0,1,0.5,4439,3.6628070748567607,0.07538600803370057,0.5001126379815274,3.6628070748567607
power_curves,0.0,1.0,1,0.8,4439,3.070078284572462,0.029802170996045495,0.8001802207704438,3.0705869664193663
power_curves,0.0,1.0,1,0.9,4439,2.8557512336020845,0.011525192890191736,0.9002027483667493,2.8560082736958567
power_curves,0.0,1.0,1,0.95,4439,2.6712684368819297,0.006121464681378848,0.950214012164902,2.6725262100541407
power_curves,0.0,1.0,1,0.99,4439,2.3769782090396037,0.0019027575527484247,0.9900878576255914,2.3771830058233285
power_curves,0.0,1.0,4,0.5,4433,3.4083677343757084,0.05991387277985821,0.5005639521768555,3.4083677343757084
power_curves,0.0,1.0,4,0.8,4433,2.892521320071672,0.021267237754339047,0.8003609293931875,2.892521320071672
power_curves,0.0,1.0,4,0.9,4433,2.680572307040552,0.007071999999999998,0.9000676742612227,2.6808799791695446
power_curves,0.0,1.0,4,0.95,4433,2.4916457857451078,0.003481885501969968,0.9505977893074667,2.4916457857451078
power_curves,0.0,1.0,4,0.99,4433,2.203206477548661,0.000836190952310921,0.9905256034288292,2.203206477548661
power_curves,0.0,1.0,24,0.5,4393,2.995550991115497,0.03776054745087266,0.5030730707944457,2.995550991115497
power_curves,0.0,1.0,24,0.8,4393,2.5894198163144684,0.005486708366104791,0.8019576599134988,2.5894198163144684
power_curves,0.0,1.0,24,0.9,4393,2.348923193159701,0.001967638656335205,0.9041657181880264,2.348923193159701
power_curves,0.0,1.0,24,0.95,4393,2.229365318633935,0.0012014512642023278,0.9519690416571819,2.229365318633935
power_curves,0.0,1.0,24,0.99,4393,1.9715488362158067,0.000544,0.9945367630320965,1.9715488362158067
power_curves,0.25,0.0,1,0.5,4439,5.343781703436557,1.8402957640877613,0.5001126379815274,5.343781703436557
power_curves,0.25,0.0,1,0.8,4439,4.756849358278247,1.6166373634738804,0.8001802207704438,4.757121593679529
power_curves,0.25,0.0,1,0.9,4439,4.4449828272288014,1.531178625765395,0.9002027483667493,4.447421229903172
power_curves,0.25,0.0,1,0.95,4439,4.184127903407294,1.4792140896963548,0.950214012164902,4.184340357258478
power_curves,0.25,0.0,1,0.99,4439,3.656470425439802,1.3888577455840674,0.9900878576255914,3.6581501397990914
power_curves,0.25,0.0,4,0.5,4433,5.106572423737692,1.8057345890626915,0.5003383713061132,5.106572423737692
power_curves,0.25,0.0,4,0.8,4433,4.5740197492881425,1.5865343729837458,0.8003609293931875,4.574276478708934
power_curves,0.25,0.0,4,0.9,4433,4.27398877155955,1.5009009393811112,0.9002932551319648,4.27398877155955
power_curves,0.25,0.0,4,0.95,4433,3.9187718475546554,1.4544287272062995,0.9501466275659824,3.9187718475546554
power_curves,0.25,0.0,4,0.99,4433,3.4952156390962963,1.3657248469264505,0.9900744416873449,3.497289928062798
power_curves,0.25,0.0,24,0.5,4393,4.6679243758130085,1.7152656664529138,0.501024356931482,4.6679243758130085
power_curves,0.25,0.0,24,0.8,4393,4.27398877155955,1.522750659886742,0.8021852947871614,4.27398877155955
power_curves,0.25,0.0,24,0.9,4393,3.822348184724685,1.4483689401527793,0.9041657181880264,3.822348184724685
power_curves,0.25,0.0,24,0.95,4393,3.5236598352127517,1.3730121054120528,0.9503755975415433,3.5236598352127517
power_curves,0.25,0.0,24,0.99,4393,3.284240942767126,1.3162772658189545,0.992943318916458,3.284240942767126
power_curves,0.25,0.25,1,0.5,4439,5.3759129131672605,1.8625786808986646,0.5001126379815274,5.3759129131672605
power_curves,0.25,0.25,1,0.8,4439,4.804468611073524,1.6729390998479594,0.8001802207704438,4.804551027632627
power_curves,0.25,0.25,1,0.9,4439,4.517828875443637,1.5974111823764445,0.9002027483667493,4.517921219056178
power_curves,0.25,0.25,1,0.95,4439,4.2471044746813735,1.541459316241541,0.950214012164902,4.248785050433762
power_curves,0.25,0.25,1,0.99,4439,3.737643539402611,1.4488275840504234,0.9900878576255914,3.7379379145932026
power_curves,0.25,0.25,4,0.5,4433,5.134929990926745,1.8262078801860362,0.500112790435371,5.134929990926745
power_curves,0.25,0.25,4,0.8,4433,4.6185950938864355,1.6408443407854707,0.8005865102639296,4.618734101462045
power_curves,0.25,0.25,4,0.9,4433,4.34007930704412,1.5699661426855889,0.9000676742612227,4.340353587620072
power_curves,0.25,0.25,4,0.95,4433,3.9606010611064573,1.5157064288676834,0.9501466275659824,3.9623642478021117
power_curves,0.25,0.25,4,0.99,4433,3.569571687749468,1.4301308391236442,0.9900744416873449,3.569571687749468
power_curves,0.25,0.25,24,0.5,4393,4.701440714773716,1.7266847624074977,0.500341452310494,4.701440714773716
power_curves,0.25,0.25,24,0.8,4393,4.323070257648197,1.565473533236455,0.8042340086501252,4.323070257648197
power_curves,0.25,0.25,24,0.9,4393,3.888308016304168,1.5001569178734122,0.9016617345777374,3.888308016304168
power_curves,0.25,0.25,24,0.95,4393,3.576457365589452,1.4515332578068791,0.954473025267471,3.576457365589452
power_curves,0.25,0.25,24,0.99,4393,3.35977183185933,1.3664891400100065,0.9943091281584339,3.35977183185933
power_curves,0.25,0.5,1,0.5,4439,5.41046264218731,1.8958287819668518,0.5001126379815274,5.41046264218731
power_curves,0.25,0.5,1,0.8,4439,4.845321924854041,1.7302643709168575,0.8001802207704438,4.845429434240371
power_curves,0.25,0.5,1,0.9,4439,4.5690153288328474,1.6527761582280662,0.9002027483667493,4.569443417842724
power_curves,0.25,0.5,1,0.95,4439,4.30264839384625,1.5933793376727785,0.950214012164902,4.305116460577635
power_curves,0.25,0.5,1,0.99,4439,3.7981155122163885,1.4944132230100335,0.9900878576255914,3.798216426529677
power_curves,0.25,0.5,4,0.5,4433,5.172898269492048,1.8615903570621752,0.500112790435371,5.172898269492048
power_curves,0.25,0.5,4,0.8,4433,4.6614636189225065,1.6965410672402135,0.8005865102639296,4.661850341916647
power_curves,0.25,0.5,4,0.9,4433,4.397693329364241,1.623914721177663,0.900518836002707,4.397794415447347
power_curves,0.25,0.5,4,0.95,4433,4.0289050361531995,1.556922519227779,0.9501466275659824,4.0289050361531995
power_curves,0.25,0.5,4,0.99,4433,3.6495402310547185,1.4771316802870835,0.9900744416873449,3.6495402310547185
power_curves,0.25,0.5,24,0.5,4393,4.72888129775535,1.748953263617893,0.5023901661734578,4.72888129775535
power_curves,0.25,0.5,24,0.8,4393,4.3761764579581985,1.6141014430019038,0.8044616435237878,4.3761764579581985
power_curves,0.25,0.5,24,0.9,4393,3.9485117154700324,1.541738525582277,0.9002959253357614,3.949395206073566
power_curves,0.25,0.5,24,0.95,4393,3.679496902847664,1.501738252716397,0.9531072160254951,3.679496902847664
power_curves,0.25,0.5,24,0.99,4393,3.3652647023264803,1.3767726049193925,0.9943091281584339,3.3652647023264803
power_curves,0.25,0.75,1,0.5,4439,5.442162463759045,1.9309166060665919,0.5001126379815274,5.442162463759045
power_curves,0.25,0.75,1,0.8,4439,4.88306000961053,1.7772306726351086,0.8001802207704438,4.883336472240515
power_curves,0.25,0.75,1,0.9,4439,4.626277452973183,1.6918624534529045,0.9002027483667493,4.626603758094738
power_curves,0.25,0.75,1,0.95,4439,4.35016264087858,1.6209418107648428,0.950214012164902,4.350664383008423
power_curves,0.25,0.75,1,0.99,4439,3.8571436922037887,1.5073910054643849,0.9900878576255914,3.8591603797409113
power_curves,0.25,0.75,4,0.5,4433,5.2145375381558114,1.8884922276045208,0.500112790435371,5.2145375381558114
power_curves,0.25,0.75,4,0.8,4433,4.706796547438243,1.7434017971825846,0.8001353485224453,4.706796547438243
power_curves,0.25,0.75,4,0.9,4433,4.4520842591523975,1.66245261931548,0.9007444168734491,4.452167156530346
power_curves,0.25,0.75,4,0.95,4433,4.1066213675827905,1.594457639031193,0.9501466275659824,4.1066213675827905
power_curves,0.25,0.75,4,0.99,4433,3.7109682035235783,1.4958923500569823,0.9900744416873449,3.7109682035235783
power_curves,0.25,0.75,24,0.5,4393,4.779741456685571,1.7746992828359973,0.5005690871841566,4.779741456685571
power_curves,0.25,0.75,24,0.8,4393,4.4195983876242195,1.6551276305110347,0.8026405645344867,4.4195983876242195
power_curves,0.25,0.75,24,0.9,4393,3.9622355858310367,1.5824005090918272,0.9009788299567494,3.9622355858310367
power_curves,0.25,0.75,24,0.95,4393,3.7550070848313144,1.5263852121396821,0.9533348508991577,3.7550070848313144
power_curves,0.25,0.75,24,0.99,4393,3.3707575727936305,1.3822964839158633,0.9945367630320965,3.3707575727936305
power_curves,0.25,1.0,1,0.5,4439,5.476649194026878,1.9677483892463956,0.5001126379815274,5.476649194026878
power_curves,0.25,1.0,1,0.8,4439,4.924490317233442,1.8138351639663377,0.8001802207704438,4.924559494399252
power_curves,0.25,1.0,1,0.9,4439,4.674198762206875,1.7201395463803228,0.9002027483667493,4.674214488562901
power_curves,0.25,1.0,1,0.95,4439,4.396978295236414,1.6446821660332718,0.950214012164902,4.398325302883292
power_curves,0.25,1.0,1,0.99,4439,3.922278891747813,1.5185248710087709,0.9900878576255914,3.9233517678104186
power_curves,0.25,1.0,4,0.5,4433,5.255799022890691,1.9259934454361884,0.5003383713061132,5.255799022890691
power_curves,0.25,1.0,4,0.8,4433,4.742398144877106,1.772547047229856,0.8005865102639296,4.742398144877106
power_curves,0.25,1.0,4,0.9,4433,4.48342275595637,1.6833956355396635,0.9000676742612227,4.484063486314146
power_curves,0.25,1.0,4,0.95,4433,4.1589032411540625,1.614334322676072,0.9505977893074667,4.1589032411540625
power_curves,0.25,1.0,4,0.99,4433,3.7745335135576763,1.4997992815992134,0.9900744416873449,3.7745335135576763
power_curves,0.25,1.0,24,0.5,4393,4.819454789508747,1.8209703675074862,0.5012519918051446,4.819454789508747
power_curves,0.25,1.0,24,0.8,4393,4.433600265239862,1.6810405489940452,0.8033234691554746,4.433600265239862
power_curves,0.25,1.0,24,0.9,4393,4.029282107059252,1.614334322676072,0.900523560209424,4.029282107059252
power_curves,0.25,1.0,24,0.95,4393,3.7766834516387027,1.5444722726625721,0.9540177555201457,3.7766834516387027
power_curves,0.25,1.0,24,0.99,4393,3.4775223059334612,1.3878203629123345,0.9945367630320965,3.4775223059334612
power_curves,0.5,0.0,1,0.5,4439,7.205413436351648,3.6805915281755226,0.5001126379815274,7.205413436351648
power_curves,0.5,0.0,1,0.8,4439,6.483263937225802,3.233274726947761,0.8001802207704438,6.4834446516581625
power_curves,0.5,0.0,1,0.9,4439,6.067368535849326,3.06235725153079,0.9002027483667493,6.067787113231683
power_curves,0.5,0.0,1,0.95,4439,5.747103782955337,2.9584281793927096,0.950214012164902,5.749524197422128
power_curves,0.5,0.0,1,0.99,4439,5.158467076628682,2.7777154911681348,0.9900878576255914,5.1603907776088
power_curves,0.5,0.0,4,0.5,4433,6.95072505292635,3.611469178125383,0.500112790435371,6.95072505292635
power_curves,0.5,0.0,4,0.8,4433,6.274210690668337,3.1730687459674916,0.8001353485224453,6.274398073370802
power_curves,0.5,0.0,4,0.9,4433,5.856548104756172,3.0018018787622225,0.9002932551319648,5.856548104756172
power_curves,0.5,0.0,4,0.95,4433,5.527698035998222,2.908857454412599,0.9503722084367245,5.530110639900791
power_curves,0.5,0.0,4,0.99,4433,4.98922955818146,2.731449693852901,0.9900744416873449,4.98922955818146
power_curves,0.5,0.0,24,0.5,4393,6.561363891894368,3.4305313329058276,0.5039836102890963,6.561363891894368
power_curves,0.5,0.0,24,0.8,4393,5.836038497476805,3.045501319773484,0.8017300250398361,5.836038497476805
power_curves,0.5,0.0,24,0.9,4393,5.462235207028314,2.8967378803055586,0.9034828135670385,5.462235207028314
power_curves,0.5,0.0,24,0.95,4393,5.08809491984231,2.7460242108241055,0.9501479626678807,5.093341430282786
power_curves,0.5,0.0,24,0.99,4393,4.792816942958801,2.632554531637909,0.992943318916458,4.792816942958801
power_curves,0.5,0.25,1,0.5,4439,7.238257915898673,3.701510353099482,0.5001126379815274,7.238257915898673
power_curves,0.5,0.25,1,0.8,4439,6.535120491972428,3.2868877882218364,0.8001802207704438,6.535770333756555
power_curves,0.5,0.25,1,0.9,4439,6.125272273670056,3.130646428794178,0.9002027483667493,6.126384321584486
power_curves,0.5,0.25,1,0.95,4439,5.805581448389044,3.0231665330921307,0.950214012164902,5.806122529824545
power_curves,0.5,0.25,1,0.99,4439,5.236777007739777,2.841678468785676,0.9900878576255914,5.237629445727252
power_curves,0.5,0.25,4,0.5,4433,6.988404994955389,3.632419177750604,0.500112790435371,6.988404994955389
power_curves,0.5,0.25,4,0.8,4433,6.327494485306612,3.232619448748196,0.8008120911346718,6.328145055923452
power_curves,0.5,0.25,4,0.9,4433,5.943127408280651,3.074639002064948,0.9000676742612227,5.943127408280651
power_curves,0.5,0.25,4,0.95,4433,5.588573433305406,2.975949973986858,0.9503722084367245,5.588573433305406
power_curves,0.5,0.25,4,0.99,4433,5.069796706019675,2.7961187498636564,0.9900744416873449,5.069796706019675
power_curves,0.5,0.25,24,0.5,4393,6.5934168801796655,3.432939012740596,0.5012519918051446,6.5934168801796655
power_curves,0.5,0.25,24,0.8,4393,5.903810393032246,3.0765899864050783,0.8010471204188482,5.903810393032246
power_curves,0.5,0.25,24,0.9,4393,5.532657105751107,2.9578885245517905,0.9034828135670385,5.532657105751107
power_curves,0.5,0.25,24,0.95,4393,5.118849675312703,2.840610075091655,0.9510585021625313,5.118849675312703
power_curves,0.5,0.25,24,0.99,4393,4.798309813425951,2.7299543477924146,0.9943091281584339,4.798309813425951
power_curves,0.5,0.5,1,0.5,4439,7.266883524923799,3.7251573617973293,0.5001126379815274,7.266883524923799
power_curves,0.5,0.5,1,0.8,4439,6.595108456376416,3.345878199695919,0.8001802207704438,6.595315631258728
power_curves,0.5,0.5,1,0.9,4439,6.201875836391496,3.194822364752889,0.9002027483667493,6.201969186197367
power_curves,0.5,0.5,1,0.95,4439,5.873629105369043,3.082918632483082,0.950214012164902,5.873800437460845
power_curves,0.5,0.5,1,0.99,4439,5.2953677858394235,2.897655168100847,0.9900878576255914,5.302903453959567
power_curves,0.5,0.5,4,0.5,4433,7.020100859029663,3.6524157603720724,0.5007895330475975,7.020100859029663
power_curves,0.5,0.5,4,0.8,4433,6.400855717999244,3.2816886815709414,0.8001353485224453,6.400912749622223
power_curves,0.5,0.5,4,0.9,4433,6.014803644012962,3.1399322853711777,0.9002932551319648,6.014803644012962
power_curves,0.5,0.5,4,0.95,4433,5.635075585263545,3.0314128577353667,0.9501466275659824,5.637966997687727
power_curves,0.5,0.5,4,0.99,4433,5.107373238759803,2.8602616782472885,0.9907511842995714,5.111449606743291
power_curves,0.5,0.5,24,0.5,4393,6.600432848400828,3.4533695248149954,0.5039836102890963,6.600432848400828
power_curves,0.5,0.5,24,0.8,4393,6.014659830236779,3.13094706647291,0.8033234691554746,6.014659830236779
power_curves,0.5,0.5,24,0.9,4393,5.613094875122929,3.0003138357468244,0.9002959253357614,5.613094875122929
power_curves,0.5,0.5,24,0.95,4393,5.168322227403527,2.9030665156137583,0.9510585021625313,5.168322227403527
power_curves,0.5,0.5,24,0.99,4393,4.803802683893101,2.732978280020013,0.9943091281584339,4.803802683893101
power_curves,0.5,0.75,1,0.5,4439,7.300193361967503,3.75735765069737,0.5001126379815274,7.300193361967503
power_curves,0.5,0.75,1,0.8,4439,6.650581747948516,3.4005073258393117,0.8001802207704438,6.650727904557829
power_curves,0.5,0.75,1,0.9,4439,6.2656897340982365,3.2530452048259133,0.9002027483667493,6.266703780254385
power_curves,0.5,0.75,1,0.95,4439,5.93569700685102,3.1425369856085243,0.950214012164902,5.936151026847889
power_curves,0.5,0.75,1,0.99,4439,5.361879759363082,2.9478899850510616,0.9900878576255914,5.36707673158558
power_curves,0.5,0.75,4,0.5,4433,7.049636336293842,3.6882032280971684,0.500112790435371,7.049636336293842
power_curves,0.5,0.75,4,0.8,4433,6.459163121769565,3.3379552313160232,0.8001353485224453,6.459524059283603
power_curves,0.5,0.75,4,0.9,4433,6.082484776154127,3.1896438971176453,0.900518836002707,6.082484776154127
power_curves,0.5,0.75,4,0.95,4433,5.708705138141629,3.079881761217869,0.9505977893074667,5.708705138141629
power_curves,0.5,0.75,4,0.99,4433,5.189229704791433,2.917612616921324,0.9905256034288292,5.189229704791433
power_curves,0.5,0.75,24,0.5,4393,6.619552748419591,3.4679362638009814,0.5012519918051446,6.619552748419591
power_curves,0.5,0.75,24,0.8,4393,6.082484776154127,3.1843793809690126,0.8003642157978602,6.082484776154127
power_curves,0.5,0.75,24,0.9,4393,5.648724793841533,3.0367922584498053,0.9007511950830868,5.648724793841533
power_curves,0.5,0.75,24,0.95,4393,5.239187798266202,2.9605218454160958,0.9501479626678807,5.244253103198279
power_curves,0.5,0.75,24,0.99,4393,4.819564522248035,2.748021330842314,0.9945367630320965,4.819564522248035
power_curves,0.5,1.0,1,0.5,4439,7.332109278688877,3.7916575639337036,0.5001126379815274,7.332109278688877
power_curves,0.5,1.0,1,0.8,4439,6.705811784306839,3.460528741833715,0.8001802207704438,6.705880544813888
power_curves,0.5,1.0,1,0.9,4439,6.337462414091711,3.3055523164561325,0.9002027483667493,6.339303298226196
power_curves,0.5,1.0,1,0.95,4439,5.994251296800934,3.186758675345557,0.950214012164902,5.996787689837398
power_curves,0.5,1.0,1,0.99,4439,5.451659166845921,2.988826446020067,0.9900878576255914,5.454070276401984
power_curves,0.5,1.0,4,0.5,4433,7.0909697177473525,3.7231807141243505,0.5003383713061132,7.0909697177473525
power_curves,0.5,1.0,4,0.8,4433,6.497751863167013,3.393082134480427,0.8008120911346718,6.499261019965135
power_curves,0.5,1.0,4,0.9,4433,6.137067510635765,3.247829442355326,0.9000676742612227,6.137407455470129
power_curves,0.5,1.0,4,0.95,4433,5.75016697567816,3.113845038455558,0.9505977893074667,5.7531800594188915
power_curves,0.5,1.0,4,0.99,4433,5.275085876771884,2.954263360574167,0.9900744416873449,5.275085876771884
power_curves,0.5,1.0,24,0.5,4393,6.652938457319794,3.497906527235786,0.500341452310494,6.652938457319794
power_curves,0.5,1.0,24,0.8,4393,6.108672288764896,3.2282028860038077,0.8015023901661734,6.108672288764896
power_curves,0.5,1.0,24,0.9,4393,5.713989144055357,3.083477051164554,0.9007511950830868,5.713989144055357
power_curves,0.5,1.0,24,0.95,4393,5.2841087312476365,3.003476505432794,0.9503755975415433,5.2841087312476365
power_curves,0.5,1.0,24,0.99,4393,4.94323587719879,2.753545209838785,0.9945367630320965,4.94323587719879
power_curves,0.75,0.0,1,0.5,4439,9.06735419897583,5.520887292263284,0.5001126379815274,9.06735419897583
power_curves,0.75,0.0,1,0.8,4439,8.141217350940044,4.8499120904216415,0.8001802207704438,8.141257131870804
power_curves,0.75,0.0,1,0.9,4439,7.647466634383772,4.593535877296185,0.9002027483667493,7.6476995153130085
power_curves,0.75,0.0,1,0.95,4439,7.2985225069547885,4.437642269089064,0.950214012164902,7.29931262666367
power_curves,0.75,0.0,1,0.99,4439,6.670018372606783,4.166573236752202,0.9900878576255914,6.675598450996809
power_curves,0.75,0.0,4,0.5,4433,8.822806955658084,5.417203767188075,0.5003383713061132,8.822806955658084
power_curves,0.75,0.0,4,0.8,4433,7.914792678682688,4.7596031189512376,0.8001353485224453,7.914980441164514
power_curves,0.75,0.0,4,0.9,4433,7.455712762232686,4.502702818143334,0.9000676742612227,7.45584402640516
power_curves,0.75,0.0,4,0.95,4433,7.094033330409653,4.363286181618898,0.9505977893074667,7.094848820741821
power_curves,0.75,0.0,4,0.99,4433,6.473169880349959,4.097174540779351,0.9900744416873449,6.473169880349959
power_curves,0.75,0.0,24,0.5,4393,8.370086627099203,5.145796999358741,0.5046665149100842,8.370086627099203
power_curves,0.75,0.0,24,0.8,4393,7.424512820132637,4.568251979660226,0.8001365809241976,7.426400052764232
power_curves,0.75,0.0,24,0.9,4393,7.060629790494985,4.345106820458338,0.9053038925563396,7.06080597203522
power_curves,0.75,0.0,24,0.95,4393,6.64063179590179,4.1190363162361585,0.9519690416571819,6.64063179590179
power_curves,0.75,0.0,24,0.99,4393,6.2291692690584295,3.9488317974568634,0.9938538584111086,6.2291692690584295
power_curves,0.75,0.25,1,0.5,4439,9.092466247456313,5.539551464729975,0.5001126379815274,9.092466247456313
power_curves,0.75,0.25,1,0.8,4439,8.202361777948923,4.903779887655449,0.8001802207704438,8.203817548072394
power_curves,0.75,0.25,1,0.9,4439,7.719799133769297,4.65917832327153,0.9002027483667493,7.7231192275581755
power_curves,0.75,0.25,1,0.95,4439,7.35582612090319,4.504130338840724,0.950214012164902,7.358072011120539
power_curves,0.75,0.25,1,0.99,4439,6.748409898464125,4.231133994580326,0.9900878576255914,6.749678175150668
power_curves,0.75,0.25,4,0.5,4433,8.837916576603384,5.433937598492406,0.5003383713061132,8.837916576603384
power_curves,0.75,0.25,4,0.8,4433,7.971036324678634,4.819338798094454,0.8003609293931875,7.971036324678634
power_curves,0.75,0.25,4,0.9,4433,7.508377341453993,4.5778049324669,0.9007444168734491,7.508470729605788
power_curves,0.75,0.25,4,0.95,4433,7.177006195198046,4.429140990647294,0.9505977893074667,7.177006195198046
power_curves,0.75,0.25,4,0.99,4433,6.549321722245288,4.1667803996003165,0.9900744416873449,6.549321722245288
power_curves,0.75,0.25,24,0.5,4393,8.405805384724268,5.148539241362109,0.5048941497837469,8.405805384724268
power_curves,0.75,0.25,24,0.8,4393,7.520600559974836,4.610647813309192,0.8015023901661734,7.520600559974836
power_curves,0.75,0.25,24,0.9,4393,7.15779200349064,4.404698771525339,0.9002959253357614,7.15779200349064
power_curves,0.75,0.25,24,0.95,4393,6.6752854400318,4.203684392509058,0.9521966765308445,6.6752854400318
power_curves,0.75,0.25,24,0.99,4393,6.236847794992571,4.046371177359977,0.9943091281584339,6.236847794992571
power_curves,0.75,0.5,1,0.5,4439,9.118786578966493,5.561485861367698,0.5001126379815274,9.118786578966493
power_curves,0.75,0.5,1,0.8,4439,8.27000967234084,4.960238758775248,0.8001802207704438,8.270134521863266
power_curves,0.75,0.5,1,0.9,4439,7.800149264189461,4.730071940941082,0.9002027483667493,7.800357246403016
power_curves,0.75,0.5,1,0.95,4439,7.439074950159477,4.567301565713373,0.950214012164902,7.439155988934073
power_curves,0.75,0.5,1,0.99,4439,6.829905152243283,4.29799231019928,0.9900878576255914,6.830808153226855
power_curves,0.75,0.5,4,0.5,4433,8.860625483700812,5.458167159963063,0.5003383713061132,8.860625483700812
power_curves,0.75,0.5,4,0.8,4433,8.027164289337001,4.867146960392675,0.8001353485224453,8.027164289337001
power_curves,0.75,0.5,4,0.9,4433,7.5794589991027514,4.643603594657182,0.9000676742612227,7.5794589991027514
power_curves,0.75,0.5,4,0.95,4433,7.247798343401282,4.488037207497513,0.9501466275659824,7.247798343401282
power_curves,0.75,0.5,4,0.99,4433,6.597456508728353,4.233428586967637,0.9907511842995714,6.597497974074508
power_curves,0.75,0.5,24,0.5,4393,8.457891813070432,5.15161189037211,0.5030730707944457,8.457891813070432
power_curves,0.75,0.5,24,0.8,4393,7.554515812029393,4.6278015672886195,0.8010471204188482,7.554515812029393
power_curves,0.75,0.5,24,0.9,4393,7.222541852658276,4.450459384100854,0.9007511950830868,7.222541852658276
power_curves,0.75,0.5,24,0.95,4393,6.7401066262896006,4.298483983672076,0.9521966765308445,6.7401066262896006
power_curves,0.75,0.5,24,0.99,4393,6.2423406654597215,4.096443487802421,0.9943091281584339,6.2423406654597215
power_curves,0.75,0.75,1,0.5,4439,9.141365404038275,5.587736042695995,0.5001126379815274,9.141365404038275
power_curves,0.75,0.75,1,0.8,4439,8.336622309120633,5.018817299543878,0.8001802207704438,8.33773559453972
power_curves,0.75,0.75,1,0.9,4439,7.865700401048429,4.792233547129333,0.9002027483667493,7.866382732244497
power_curves,0.75,0.75,1,0.95,4439,7.519428423936723,4.624377948724623,0.950214012164902,7.521258940305822
power_curves,0.75,0.75,1,0.99,4439,6.895952354458272,4.34648275215127,0.9900878576255914,6.896810782118459
power_curves,0.75,0.75,4,0.5,4433,8.881101091515664,5.478623640558109,0.5003383713061132,8.881101091515664
power_curves,0.75,0.75,4,0.8,4433,8.10150989119902,4.922533022356412,0.8001353485224453,8.10338261464748
power_curves,0.75,0.75,4,0.9,4433,7.633491919759988,4.709898428056767,0.9007444168734491,7.633843254831438
power_curves,0.75,0.75,4,0.95,4433,7.315146477482258,4.547119286603049,0.9505977893074667,7.315146477482258
power_curves,0.75,0.75,4,0.99,4433,6.669857290337291,4.2903925173709325,0.990300022558087,6.669857290337291
power_curves,0.75,0.75,24,0.5,4393,8.470394607230212,5.180054287222492,0.500341452310494,8.470394607230212
power_curves,0.75,0.75,24,0.8,4393,7.599498370337016,4.6964205997093655,0.802412929660824,7.599498370337016
power_curves,0.75,0.75,24,0.9,4393,7.294517748356135,4.500470753620236,0.9000682904620988,7.296741093276258
power_curves,0.75,0.75,24,0.95,4393,6.750915641901788,4.354599773420638,0.9531072160254951,6.750915641901788
power_curves,0.75,0.75,24,0.99,4393,6.269169990954245,4.099467420030019,0.9945367630320965,6.269169990954245
power_curves,0.75,1.0,1,0.5,4439,9.167733725735825,5.618221140587571,0.5001126379815274,9.167733725735825
power_curves,0.75,1.0,1,0.8,4439,8.387380874879433,5.073829957948443,0.8001802207704438,8.387668696064527
power_curves,0.75,1.0,1,0.9,4439,7.939379260660536,4.856387337957119,0.9002027483667493,7.939903112847315
power_curves,0.75,1.0,1,0.95,4439,7.566663463720259,4.680098939881851,0.950214012164902,7.5673880800094775
power_curves,0.75,1.0,1,0.99,4439,6.9648513160817105,4.4045823773196755,0.9900878576255914,6.9698395861376525
power_curves,0.75,1.0,4,0.5,4433,8.918656898023624,5.5138417870333685,0.500112790435371,8.918656898023624
power_curves,0.75,1.0,4,0.8,4433,8.153872105089784,4.977130720366508,0.8001353485224453,8.153872105089784
power_curves,0.75,1.0,4,0.9,4433,7.6954683112935385,4.769290005609866,0.9002932551319648,7.6954683112935385
power_curves,0.75,1.0,4,0.95,4433,7.374538428963802,4.5939850550035235,0.9501466275659824,7.374538428963802
power_curves,0.75,1.0,4,0.99,4433,6.72784862854332,4.347535971740048,0.9905256034288292,6.72784862854332
power_curves,0.75,1.0,24,0.5,4393,8.491867068384073,5.198432340583387,0.5017072615524698,8.491867068384073
power_curves,0.75,1.0,24,0.8,4393,7.651576767034703,4.745069036058709,0.8010471204188482,7.651576767034703
power_curves,0.75,1.0,24,0.9,4393,7.309910522172351,4.540219288882259,0.901206464830412,7.309910522172351
power_curves,0.75,1.0,24,0.95,4393,6.8182589744939435,4.415495498212339,0.9531072160254951,6.8182589744939435
power_curves,0.75,1.0,24,0.99,4393,6.384839362164798,4.1192700567652345,0.9945367630320965,6.384839362164798
power_curves,1.0,0.0,1,0.5,4439,10.931855910645327,7.361183056351045,0.5001126379815274,10.931855910645327
power_curves,1.0,0.0,1,0.8,4439,9.79809281858321,6.466549453895522,0.8001802207704438,9.798752510903697
power_curves,1.0,0.0,1,0.9,4439,9.219455078588709,6.12471450306158,0.9002027483667493,9.219638980300516
power_curves,1.0,0.0,1,0.95,4439,8.826142611109129,5.916856358785419,0.950214012164902,8.826878343042432
power_curves,1.0,0.0,1,0.99,4439,8.184985558169128,5.5554309823362695,0.9900878576255914,8.19043383228798
power_curves,1.0,0.0,4,0.5,4433,10.681951220649982,7.222938356250766,0.5005639521768555,10.681951220649982
power_curves,1.0,0.0,4,0.8,4433,9.542051573403622,6.346137491934983,0.8001353485224453,9.542051573403622
power_curves,1.0,0.0,4,0.9,4433,9.015451695243431,6.003603757524445,0.9002932551319648,9.015451695243431
power_curves,1.0,0.0,4,0.95,4433,8.609609541467698,5.817714908825198,0.9503722084367245,8.611659789027545
power_curves,1.0,0.0,4,0.99,4433,7.901522551396653,5.462899387705802,0.9900744416873449,7.910738124417581
power_curves,1.0,0.0,24,0.5,4393,10.188794861576516,6.861062665811655,0.5019348964261325,10.188794861576516
power_curves,1.0,0.0,24,0.8,4393,9.042525984098646,6.091002639546968,0.8019576599134988,9.042525984098646
power_curves,1.0,0.0,24,0.9,4393,8.513351399335797,5.793475760611117,0.9053038925563396,8.518505152394912
power_curves,1.0,0.0,24,0.95,4393,8.199323121639788,5.492048421648211,0.9517414067835193,8.199323121639788
power_curves,1.0,0.0,24,0.99,4393,7.613930667262007,5.265109063275818,0.9938538584111086,7.613930667262007
power_curves,1.0,0.25,1,0.5,4439,10.951103578422446,7.379847228817736,0.5001126379815274,10.951103578422446
power_curves,1.0,0.25,1,0.8,4439,9.86209873288554,6.523471832015717,0.8001802207704438,9.862431075845182
power_curves,1.0,0.25,1,0.9,4439,9.29895359141498,6.189411848013691,0.9002027483667493,9.299929821034944
power_curves,1.0,0.25,1,0.95,4439,8.892189764965531,5.981706057342837,0.950214012164902,8.893686454194235
power_curves,1.0,0.25,1,0.99,4439,8.248464708728816,5.617991334827808,0.9900878576255914,8.252267173468848
power_curves,1.0,0.25,4,0.5,4433,10.710059858130814,7.2354495046947145,0.5007895330475975,10.710059858130814
power_curves,1.0,0.25,4,0.8,4433,9.601109946833953,6.406715944139187,0.8001353485224453,9.602300941330643
power_curves,1.0,0.25,4,0.9,4433,9.076470283534992,6.077334678401387,0.9002932551319648,9.076470283534992
power_curves,1.0,0.25,4,0.95,4433,8.696465914907343,5.882083311074591,0.9501466275659824,8.696465914907343
power_curves,1.0,0.25,4,0.99,4433,7.935967277270718,5.53395677439043,0.9900744416873449,7.935967277270718
power_curves,1.0,0.25,24,0.5,4393,10.216580131976654,6.8641394699836225,0.5014796266788072,10.216580131976654
power_curves,1.0,0.25,24,0.8,4393,9.081759906772369,6.146656624553436,0.8049169132711131,9.081759906772369
power_curves,1.0,0.25,24,0.9,4393,8.555572274659939,5.8684253933460235,0.901206464830412,8.555572274659939
power_curves,1.0,0.25,24,0.95,4393,8.221818213615048,5.566758709926462,0.9526519462781698,8.221818213615048
power_curves,1.0,0.25,24,0.99,4393,7.675385776559192,5.362648443178932,0.9938538584111086,7.675385776559192
power_curves,1.0,0.5,1,0.5,4439,10.978086036335627,7.403020706198964,0.5001126379815274,10.978086036335627
power_curves,1.0,0.5,1,0.8,4439,9.929381259724199,6.573775576443673,0.8001802207704438,9.929855901626098
power_curves,1.0,0.5,1,0.9,4439,9.372711533064479,6.261292857588356,0.9002027483667493,9.373000162943697
power_curves,1.0,0.5,1,0.95,4439,8.971087467211717,6.046333066184261,0.950214012164902,8.972095207027824
power_curves,1.0,0.5,1,0.99,4439,8.34024554207062,5.683356937571352,0.9900878576255914,8.340563962857201
power_curves,1.0,0.5,4,0.5,4433,10.734649003832534,7.264838355501208,0.5005639521768555,10.734649003832534
power_curves,1.0,0.5,4,0.8,4433,9.65354985292413,6.465238897496392,0.8005865102639296,9.65661880217041
power_curves,1.0,0.5,4,0.9,4433,9.125680832974034,6.149278004129896,0.9002932551319648,9.125680832974034
power_curves,1.0,0.5,4,0.95,4433,8.755629991116855,5.951899947973716,0.9501466275659824,8.758227338003861
power_curves,1.0,0.5,4,0.99,4433,7.9844209115231735,5.592237499727313,0.9907511842995714,7.985500151617391
power_curves,1.0,0.5,24,0.5,4393,10.220006072498336,6.865878025481192,0.5014796266788072,10.220006072498336
power_curves,1.0,0.5,24,0.8,4393,9.119162784181558,6.153179972810157,0.8001365809241976,9.119162784181558
power_curves,1.0,0.5,24,0.9,4393,8.663816908066442,5.915777049103581,0.9009788299567494,8.663816908066442
power_curves,1.0,0.5,24,0.95,4393,8.232627229227237,5.68122015018331,0.9526519462781698,8.232627229227237
power_curves,1.0,0.5,24,0.99,4393,7.680878647026343,5.459908695584829,0.9943091281584339,7.680878647026343
power_curves,1.0,0.75,1,0.5,4439,11.004787895248695,7.423641384189206,0.5001126379815274,11.004787895248695
power_curves,1.0,0.75,1,0.8,4439,9.98775154533148,6.632808265915218,0.8001802207704438,9.988594567107878
power_curves,1.0,0.75,1,0.9,4439,9.449339300819643,6.329763284945285,0.9002027483667493,9.450120134062336
power_curves,1.0,0.75,1,0.95,4439,9.061530177045318,6.105357804098236,0.950214012164902,9.061972214825357
power_curves,1.0,0.75,1,0.99,4439,8.402984430185697,5.7373647435680155,0.9900878576255914,8.405804004306734
power_curves,1.0,0.75,4,0.5,4433,10.750318134308856,7.280878336934154,0.5005639521768555,10.750318134308856
power_curves,1.0,0.75,4,0.8,4433,9.70749257990927,6.507769193375952,0.8005865102639296,9.707593548316575
power_curves,1.0,0.75,4,0.9,4433,9.179434025167724,6.2163055126809885,0.9000676742612227,9.17999824668178
power_curves,1.0,0.75,4,0.95,4433,8.823231411142196,5.998424180020448,0.9508233701782088,8.824400373179303
power_curves,1.0,0.75,4,0.99,4433,8.067085374813406,5.663115501632818,0.9900744416873449,8.070041255051509
power_curves,1.0,0.75,24,0.5,4393,10.242480568491212,6.883775982542512,0.5001138174368314,10.242480568491212
power_curves,1.0,0.75,24,0.8,4393,9.164855735129736,6.200080755749539,0.8044616435237878,9.164855735129736
power_curves,1.0,0.75,24,0.9,4393,8.772061541472945,5.959101210315035,0.9000682904620988,8.772061541472945
power_curves,1.0,0.75,24,0.95,4393,8.258998843578853,5.750813897319478,0.9528795811518325,8.258998843578853
power_curves,1.0,0.75,24,0.99,4393,7.710773475920254,5.462932627812427,0.9945367630320965,7.710773475920254
power_curves,1.0,1.0,1,0.5,4439,11.0252520447044,7.4503147235946585,0.5001126379815274,11.0252520447044
power_curves,1.0,1.0,1,0.8,4439,10.046450065531157,6.691756399391838,0.8001802207704438,10.046642007666696
power_curves,1.0,1.0,1,0.9,4439,9.518956448771764,6.389644729505778,0.9002027483667493,9.52040518866569
power_curves,1.0,1.0,1,0.95,4439,9.129919426023626,6.165837264966164,0.950214012164902,9.132352426411792
power_curves,1.0,1.0,1,0.99,4439,8.474972927535868,5.795310336201694,0.9900878576255914,8.476050405184838
power_curves,1.0,1.0,4,0.5,4433,10.770116807659546,7.304831520744145,0.5005639521768555,10.770116807659546
power_curves,1.0,1.0,4,0.8,4433,9.766566232049048,6.563377363141883,0.8001353485224453,9.766566232049048
power_curves,1.0,1.0,4,0.9,4433,9.23403171156749,6.2798645707423555,0.9000676742612227,9.235038328964569
power_curves,1.0,1.0,4,0.95,4433,8.883922163595662,6.0628257154707335,0.9503722084367245,8.883922163595662
power_curves,1.0,1.0,4,0.99,4433,8.150884023802352,5.720523356494577,0.9900744416873449,8.151784117999545
power_curves,1.0,1.0,24,0.5,4393,10.256437060583467,6.906739049629991,0.5001138174368314,10.256437060583467
power_curves,1.0,1.0,24,0.8,4393,9.233554270026762,6.26189413294582,0.8017300250398361,9.233554270026762
power_curves,1.0,1.0,24,0.9,4393,8.8241694743908,6.000627671493649,0.9000682904620988,8.8241694743908
power_curves,1.0,1.0,24,0.95,4393,8.30076547549659,5.806133031227517,0.9526519462781698,8.30076547549659
power_curves,1.0,1.0,24,0.99,4393,7.826442847130807,5.465956560040026,0.9945367630320965,7.826442847130807
power_curves_a7_measured_low,0.0,0.0,1,0.5,4439,2.5762481156758197,0.0,0.5001126379815274,2.5762481156758197
power_curves_a7_measured_low,0.0,0.0,1,0.8,4439,2.1140255015549125,0.0,0.8001802207704438,2.1140556122102314
power_curves_a7_measured_low,0.0,0.0,1,0.9,4439,1.9648745420556974,0.0,0.9002027483667493,1.9651770118614729
power_curves_a7_measured_low,0.0,0.0,1,0.95,4439,1.8248082708542679,0.0,0.950214012164902,1.8256596545551953
power_curves_a7_measured_low,0.0,0.0,1,0.99,4439,1.4714862772660628,0.0,0.9900878576255914,1.4733511664486072
power_curves_a7_measured_low,0.0,0.0,4,0.5,4433,2.384695826280102,0.0,0.500112790435371,2.384695826280102
power_curves_a7_measured_low,0.0,0.0,4,0.8,4433,2.0044121948079647,0.0,0.8003609293931875,2.0044121948079647
power_curves_a7_measured_low,0.0,0.0,4,0.9,4433,1.8428750589375194,0.0,0.9000676742612227,1.8428750589375194
power_curves_a7_measured_low,0.0,0.0,4,0.95,4433,1.6949111715731573,0.0,0.9503722084367245,1.6949111715731573
power_curves_a7_measured_low,0.0,0.0,4,0.99,4433,1.4051931302050975,0.0,0.9900744416873449,1.4051931302050975
power_curves_a7_measured_low,0.0,0.0,24,0.5,4393,2.063043402569486,0.0,0.5046665149100842,2.063043402569486
power_curves_a7_measured_low,0.0,0.0,24,0.8,4393,1.778665350904669,0.0,0.8035511040291372,1.778665350904669
power_curves_a7_measured_low,0.0,0.0,24,0.9,4393,1.6372716748195073,0.0,0.9027999089460506,1.6374035822632966
power_curves_a7_measured_low,0.0,0.0,24,0.95,4393,1.451490306893381,0.0,0.9510585021625313,1.451490306893381
power_curves_a7_measured_low,0.0,0.0,24,0.99,4393,1.2184846041288657,0.0,0.9943091281584339,1.2184846041288657
power_curves_a7_measured_low,0.0,0.25,1,0.5,4439,2.601901038846677,0.01327953377460734,0.5001126379815274,2.601901038846677
power_curves_a7_measured_low,0.0,0.25,1,0.8,4439,2.144775341865942,0.005246243235702886,0.8001802207704438,2.144995908220502
power_curves_a7_measured_low,0.0,0.25,1,0.9,4439,1.9925487453563118,0.0021384369686221648,0.9002027483667493,1.9928758610994914
power_curves_a7_measured_low,0.0,0.25,1,0.95,4439,1.863430827043188,0.0011186304225667479,0.950214012164902,1.864543853202676
power_curves_a7_measured_low,0.0,0.25,1,0.99,4439,1.5498750629704225,0.00038770649672205805,0.9900878576255914,1.5500742732895738
power_curves_a7_measured_low,0.0,0.25,4,0.5,4433,2.4162952644177884,0.01060378992880011,0.5005639521768555,2.4162952644177884
power_curves_a7_measured_low,0.0,0.25,4,0.8,4433,2.0283980413803375,0.003674962951544459,0.8003609293931875,2.0283980413803375
power_curves_a7_measured_low,0.0,0.25,4,0.9,4433,1.87375119442735,0.0012813589336181182,0.900518836002707,1.8740446966895838
power_curves_a7_measured_low,0.0,0.25,4,0.95,4433,1.7229211358250769,0.0006576402691843153,0.9501466275659824,1.7229211358250769
power_curves_a7_measured_low,0.0,0.25,4,0.99,4433,1.4550816281196812,0.00020019943790142096,0.9900744416873449,1.4550816281196812
power_curves_a7_measured_low,0.0,0.25,24,0.5,4393,2.093638118150195,0.006744126655270014,0.5026178010471204,2.093638118150195
power_curves_a7_measured_low,0.0,0.25,24,0.8,4393,1.814672067476776,0.0009660420000000001,0.8042340086501252,1.814672067476776
power_curves_a7_measured_low,0.0,0.25,24,0.9,4393,1.6578609670982296,0.0004184618496795348,0.904393353061689,1.6578609670982296
power_curves_a7_measured_low,0.0,0.25,24,0.95,4393,1.4762630771528202,0.00022265559293909882,0.954473025267471,1.4762630771528202
power_curves_a7_measured_low,0.0,0.25,24,0.99,4393,1.2792067942612244,9.2004e-05,0.9943091281584339,1.2792067942612244
power_curves_a7_measured_low,0.0,0.5,1,0.5,4439,2.6266190310667623,0.02655906754921468,0.5001126379815274,2.6266190310667623
power_curves_a7_measured_low,0.0,0.5,1,0.8,4439,2.1747884170464924,0.010492486471405773,0.8001802207704438,2.1749158357537755
power_curves_a7_measured_low,0.0,0.5,1,0.9,4439,2.0165961430407062,0.0042768739372443295,0.9002027483667493,2.0166285740901597
power_curves_a7_measured_low,0.0,0.5,1,0.95,4439,1.8966902918003747,0.0022372608451334958,0.950214012164902,1.89736770629745
power_curves_a7_measured_low,0.0,0.5,1,0.99,4439,1.6160908410370056,0.0007754129934441161,0.9900878576255914,1.6182434233187717
power_curves_a7_measured_low,0.0,0.5,4,0.5,4433,2.442274905078171,0.02120757985760022,0.5007895330475975,2.442274905078171
power_curves_a7_measured_low,0.0,0.5,4,0.8,4433,2.055500694160415,0.007349925903088918,0.8001353485224453,2.0558337808398988
power_curves_a7_measured_low,0.0,0.5,4,0.9,4433,1.9101994152187758,0.0025627178672362363,0.900518836002707,1.910586127054012
power_curves_a7_measured_low,0.0,0.5,4,0.95,4433,1.7664636550833026,0.0013152805383686305,0.9503722084367245,1.7664636550833026
power_curves_a7_measured_low,0.0,0.5,4,0.99,4433,1.5177142275080246,0.0004003988758028419,0.990300022558087,1.5177142275080246
power_curves_a7_measured_low,0.0,0.5,24,0.5,4393,2.118654961085269,0.013488253310540028,0.500341452310494,2.118654961085269
power_curves_a7_measured_low,0.0,0.5,24,0.8,4393,1.8439361174381121,0.0019320840000000001,0.8019576599134988,1.8439361174381121
power_curves_a7_measured_low,0.0,0.5,24,0.9,4393,1.6842154552577853,0.0008369236993590696,0.9021170043250626,1.6842154552577853
power_curves_a7_measured_low,0.0,0.5,24,0.95,4393,1.5345619328740479,0.00044531118587819765,0.9533348508991577,1.5345619328740479
power_curves_a7_measured_low,0.0,0.5,24,0.99,4393,1.3399289843935833,0.000184008,0.9945367630320965,1.3399289843935833
power_curves_a7_measured_low,0.0,0.75,1,0.5,4439,2.6538954082418496,0.03983860132382202,0.5001126379815274,2.6538954082418496
power_curves_a7_measured_low,0.0,0.75,1,0.8,4439,2.202122615393211,0.01573872970710866,0.8001802207704438,2.2023886782626767
power_curves_a7_measured_low,0.0,0.75,1,0.9,4439,2.0425279179475795,0.006415310905866494,0.9002027483667493,2.0425433293851682
power_curves_a7_measured_low,0.0,0.75,1,0.95,4439,1.930119842242025,0.0033558912677002437,0.950214012164902,1.9305975689254031
power_curves_a7_measured_low,0.0,0.75,1,0.99,4439,1.670511872369147,0.0011631194901661741,0.9900878576255914,1.6717592903310226
power_curves_a7_measured_low,0.0,0.75,4,0.5,4433,2.4725927844703883,0.03181136978640033,0.500112790435371,2.4725927844703883
power_curves_a7_measured_low,0.0,0.75,4,0.8,4433,2.0793841325085647,0.011024888854633378,0.8003609293931875,2.0793841325085647
power_curves_a7_measured_low,0.0,0.75,4,0.9,4433,1.9418414131266757,0.0038440768008543543,0.9000676742612227,1.9418693411532317
power_curves_a7_measured_low,0.0,0.75,4,0.95,4433,1.7892033457712828,0.001972920807552946,0.9505977893074667,1.7892033457712828
power_curves_a7_measured_low,0.0,0.75,4,0.99,4433,1.5641038724215173,0.0006005983137042629,0.9900744416873449,1.566071214114792
power_curves_a7_measured_low,0.0,0.75,24,0.5,4393,2.1559596809149912,0.02023237996581004,0.5001138174368314,2.1559596809149912
power_curves_a7_measured_low,0.0,0.75,24,0.8,4393,1.8717996777629715,0.002898126,0.8001365809241976,1.8744047489328466
power_curves_a7_measured_low,0.0,0.75,24,0.9,4393,1.7047203401859716,0.0012553855490386044,0.901206464830412,1.7047203401859716
power_curves_a7_measured_low,0.0,0.75,24,0.95,4393,1.5928607885952752,0.0006679667788172964,0.953790120646483,1.5928607885952752
power_curves_a7_measured_low,0.0,0.75,24,0.99,4393,1.400651174525942,0.00027601199999999996,0.9945367630320965,1.400651174525942
power_curves_a7_measured_low,0.0,1.0,1,0.5,4439,2.6868252238855836,0.05311813509842936,0.5001126379815274,2.6868252238855836
power_curves_a7_measured_low,0.0,1.0,1,0.8,4439,2.231191094236158,0.020984972942811545,0.8001802207704438,2.2312314303050043
power_curves_a7_measured_low,0.0,1.0,1,0.9,4439,2.069912305465014,0.008553747874488659,0.9002027483667493,2.0699919386215013
power_curves_a7_measured_low,0.0,1.0,1,0.95,4439,1.9520162042482367,0.0044745216902669915,0.950214012164902,1.9528030347758738
power_curves_a7_measured_low,0.0,1.0,1,0.99,4439,1.7222158717873555,0.0015508259868882322,0.9900878576255914,1.7229481649524192
power_curves_a7_measured_low,0.0,1.0,4,0.5,4433,2.5088314970988645,0.04241515971520044,0.500112790435371,2.5088314970988645
power_curves_a7_measured_low,0.0,1.0,4,0.8,4433,2.105737645445899,0.014699851806177836,0.8001353485224453,2.105737645445899
power_curves_a7_measured_low,0.0,1.0,4,0.9,4433,1.9632284121372228,0.005125435734472473,0.9000676742612227,1.9634595911760915
power_curves_a7_measured_low,0.0,1.0,4,0.95,4433,1.8203104329663888,0.002630561076737261,0.9501466275659824,1.8203104329663888
power_curves_a7_measured_low,0.0,1.0,4,0.99,4433,1.6323451446630455,0.0008007977516056838,0.9900744416873449,1.6323451446630455
power_curves_a7_measured_low,0.0,1.0,24,0.5,4393,2.1829894393943845,0.026976506621080056,0.5030730707944457,2.1829894393943845
power_curves_a7_measured_low,0.0,1.0,24,0.8,4393,1.8985368281438117,0.0038641680000000003,0.8008194855451856,1.8985368281438117
power_curves_a7_measured_low,0.0,1.0,24,0.9,4393,1.7203643495283598,0.0016738473987181392,0.9048486228090143,1.7203643495283598
power_curves_a7_measured_low,0.0,1.0,24,0.95,4393,1.6354879867442136,0.0008906223717563953,0.9506032324152061,1.6354879867442136
power_curves_a7_measured_low,0.0,1.0,24,0.99,4393,1.4658555917985816,0.000368016,0.9945367630320965,1.4658555917985816
power_curves_a7_measured_low,0.25,0.0,1,0.5,4439,4.06912170858941,1.5053886681468347,0.5001126379815274,4.06912170858941
power_curves_a7_measured_low,0.25,0.0,1,0.8,4439,3.6089589458383644,1.3203849138585761,0.8001802207704438,3.6090645270433517
power_curves_a7_measured_low,0.25,0.0,1,0.9,4439,3.363918547870554,1.250377451655954,0.9002027483667493,3.3645659730808277
power_curves_a7_measured_low,0.25,0.0,1,0.95,4439,3.1713328899551225,1.20614133307341,0.950214012164902,3.173358234647723
power_curves_a7_measured_low,0.25,0.0,1,0.99,4439,2.761071357437823,1.1328228237935043,0.9900878576255914,2.7641152490243903
power_curves_a7_measured_low,0.25,0.0,4,0.5,4433,3.8991453120089115,1.4767541867577056,0.5003383713061132,3.8991453120089115
power_curves_a7_measured_low,0.25,0.0,4,0.8,4433,3.4882037235724033,1.2967559745395065,0.8001353485224453,3.4882037235724033
power_curves_a7_measured_low,0.25,0.0,4,0.9,4433,3.2492997150921736,1.2268943695981327,0.9000676742612227,3.2492997150921736
power_curves_a7_measured_low,0.25,0.0,4,0.95,4433,3.036008386734642,1.1861259995442108,0.9501466275659824,3.0363312602806745
power_curves_a7_measured_low,0.25,0.0,4,0.99,4433,2.6421075270553236,1.1133737368769094,0.9900744416873449,2.645285783849888
power_curves_a7_measured_low,0.25,0.0,24,0.5,4393,3.602942381073607,1.404148278472243,0.5021625312997952,3.602942381073607
power_curves_a7_measured_low,0.25,0.0,24,0.8,4393,3.2492997150921736,1.242842932726807,0.8015023901661734,3.2492997150921736
power_curves_a7_measured_low,0.25,0.0,24,0.9,4393,3.01015253587509,1.1848858223004695,0.9002959253357614,3.01015253587509
power_curves_a7_measured_low,0.25,0.0,24,0.95,4393,2.7331989835017474,1.1212415709007566,0.9501479626678807,2.7331989835017474
power_curves_a7_measured_low,0.25,0.0,24,0.99,4393,2.5506907106769665,1.0715488139732128,0.992943318916458,2.5506907106769665
power_curves_a7_measured_low,0.25,0.25,1,0.5,4439,4.092239652947692,1.5194255408158264,0.5001126379815274,4.092239652947692
power_curves_a7_measured_low,0.25,0.25,1,0.8,4439,3.645582849855831,1.3608726660542785,0.8001802207704438,3.6457652256567483
power_curves_a7_measured_low,0.25,0.25,1,0.9,4439,3.409755610340806,1.300626128623161,0.9002027483667493,3.4099737117980498
power_curves_a7_measured_low,0.25,0.25,1,0.95,4439,3.234713266145283,1.252535447842714,0.950214012164902,3.2362406316750807
power_curves_a7_measured_low,0.25,0.25,1,0.99,4439,2.8300390272281386,1.1787280723256457,0.9900878576255914,2.8306769471707063
power_curves_a7_measured_low,0.25,0.25,4,0.5,4433,3.9228843827347,1.492336550853141,0.500112790435371,3.9228843827347
power_curves_a7_measured_low,0.25,0.25,4,0.8,4433,3.519664772363535,1.3345895033632724,0.8003609293931875,3.519664772363535
power_curves_a7_measured_low,0.25,0.25,4,0.9,4433,3.2927883921297356,1.2764064762133855,0.9002932551319648,3.2927883921297356
power_curves_a7_measured_low,0.25,0.25,4,0.95,4433,3.0655996454544168,1.2310380379127155,0.9501466275659824,3.0700183555267557
power_curves_a7_measured_low,0.25,0.25,4,0.99,4433,2.717377542942649,1.1625180952862906,0.9907511842995714,2.7188945956851236
power_curves_a7_measured_low,0.25,0.25,24,0.5,4393,3.6145231503481803,1.408094473252164,0.5051217846574095,3.6145231503481803
power_curves_a7_measured_low,0.25,0.25,24,0.8,4393,3.2924798375290485,1.2763091666747968,0.8005918506715228,3.2924798375290485
power_curves_a7_measured_low,0.25,0.25,24,0.9,4393,3.0231235730057917,1.2247100694897397,0.9009788299567494,3.0231235730057917
power_curves_a7_measured_low,0.25,0.25,24,0.95,4393,2.7382771058644177,1.182467717321958,0.9540177555201457,2.7382771058644177
power_curves_a7_measured_low,0.25,0.25,24,0.99,4393,2.6189977787870022,1.1141053068272286,0.9943091281584339,2.6189977787870022
power_curves_a7_measured_low,0.25,0.5,1,0.5,4439,4.117897337496084,1.541825136453469,0.5001126379815274,4.117897337496084
power_curves_a7_measured_low,0.25,0.5,1,0.8,4439,3.6748366959534424,1.401442248744142,0.8001802207704438,3.6748665921357007
power_curves_a7_measured_low,0.25,0.5,1,0.9,4439,3.4533841139567167,1.3415064678525366,0.9002027483667493,3.454144566198685
power_curves_a7_measured_low,0.25,0.5,1,0.95,4439,3.2800213165569536,1.2945271201947124,0.950214012164902,3.281125664613808
power_curves_a7_measured_low,0.25,0.5,1,0.99,4439,2.886252911145742,1.2147974036530202,0.9900878576255914,2.8878667684726675
power_curves_a7_measured_low,0.25,0.5,4,0.5,4433,3.9500463640704147,1.5128790061362098,0.5003383713061132,3.9500463640704147
power_curves_a7_measured_low,0.25,0.5,4,0.8,4433,3.5535787283328775,1.3758151470221027,0.8003609293931875,3.5535787283328775
power_curves_a7_measured_low,0.25,0.5,4,0.9,4433,3.3351658022818667,1.3152508988787084,0.9002932551319648,3.3351658022818667
power_curves_a7_measured_low,0.25,0.5,4,0.95,4433,3.104820402434064,1.2677563925348099,0.9501466275659824,3.104922216024121
power_curves_a7_measured_low,0.25,0.5,4,0.99,4433,2.7642674164466268,1.2037946196718246,0.9900744416873449,2.7642674164466268
power_curves_a7_measured_low,0.25,0.5,24,0.5,4393,3.6321110831207126,1.420250954621028,0.5012519918051446,3.6321110831207126
power_curves_a7_measured_low,0.25,0.5,24,0.8,4393,3.3137242896830723,1.3108658637040764,0.8046892783974505,3.3137242896830723
power_curves_a7_measured_low,0.25,0.5,24,0.9,4393,3.0487976627034223,1.2516068127069102,0.9018893694514,3.0487976627034223
power_curves_a7_measured_low,0.25,0.5,24,0.95,4393,2.791899304764574,1.2147816679969712,0.9512861370361939,2.791899304764574
power_curves_a7_measured_low,0.25,0.5,24,0.99,4393,2.649375743743966,1.1210366643655176,0.9943091281584339,2.649375743743966
power_curves_a7_measured_low,0.25,0.75,1,0.5,4439,4.143566908486683,1.5673389758639606,0.5001126379815274,4.143566908486683
power_curves_a7_measured_low,0.25,0.75,1,0.8,4439,3.707233629990768,1.4388173698184972,0.8001802207704438,3.707277211797853
power_curves_a7_measured_low,0.25,0.75,1,0.9,4439,3.4947065843789904,1.3727474201875114,0.9002027483667493,3.495988645246999
power_curves_a7_measured_low,0.25,0.75,1,0.95,4439,3.330826438930977,1.3194076721762198,0.950214012164902,3.332023986279472
power_curves_a7_measured_low,0.25,0.75,1,0.99,4439,2.942835359258318,1.2305133608370442,0.9900878576255914,2.9429225654072737
power_curves_a7_measured_low,0.25,0.75,4,0.5,4433,3.9694961537461984,1.5345304505575759,0.5005639521768555,3.9694961537461984
power_curves_a7_measured_low,0.25,0.75,4,0.8,4433,3.578741370687217,1.4108681639871332,0.8005865102639296,3.578741370687217
power_curves_a7_measured_low,0.25,0.75,4,0.9,4433,3.378389617844486,1.346927437768837,0.9000676742612227,3.378389617844486
power_curves_a7_measured_low,0.25,0.75,4,0.95,4433,3.1343493411252092,1.2939694414236371,0.9508233701782088,3.135496266840139
power_curves_a7_measured_low,0.25,0.75,4,0.99,4433,2.8260547162707756,1.2161424782006873,0.9900744416873449,2.8260547162707756
power_curves_a7_measured_low,0.25,0.75,24,0.5,4393,3.661671255426744,1.4357949585514413,0.5012519918051446,3.661671255426744
power_curves_a7_measured_low,0.25,0.75,24,0.8,4393,3.3615172606442756,1.3432453692328634,0.8012747552925108,3.3615172606442756
power_curves_a7_measured_low,0.25,0.75,24,0.9,4393,3.0858040110485745,1.2757862737756196,0.9002959253357614,3.0858040110485745
power_curves_a7_measured_low,0.25,0.75,24,0.95,4393,2.852768621250161,1.2446646292749202,0.9515137719098566,2.852768621250161
power_curves_a7_measured_low,0.25,0.75,24,0.99,4393,2.653121833936727,1.1248681281098218,0.9943091281584339,2.653121833936727
power_curves_a7_measured_low,0.25,1.0,1,0.5,4439,4.167908545747866,1.5913374806686913,0.5001126379815274,4.167908545747866
power_curves_a7_measured_low,0.25,1.0,1,0.8,4439,3.734224414440444,1.4705966366866954,0.8001802207704438,3.7342296862611875
power_curves_a7_measured_low,0.25,1.0,1,0.9,4439,3.5269314764812223,1.396498880514499,0.9002027483667493,3.5273892156704028
power_curves_a7_measured_low,0.25,1.0,1,0.95,4439,3.36764599255085,1.3372853931914745,0.950214012164902,3.369372908292716
power_curves_a7_measured_low,0.25,1.0,1,0.99,4439,2.996680664205563,1.237189325872056,0.9900878576255914,2.9969213790189513
power_curves_a7_measured_low,0.25,1.0,4,0.5,4433,3.9864047727494194,1.5604075080564468,0.500112790435371,3.9864047727494194
power_curves_a7_measured_low,0.25,1.0,4,0.8,4433,3.611609081158571,1.4368875484571486,0.8005865102639296,3.611609081158571
power_curves_a7_measured_low,0.25,1.0,4,0.9,4433,3.413008222775341,1.3725287461998397,0.9002932551319648,3.413008222775341
power_curves_a7_measured_low,0.25,1.0,4,0.95,4433,3.1773955786924066,1.3145939153976234,0.9501466275659824,3.1773955786924066
power_curves_a7_measured_low,0.25,1.0,4,0.99,4433,2.8793813101094576,1.2197392122547264,0.9907511842995714,2.8798939140576705
power_curves_a7_measured_low,0.25,1.0,24,0.5,4393,3.6953190295693004,1.468735494165029,0.5012519918051446,3.6953190295693004
power_curves_a7_measured_low,0.25,1.0,24,0.8,4393,3.373329756273942,1.3662644976844829,0.8051445481447758,3.373329756273942
power_curves_a7_measured_low,0.25,1.0,24,0.9,4393,3.139732539536217,1.314354102050288,0.9002959253357614,3.139732539536217
power_curves_a7_measured_low,0.25,1.0,24,0.95,4393,2.9164656886582465,1.2601628420800628,0.9533348508991577,2.9164656886582465
power_curves_a7_measured_low,0.25,1.0,24,0.99,4393,2.6779989713229395,1.1286995918541258,0.9945367630320965,2.6779989713229395
power_curves_a7_measured_low,0.5,0.0,1,0.5,4439,5.578699333809393,3.0107773362936694,0.5001126379815274,5.578699333809393
power_curves_a7_measured_low,0.5,0.0,1,0.8,4439,5.024223297472646,2.6407698277171523,0.8001802207704438,5.025066805454134
power_curves_a7_measured_low,0.5,0.0,1,0.9,4439,4.678230622258676,2.500754903311908,0.9002027483667493,4.67879681956592
power_curves_a7_measured_low,0.5,0.0,1,0.95,4439,4.455820245041698,2.41228266614682,0.950214012164902,4.456073286849697
power_curves_a7_measured_low,0.5,0.0,1,0.99,4439,4.014892896402037,2.2656456475870086,0.9900878576255914,4.016028475474747
power_curves_a7_measured_low,0.5,0.0,4,0.5,4433,5.403554621524924,2.9535083735154113,0.500112790435371,5.403554621524924
power_curves_a7_measured_low,0.5,0.0,4,0.8,4433,4.858678244782591,2.593511949079013,0.8005865102639296,4.858678244782591
power_curves_a7_measured_low,0.5,0.0,4,0.9,4433,4.532176776013939,2.4537887391962654,0.9002932551319648,4.532176776013939
power_curves_a7_measured_low,0.5,0.0,4,0.95,4433,4.2919279613525685,2.3722519990884217,0.9501466275659824,4.2919279613525685
power_curves_a7_measured_low,0.5,0.0,4,0.99,4433,3.9026889134677387,2.226747473753819,0.9900744416873449,3.902943937218486
power_curves_a7_measured_low,0.5,0.0,24,0.5,4393,5.105005945981183,2.808296556944486,0.5001138174368314,5.105005945981183
power_curves_a7_measured_low,0.5,0.0,24,0.8,4393,4.534959750903403,2.485685865453614,0.8026405645344867,4.534959750903403
power_curves_a7_measured_low,0.5,0.0,24,0.9,4393,4.256149091356834,2.369771644600939,0.9030275438197132,4.256149091356834
power_curves_a7_measured_low,0.5,0.0,24,0.95,4393,4.002770339029134,2.242483141801513,0.9512861370361939,4.002770339029134
power_curves_a7_measured_low,0.5,0.0,24,0.99,4393,3.7226990134231697,2.1430976279464256,0.9938538584111086,3.7226990134231697
power_curves_a7_measured_low,0.5,0.25,1,0.5,4439,5.601867785474472,3.0244136251271674,0.5001126379815274,5.601867785474472
power_curves_a7_measured_low,0.5,0.25,1,0.8,4439,5.065585706555032,2.680056687066962,0.8001802207704438,5.065591321882766
power_curves_a7_measured_low,0.5,0.25,1,0.9,4439,4.732038456416815,2.5494857207508406,0.9002027483667493,4.732231108318806
power_curves_a7_measured_low,0.5,0.25,1,0.95,4439,4.513255385767515,2.460737066385638,0.950214012164902,4.513440846656805
power_curves_a7_measured_low,0.5,0.25,1,0.99,4439,4.076018055184196,2.315307060967546,0.9900878576255914,4.076117902338698
power_curves_a7_measured_low,0.5,0.25,4,0.5,4433,5.427614289308291,2.966306138809913,0.500112790435371,5.427614289308291
power_curves_a7_measured_low,0.5,0.25,4,0.8,4433,4.907712034548519,2.6346970026488052,0.8001353485224453,4.907712034548519
power_curves_a7_measured_low,0.5,0.25,4,0.9,4433,4.582789899816263,2.5033327414683724,0.9002932551319648,4.582943118707773
power_curves_a7_measured_low,0.5,0.25,4,0.95,4433,4.337941319140609,2.4231097322834425,0.9508233701782088,4.343791754160783
power_curves_a7_measured_low,0.5,0.25,4,0.99,4433,3.94884588130533,2.277002401954011,0.9900744416873449,3.954766431914409
power_curves_a7_measured_low,0.5,0.25,24,0.5,4393,5.131227117031604,2.808858550700416,0.500341452310494,5.131227117031604
power_curves_a7_measured_low,0.5,0.25,24,0.8,4393,4.571921438269868,2.510169743334354,0.8003642157978602,4.571921438269868
power_curves_a7_measured_low,0.5,0.25,24,0.9,4393,4.316604432976323,2.4037517730832305,0.9032551786933758,4.316604432976323
power_curves_a7_measured_low,0.5,0.25,24,0.95,4393,4.021472583609155,2.301302421445211,0.9542453903938083,4.021472583609155
power_curves_a7_measured_low,0.5,0.25,24,0.99,4393,3.803868941608405,2.214215043547063,0.9938538584111086,3.803868941608405
power_curves_a7_measured_low,0.5,0.5,1,0.5,4439,5.62165470510582,3.0388510816316527,0.5001126379815274,5.62165470510582
power_curves_a7_measured_low,0.5,0.5,1,0.8,4439,5.100583093037082,2.721745332108557,0.8001802207704438,5.100875927615233
power_curves_a7_measured_low,0.5,0.5,1,0.9,4439,4.775475129836285,2.601252257246322,0.9002027483667493,4.775580878496491
power_curves_a7_measured_low,0.5,0.5,1,0.95,4439,4.5613629160853755,2.505070895685428,0.950214012164902,4.5615357872423425
power_curves_a7_measured_low,0.5,0.5,1,0.99,4439,4.127886323067074,2.3574561446512914,0.9900878576255914,4.130335381145384
power_curves_a7_measured_low,0.5,0.5,4,0.5,4433,5.4455095563131035,2.984673101706282,0.500112790435371,5.4455095563131035
power_curves_a7_measured_low,0.5,0.5,4,0.8,4433,4.9561957749837475,2.669179006726545,0.8001353485224453,4.9561957749837475
power_curves_a7_measured_low,0.5,0.5,4,0.9,4433,4.640817470660563,2.552812952426771,0.900518836002707,4.641254094172435
power_curves_a7_measured_low,0.5,0.5,4,0.95,4433,4.399777924012444,2.462076075825431,0.9501466275659824,4.400765000086906
power_curves_a7_measured_low,0.5,0.5,4,0.99,4433,3.9974828213853373,2.325036190572581,0.9900744416873449,4.006009474294502
power_curves_a7_measured_low,0.5,0.5,24,0.5,4393,5.144286524077996,2.816188946504328,0.5014796266788072,5.144286524077996
power_curves_a7_measured_low,0.5,0.5,24,0.8,4393,4.626542352805032,2.5526183333495935,0.803095834281812,4.6285931231249275
power_curves_a7_measured_low,0.5,0.5,24,0.9,4393,4.377059774595813,2.4494201389794794,0.9007511950830868,4.377059774595813
power_curves_a7_measured_low,0.5,0.5,24,0.95,4393,4.028069792091058,2.364935434643916,0.9547006601411336,4.028069792091058
power_curves_a7_measured_low,0.5,0.5,24,0.99,4393,3.8224065392734867,2.2282106136544573,0.9943091281584339,3.8224065392734867
power_curves_a7_measured_low,0.5,0.75,1,0.5,4439,5.645211735821778,3.062584734399498,0.5001126379815274,5.645211735821778
power_curves_a7_measured_low,0.5,0.75,1,0.8,4439,5.136942644449272,2.7622735030732493,0.8001802207704438,5.13700696784887
power_curves_a7_measured_low,0.5,0.75,1,0.9,4439,4.820901476722657,2.6439784091801277,0.9002027483667493,4.82094781927339
power_curves_a7_measured_low,0.5,0.75,1,0.95,4439,4.611717080587887,2.5503594216716,0.950214012164902,4.612559135600519
power_curves_a7_measured_low,0.5,0.75,1,0.99,4439,4.187618191904848,2.396877883972684,0.9900878576255914,4.191665260625442
power_curves_a7_measured_low,0.5,0.75,4,0.5,4433,5.475799786385425,3.0042714239742017,0.500112790435371,5.475799786385425
power_curves_a7_measured_low,0.5,0.75,4,0.8,4433,4.997115996354007,2.7143660362851003,0.8001353485224453,4.997115996354007
power_curves_a7_measured_low,0.5,0.75,4,0.9,4433,4.690894808557601,2.5970417628119224,0.9002932551319648,4.691481690761418
power_curves_a7_measured_low,0.5,0.75,4,0.95,4433,4.4375151162153035,2.5049982423486115,0.9508233701782088,4.438973971614319
power_curves_a7_measured_low,0.5,0.75,4,0.99,4433,4.05158878400788,2.366312714958115,0.9900744416873449,4.054284891083685
power_curves_a7_measured_low,0.5,0.75,24,0.5,4393,5.153396016774397,2.828185702192523,0.5033007056681084,5.153396016774397
power_curves_a7_measured_low,0.5,0.75,24,0.8,4393,4.670374143627338,2.5819274846965783,0.8001365809241976,4.670586224320988
power_curves_a7_measured_low,0.5,0.75,24,0.9,4393,4.402741840659276,2.4671919839456984,0.9048486228090143,4.402741840659276
power_curves_a7_measured_low,0.5,0.75,24,0.95,4393,4.088791982223418,2.405765057290795,0.9533348508991577,4.088791982223418
power_curves_a7_measured_low,0.5,0.75,24,0.99,4393,3.8261526294662476,2.238241864986731,0.9943091281584339,3.8261526294662476
power_curves_a7_measured_low,0.5,1.0,1,0.5,4439,5.665864465536492,3.083650272906938,0.5001126379815274,5.665864465536492
power_curves_a7_measured_low,0.5,1.0,1,0.8,4439,5.173763432506533,2.802884497488284,0.8001802207704438,5.173887852503863
power_curves_a7_measured_low,0.5,1.0,1,0.9,4439,4.872776342358955,2.683012935705073,0.9002027483667493,4.873196566733203
power_curves_a7_measured_low,0.5,1.0,1,0.95,4439,4.652865700364315,2.5890542403894248,0.950214012164902,4.653041721672651
power_curves_a7_measured_low,0.5,1.0,1,0.99,4439,4.249164506566322,2.4295948073060405,0.9900878576255914,4.249839026832956
power_curves_a7_measured_low,0.5,1.0,4,0.5,4433,5.500911859249284,3.0257580122724197,0.5003383713061132,5.500911859249284
power_curves_a7_measured_low,0.5,1.0,4,0.8,4433,5.037215579195184,2.7516302940442054,0.8005865102639296,5.037215579195184
power_curves_a7_measured_low,0.5,1.0,4,0.9,4433,4.738224658747065,2.6305017977574168,0.9002932551319648,4.738224658747065
power_curves_a7_measured_low,0.5,1.0,4,0.95,4433,4.497539018740019,2.5355127850696197,0.9501466275659824,4.497797882196883
power_curves_a7_measured_low,0.5,1.0,4,0.99,4433,4.091757069821267,2.407589239343649,0.9907511842995714,4.0940295414079
power_curves_a7_measured_low,0.5,1.0,24,0.5,4393,5.161932875393439,2.840501909242056,0.5021625312997952,5.161932875393439
power_curves_a7_measured_low,0.5,1.0,24,0.8,4393,4.7263411672730875,2.621731727408153,0.8008194855451856,4.7263411672730875
power_curves_a7_measured_low,0.5,1.0,24,0.9,4393,4.46731449696629,2.5032136254138204,0.9002959253357614,4.46731449696629
power_curves_a7_measured_low,0.5,1.0,24,0.95,4393,4.133705912670749,2.4295633359939424,0.953790120646483,4.133705912670749
power_curves_a7_measured_low,0.5,1.0,24,0.99,4393,3.871554074910218,2.2420733287310353,0.9945367630320965,3.871554074910218
power_curves_a7_measured_low,0.75,0.0,1,0.5,4439,7.091947215671455,4.516166004440504,0.5001126379815274,7.091947215671455
power_curves_a7_measured_low,0.75,0.0,1,0.8,4439,6.374829417012844,3.9611547415757284,0.8001802207704438,6.375971144287719
power_curves_a7_measured_low,0.75,0.0,1,0.9,4439,5.972659018943164,3.7511323549678623,0.9002027483667493,5.9736209128315725
power_curves_a7_measured_low,0.75,0.0,1,0.95,4439,5.689521592230433,3.61842399922023,0.950214012164902,5.693513680179327
power_curves_a7_measured_low,0.75,0.0,1,0.99,4439,5.246279296862445,3.3984684713805127,0.9900878576255914,5.247009474162517
power_curves_a7_measured_low,0.75,0.0,4,0.5,4433,6.933803795514418,4.430262560273117,0.5003383713061132,6.933803795514418
power_curves_a7_measured_low,0.75,0.0,4,0.8,4433,6.197059107283094,3.8902679236185196,0.8008120911346718,6.198098455193847
power_curves_a7_measured_low,0.75,0.0,4,0.9,4433,5.8233810186936115,3.680683108794398,0.9000676742612227,5.823621267442644
power_curves_a7_measured_low,0.75,0.0,4,0.95,4433,5.535195845219321,3.5583779986326327,0.9503722084367245,5.535546623148273
power_curves_a7_measured_low,0.75,0.0,4,0.99,4433,5.078584597849105,3.3401212106307283,0.9900744416873449,5.080620200464558
power_curves_a7_measured_low,0.75,0.0,24,0.5,4393,6.600538688358172,4.212444835416729,0.500341452310494,6.600538688358172
power_curves_a7_measured_low,0.75,0.0,24,0.8,4393,5.885873905435344,3.7285287981804207,0.8008194855451856,5.885873905435344
power_curves_a7_measured_low,0.75,0.0,24,0.9,4393,5.504893733075452,3.5546574669014084,0.9053038925563396,5.505382387072083
power_curves_a7_measured_low,0.75,0.0,24,0.95,4393,5.248209964643404,3.36372471270227,0.9517414067835193,5.248209964643404
power_curves_a7_measured_low,0.75,0.0,24,0.99,4393,4.8534432423196225,3.2146464419196383,0.9943091281584339,4.8534432423196225
power_curves_a7_measured_low,0.75,0.25,1,0.5,4439,7.115981270459256,4.529945716301106,0.5001126379815274,7.115981270459256
power_curves_a7_measured_low,0.75,0.25,1,0.8,4439,6.412085338464957,4.003487911626327,0.8001802207704438,6.412258951499702
power_curves_a7_measured_low,0.75,0.25,1,0.9,4439,6.033329596566158,3.799244954064236,0.9002027483667493,6.034632189049359
power_curves_a7_measured_low,0.75,0.25,1,0.95,4439,5.754301104026027,3.6677034497329495,0.950214012164902,5.754644281224587
power_curves_a7_measured_low,0.75,0.25,1,0.99,4439,5.304952991901752,3.44787627802778,0.9900878576255914,5.305422108341283
power_curves_a7_measured_low,0.75,0.25,4,0.5,4433,6.956596697752689,4.442266133822747,0.500112790435371,6.956596697752689
power_curves_a7_measured_low,0.75,0.25,4,0.8,4433,6.241429950028214,3.9315338322764353,0.8005865102639296,6.241429950028214
power_curves_a7_measured_low,0.75,0.25,4,0.9,4433,5.878550980105187,3.727124016304449,0.9000676742612227,5.878550980105187
power_curves_a7_measured_low,0.75,0.25,4,0.95,4433,5.610274294406066,3.6152886229020624,0.9501466275659824,5.610830138570938
power_curves_a7_measured_low,0.75,0.25,4,0.99,4433,5.140957753764265,3.3954903824190374,0.9900744416873449,5.144160736783069
power_curves_a7_measured_low,0.75,0.25,24,0.5,4393,6.6231816748573795,4.213006829172659,0.5019348964261325,6.6231816748573795
power_curves_a7_measured_low,0.75,0.25,24,0.8,4393,5.913338436050372,3.7594358965326156,0.8015023901661734,5.913338436050372
power_curves_a7_measured_low,0.75,0.25,24,0.9,4393,5.584380069658129,3.5940014640563978,0.9032551786933758,5.584380069658129
power_curves_a7_measured_low,0.75,0.25,24,0.95,4393,5.304668061353891,3.4104812415426946,0.9517414067835193,5.304668061353891
power_curves_a7_measured_low,0.75,0.25,24,0.99,4393,4.934613170504858,3.2857638575202763,0.9943091281584339,4.934613170504858
power_curves_a7_measured_low,0.75,0.5,1,0.5,4439,7.133282712646443,4.543516247287989,0.5001126379815274,7.133282712646443
power_curves_a7_measured_low,0.75,0.5,1,0.8,4439,6.455286906033958,4.041042314305481,0.8001802207704438,6.455549037240138
power_curves_a7_measured_low,0.75,0.5,1,0.9,4439,6.078902972502403,3.850279060794192,0.9002027483667493,6.079656187286774
power_curves_a7_measured_low,0.75,0.5,1,0.95,4439,5.8082184229157825,3.716939456165967,0.950214012164902,5.8123084416604485
power_curves_a7_measured_low,0.75,0.5,1,0.99,4439,5.3600245964141235,3.494487295598818,0.9900878576255914,5.360663213514288
power_curves_a7_measured_low,0.75,0.5,4,0.5,4433,6.9740574535687445,4.462172546780839,0.5005639521768555,6.9740574535687445
power_curves_a7_measured_low,0.75,0.5,4,0.8,4433,6.282686544436908,3.9673134332303905,0.8005865102639296,6.282686544436908
power_curves_a7_measured_low,0.75,0.5,4,0.9,4433,5.915152998832957,3.7788483973965628,0.900518836002707,5.915152998832957
power_curves_a7_measured_low,0.75,0.5,4,0.95,4433,5.665334984752737,3.653826962994431,0.9501466275659824,5.6683759906791735
power_curves_a7_measured_low,0.75,0.5,4,0.99,4433,5.203648985463964,3.4441975957041295,0.9900744416873449,5.207074512673161
power_curves_a7_measured_low,0.75,0.5,24,0.5,4393,6.641897940132209,4.213568822928589,0.5014796266788072,6.641897940132209
power_curves_a7_measured_low,0.75,0.5,24,0.8,4393,5.939088132035069,3.7754721187772033,0.8028681994081494,5.9391387078912885
power_curves_a7_measured_low,0.75,0.5,24,0.9,4393,5.627447332401482,3.6232502962237896,0.9034828135670385,5.627447332401482
power_curves_a7_measured_low,0.75,0.5,24,0.95,4393,5.308259382580191,3.4934260227929386,0.9526519462781698,5.308259382580191
power_curves_a7_measured_low,0.75,0.5,24,0.99,4393,4.9954373348030074,3.338449477747414,0.9943091281584339,4.9954373348030074
power_curves_a7_measured_low,0.75,0.75,1,0.5,4439,7.152953702932528,4.5582766224474796,0.5001126379815274,7.152953702932528
power_curves_a7_measured_low,0.75,0.75,1,0.8,4439,6.508268778749988,4.082617998162835,0.8001802207704438,6.50837555562497
power_curves_a7_measured_low,0.75,0.75,1,0.9,4439,6.125850708248217,3.901878385869483,0.9002027483667493,6.125992134710906
power_curves_a7_measured_low,0.75,0.75,1,0.95,4439,5.855544141730058,3.757606343528142,0.950214012164902,5.855786991227476
power_curves_a7_measured_low,0.75,0.75,1,0.99,4439,5.425419940274307,3.536184216976937,0.9900878576255914,5.427762830546225
power_curves_a7_measured_low,0.75,0.75,4,0.5,4433,6.9920043833947485,4.477009652559422,0.500112790435371,6.9920043833947485
power_curves_a7_measured_low,0.75,0.75,4,0.8,4433,6.324957982213959,4.0037685100898175,0.8003609293931875,6.326109426282629
power_curves_a7_measured_low,0.75,0.75,4,0.9,4433,5.957153166296335,3.8292194286401564,0.9000676742612227,5.957153166296335
power_curves_a7_measured_low,0.75,0.75,4,0.95,4433,5.710363629635619,3.693114113738147,0.9503722084367245,5.712497663779289
power_curves_a7_measured_low,0.75,0.75,4,0.99,4433,5.251010485047001,3.487554285858872,0.9900744416873449,5.251010485047001
power_curves_a7_measured_low,0.75,0.75,24,0.5,4393,6.655395921448175,4.2242834197564925,0.5019348964261325,6.655395921448175
power_curves_a7_measured_low,0.75,0.75,24,0.8,4393,5.952874889730237,3.8289275000243905,0.802412929660824,5.952874889730237
power_curves_a7_measured_low,0.75,0.75,24,0.9,4393,5.666194928813925,3.6741302084692196,0.900523560209424,5.666194928813925
power_curves_a7_measured_low,0.75,0.75,24,0.95,4393,5.323812927159708,3.547403151965874,0.9524243114045071,5.323812927159708
power_curves_a7_measured_low,0.75,0.75,24,0.99,4393,4.999183424995769,3.3423159204816857,0.9943091281584339,4.999183424995769
power_curves_a7_measured_low,0.75,1.0,1,0.5,4439,7.172065659241788,4.582505206282323,0.5001126379815274,7.172065659241788
power_curves_a7_measured_low,0.75,1.0,1,0.8,4439,6.557109026056393,4.122193517705245,0.8001802207704438,6.557923173782643
power_curves_a7_measured_low,0.75,1.0,1,0.9,4439,6.179576428244242,3.944453357232108,0.9002027483667493,6.181705316996306
power_curves_a7_measured_low,0.75,1.0,1,0.95,4439,5.9146821247923365,3.8035757335960327,0.950214012164902,5.915333455246
power_curves_a7_measured_low,0.75,1.0,1,0.99,4439,5.487518040980132,3.5811246802745536,0.9900878576255914,5.489397519685355
power_curves_a7_measured_low,0.75,1.0,4,0.5,4433,7.012453782360249,4.493243297788597,0.5005639521768555,7.012453782360249
power_curves_a7_measured_low,0.75,1.0,4,0.8,4433,6.37812686827379,4.046413279363049,0.8001353485224453,6.37812686827379
power_curves_a7_measured_low,0.75,1.0,4,0.9,4433,5.997378125890893,3.874245538172581,0.900518836002707,5.997378125890893
power_curves_a7_measured_low,0.75,1.0,4,0.95,4433,5.750629127738332,3.7361364430033017,0.9508233701782088,5.750845440234758
power_curves_a7_measured_low,0.75,1.0,4,0.99,4433,5.256788335457891,3.5416142931793146,0.9900744416873449,5.261897783606011
power_curves_a7_measured_low,0.75,1.0,24,0.5,4393,6.664965170444922,4.24165764333348,0.5019348964261325,6.664965170444922
power_curves_a7_measured_low,0.75,1.0,24,0.8,4393,5.997378125890893,3.8657703148530684,0.8017300250398361,5.997378125890893
power_curves_a7_measured_low,0.75,1.0,24,0.9,4393,5.719122971879203,3.6826299855725413,0.9000682904620988,5.72079659937266
power_curves_a7_measured_low,0.75,1.0,24,0.95,4393,5.35094613668325,3.592867238738635,0.9535624857728204,5.35094613668325
power_curves_a7_measured_low,0.75,1.0,24,0.99,4393,5.049640813084735,3.3554470656079447,0.9945367630320965,5.049640813084735
power_curves_a7_measured_low,1.0,0.0,1,0.5,4439,8.625450865925064,6.021554672587339,0.5001126379815274,8.625450865925064
power_curves_a7_measured_low,1.0,0.0,1,0.8,4439,7.706632566433557,5.281539655434305,0.8001802207704438,7.707482828664735
power_curves_a7_measured_low,1.0,0.0,1,0.9,4439,7.249585064245975,5.001509806623816,0.9002027483667493,7.250239111498268
power_curves_a7_measured_low,1.0,0.0,1,0.95,4439,6.93682136076464,4.82456533229364,0.950214012164902,6.939516681361919
power_curves_a7_measured_low,1.0,0.0,1,0.99,4439,6.436184685345708,4.531291295174017,0.9900878576255914,6.437200895629128
power_curves_a7_measured_low,1.0,0.0,4,0.5,4433,8.433175442357614,5.907016747030823,0.5003383713061132,8.433175442357614
power_curves_a7_measured_low,1.0,0.0,4,0.8,4433,7.521040818454189,5.187023898158026,0.8005865102639296,7.521040818454189
power_curves_a7_measured_low,1.0,0.0,4,0.9,4433,7.08248175207807,4.907577478392531,0.9007444168734491,7.082484453707478
power_curves_a7_measured_low,1.0,0.0,4,0.95,4433,6.771746049914369,4.744503998176843,0.9501466275659824,6.771746049914369
power_curves_a7_measured_low,1.0,0.0,4,0.99,4433,6.212798828303195,4.453494947507638,0.9900744416873449,6.225947709455947
power_curves_a7_measured_low,1.0,0.0,24,0.5,4393,8.083593935848118,5.616593113888972,0.5014796266788072,8.083593935848118
power_curves_a7_measured_low,1.0,0.0,24,0.8,4393,7.1609418298605885,4.971371730907228,0.8003642157978602,7.16225417482427
power_curves_a7_measured_low,1.0,0.0,24,0.9,4393,6.739942138893009,4.739543289201878,0.9032551786933758,6.739942138893009
power_curves_a7_measured_low,1.0,0.0,24,0.95,4393,6.48152703288477,4.484966283603026,0.9515137719098566,6.48152703288477
power_curves_a7_measured_low,1.0,0.0,24,0.99,4393,5.9841874712160745,4.286195255892851,0.9943091281584339,5.9841874712160745
power_curves_a7_measured_low,1.0,0.25,1,0.5,4439,8.640251499172823,6.033526279023436,0.5001126379815274,8.640251499172823
power_curves_a7_measured_low,1.0,0.25,1,0.8,4439,7.754184371751583,5.322647428691777,0.8001802207704438,7.754418658318146
power_curves_a7_measured_low,1.0,0.25,1,0.9,4439,7.307616774418867,5.047951377812639,0.9002027483667493,7.307640586341653
power_curves_a7_measured_low,1.0,0.25,1,0.95,4439,6.992117265339061,4.876295404603724,0.950214012164902,6.992738398657151
power_curves_a7_measured_low,1.0,0.25,1,0.99,4439,6.501022198477171,4.583849113149924,0.9900878576255914,6.5011422691523855
power_curves_a7_measured_low,1.0,0.25,4,0.5,4433,8.446186270314218,5.919707765618303,0.5003383713061132,8.446186270314218
power_curves_a7_measured_low,1.0,0.25,4,0.8,4433,7.561358992655402,5.228627408202411,0.8008120911346718,7.5614521169984545
power_curves_a7_measured_low,1.0,0.25,4,0.9,4433,7.13331267642243,4.951424104062914,0.9000676742612227,7.133367197374871
power_curves_a7_measured_low,1.0,0.25,4,0.95,4433,6.827933850220712,4.796243521317495,0.9503722084367245,6.827933850220712
power_curves_a7_measured_low,1.0,0.25,4,0.99,4433,6.275490060002895,4.509783806085602,0.9900744416873449,6.295714187615939
power_curves_a7_measured_low,1.0,0.25,24,0.5,4393,8.08598565227673,5.617155107644901,0.5017072615524698,8.08598565227673
power_curves_a7_measured_low,1.0,0.25,24,0.8,4393,7.214426125432102,5.011943236900834,0.8005918506715228,7.214426125432102
power_curves_a7_measured_low,1.0,0.25,24,0.9,4393,6.774319670178831,4.78453852922624,0.9032551786933758,6.774319670178831
power_curves_a7_measured_low,1.0,0.25,24,0.95,4393,6.54265219166693,4.528873939218485,0.9515137719098566,6.54265219166693
power_curves_a7_measured_low,1.0,0.25,24,0.99,4393,6.06535739940131,4.357312671493489,0.9943091281584339,6.06535739940131
power_curves_a7_measured_low,1.0,0.5,1,0.5,4439,8.65772154589909,6.048827250254335,0.5001126379815274,8.65772154589909
power_curves_a7_measured_low,1.0,0.5,1,0.8,4439,7.798713022892848,5.360113374133924,0.8001802207704438,7.799994148526678
power_curves_a7_measured_low,1.0,0.5,1,0.9,4439,7.362702645741308,5.098971441501681,0.9002027483667493,7.363855630237705
power_curves_a7_measured_low,1.0,0.5,1,0.95,4439,7.055324143627885,4.921474132771276,0.950214012164902,7.057022002330589
power_curves_a7_measured_low,1.0,0.5,1,0.99,4439,6.566988002970306,4.630614121935092,0.9900878576255914,6.5706613928136
power_curves_a7_measured_low,1.0,0.5,4,0.5,4433,8.461753072996974,5.932612277619826,0.500112790435371,8.461753072996974
power_curves_a7_measured_low,1.0,0.5,4,0.8,4433,7.622776629356936,5.2693940052976105,0.8003609293931875,7.622776629356936
power_curves_a7_measured_low,1.0,0.5,4,0.9,4433,7.178360273562063,5.006665482936745,0.9002932551319648,7.179030818492269
power_curves_a7_measured_low,1.0,0.5,4,0.95,4433,6.874064684438309,4.846219464566885,0.9503722084367245,6.874064684438309
power_curves_a7_measured_low,1.0,0.5,4,0.99,4433,6.338181291702594,4.554004803908022,0.9900744416873449,6.340251001861435
power_curves_a7_measured_low,1.0,0.5,24,0.5,4393,8.092922145087933,5.617717101400832,0.500341452310494,8.092922145087933
power_curves_a7_measured_low,1.0,0.5,24,0.8,4393,7.215398874135529,5.020339486668708,0.8037787389027999,7.215398874135529
power_curves_a7_measured_low,1.0,0.5,24,0.9,4393,6.856865660836997,4.807503546166461,0.9002959253357614,6.856865660836997
power_curves_a7_measured_low,1.0,0.5,24,0.95,4393,6.553517343588318,4.602604842890422,0.9517414067835193,6.553517343588318
power_curves_a7_measured_low,1.0,0.5,24,0.99,4393,6.145285821267818,4.428430087094126,0.9943091281584339,6.145285821267818
power_curves_a7_measured_low,1.0,0.75,1,0.5,4439,8.67082926686421,6.064790054885345,0.5001126379815274,8.67082926686421
power_curves_a7_measured_low,1.0,0.75,1,0.8,4439,7.849625430099559,5.401322370260707,0.8001802207704438,7.8501217013056515
power_curves_a7_measured_low,1.0,0.75,1,0.9,4439,7.417133575415378,5.150962318564534,0.9002027483667493,7.417310646568345
power_curves_a7_measured_low,1.0,0.75,1,0.95,4439,7.11769648597911,4.971539970868043,0.950214012164902,7.119420073594957
power_curves_a7_measured_low,1.0,0.75,1,0.99,4439,6.622900827880929,4.6740006441453374,0.9900878576255914,6.624191250146216
power_curves_a7_measured_low,1.0,0.75,4,0.5,4433,8.47959060845138,5.960987802049217,0.500112790435371,8.47959060845138
power_curves_a7_measured_low,1.0,0.75,4,0.8,4433,7.670061689614393,5.300882144307385,0.8001353485224453,7.670240486190575
power_curves_a7_measured_low,1.0,0.75,4,0.9,4433,7.216371622838956,5.052207754263923,0.9007444168734491,7.216507030917782
power_curves_a7_measured_low,1.0,0.75,4,0.95,4433,6.937896224957805,4.885473044351159,0.9505977893074667,6.940064213285311
power_curves_a7_measured_low,1.0,0.75,4,0.99,4433,6.376585984316234,4.608795856759628,0.9900744416873449,6.376585984316234
power_curves_a7_measured_low,1.0,0.75,24,0.5,4393,8.11620782079326,5.624377980541656,0.5001138174368314,8.11620782079326
power_curves_a7_measured_low,1.0,0.75,24,0.8,4393,7.280182020135536,5.04064067656729,0.8017300250398361,7.280182020135536
power_curves_a7_measured_low,1.0,0.75,24,0.9,4393,6.881507064892891,4.832199306316399,0.9002959253357614,6.881507064892891
power_curves_a7_measured_low,1.0,0.75,24,0.95,4393,6.560851852142036,4.672763205618837,0.9526519462781698,6.560851852142036
power_curves_a7_measured_low,1.0,0.75,24,0.99,4393,6.17221422052529,4.452554784574642,0.9945367630320965,6.17221422052529
power_curves_a7_measured_low,1.0,1.0,1,0.5,4439,8.68926516703079,6.0777021632633055,0.5001126379815274,8.68926516703079
power_curves_a7_measured_low,1.0,1.0,1,0.8,4439,7.893001638496916,5.443490664217114,0.8001802207704438,7.893195692965029
power_curves_a7_measured_low,1.0,1.0,1,0.9,4439,7.473561261806545,5.202504514492644,0.9002027483667493,7.478381915397116
power_curves_a7_measured_low,1.0,1.0,1,0.95,4439,7.171506805196201,5.010141791370856,0.950214012164902,7.17280741393811
power_curves_a7_measured_low,1.0,1.0,1,0.99,4439,6.6788191944953965,4.714912289302583,0.9900878576255914,6.682602752828938
power_curves_a7_measured_low,1.0,1.0,4,0.5,4433,8.500633642653874,5.969346203412564,0.500112790435371,8.500633642653874
power_curves_a7_measured_low,1.0,1.0,4,0.8,4433,7.703330195197707,5.33835801345309,0.8001353485224453,7.703531632096892
power_curves_a7_measured_low,1.0,1.0,4,0.9,4433,7.273488861932106,5.105625904853542,0.9002932551319648,7.273488861932106
power_curves_a7_measured_low,1.0,1.0,4,0.95,4433,6.994016333494855,4.924152151650862,0.9503722084367245,6.994016333494855
power_curves_a7_measured_low,1.0,1.0,4,0.99,4433,6.410720232733785,4.650072381145162,0.9907511842995714,6.415824385515585
power_curves_a7_measured_low,1.0,1.0,24,0.5,4393,8.12244652849181,5.632377893008656,0.500341452310494,8.12244652849181
power_curves_a7_measured_low,1.0,1.0,24,0.8,4393,7.2929542869882,5.105236666699187,0.8010471204188482,7.2929542869882
power_curves_a7_measured_low,1.0,1.0,24,0.9,4393,6.901700844734839,4.898840277958959,0.9002959253357614,6.902308157733144
power_curves_a7_measured_low,1.0,1.0,24,0.95,4393,6.598637502777528,4.729870869287832,0.9526519462781698,6.598637502777528
power_curves_a7_measured_low,1.0,1.0,24,0.99,4393,6.227727551259252,4.4564212273089145,0.9945367630320965,6.227727551259252
power_curves_a7_measured_mid,0.0,0.0,1,0.5,4439,3.63737195280165,0.0,0.5001126379815274,3.63737195280165
power_curves_a7_measured_mid,0.0,0.0,1,0.8,4439,3.032919834095163,0.0,0.8001802207704438,3.0335119853965082
power_curves_a7_measured_mid,0.0,0.0,1,0.9,4439,2.814017705555577,0.0,0.9002027483667493,2.8152672135291783
power_curves_a7_measured_mid,0.0,0.0,1,0.95,4439,2.618716351156512,0.0,0.950214012164902,2.6188248185627097
power_curves_a7_measured_mid,0.0,0.0,1,0.99,4439,2.171354036441834,0.0,0.9900878576255914,2.172384701437211
power_curves_a7_measured_mid,0.0,0.0,4,0.5,4433,3.378175924451991,0.0,0.5003383713061132,3.378175924451991
power_curves_a7_measured_mid,0.0,0.0,4,0.8,4433,2.866889416822424,0.0,0.8001353485224453,2.866889416822424
power_curves_a7_measured_mid,0.0,0.0,4,0.9,4433,2.6349325736165765,0.0,0.9007444168734491,2.6357006928200537
power_curves_a7_measured_mid,0.0,0.0,4,0.95,4433,2.4128795085739143,0.0,0.9501466275659824,2.414270355945841
power_curves_a7_measured_mid,0.0,0.0,4,0.99,4433,1.9852351405503181,0.0,0.9905256034288292,1.9852351405503181
power_curves_a7_measured_mid,0.0,0.0,24,0.5,4393,2.9487336751850277,0.0,0.5030730707944457,2.9487336751850277
power_curves_a7_measured_mid,0.0,0.0,24,0.8,4393,2.507641490708643,0.0,0.8026405645344867,2.507641490708643
power_curves_a7_measured_mid,0.0,0.0,24,0.9,4393,2.2826332901901143,0.0,0.9016617345777374,2.2826332901901143
power_curves_a7_measured_mid,0.0,0.0,24,0.95,4393,1.9925728482113592,0.0,0.954473025267471,1.9925728482113592
power_curves_a7_measured_mid,0.0,0.0,24,0.99,4393,1.7129789063412735,0.0,0.9943091281584339,1.7129789063412735
power_curves_a7_measured_mid,0.0,0.25,1,0.5,4439,3.6802504166443706,0.019864913367369588,0.5001126379815274,3.6802504166443706
power_curves_a7_measured_mid,0.0,0.25,1,0.8,4439,3.078027824701378,0.00787628977306564,0.8001802207704438,3.0782031673939123
power_curves_a7_measured_mid,0.0,0.25,1,0.9,4439,2.851949497680001,0.0030319663415666162,0.9002027483667493,2.8528142635547677
power_curves_a7_measured_mid,0.0,0.25,1,0.95,4439,2.6707134543368354,0.0016160262990299258,0.950214012164902,2.670894526653291
power_curves_a7_measured_mid,0.0,0.25,1,0.99,4439,2.2445622404726127,0.000495706968439663,0.9900878576255914,2.2492356362668686
power_curves_a7_measured_mid,0.0,0.25,4,0.5,4433,3.423326321771678,0.015792756951464083,0.5007895330475975,3.423326321771678
power_curves_a7_measured_mid,0.0,0.25,4,0.8,4433,2.905677844482348,0.005625376356577496,0.8008120911346718,2.9062096016484484
power_curves_a7_measured_mid,0.0,0.25,4,0.9,4433,2.688104521151765,0.001871896,0.9000676742612227,2.68833690634089
power_curves_a7_measured_mid,0.0,0.25,4,0.95,4433,2.46951375145815,0.000897108740086064,0.9501466275659824,2.470915045007576
power_curves_a7_measured_mid,0.0,0.25,4,0.99,4433,2.0743749051193525,0.00021468165659869923,0.9907511842995714,2.075462509787986
power_curves_a7_measured_mid,0.0,0.25,24,0.5,4393,2.9716164601654547,0.009951684829762969,0.5026178010471204,2.9716164601654547
power_curves_a7_measured_mid,0.0,0.25,24,0.8,4393,2.5453102703895314,0.0014508289625866876,0.8005918506715228,2.5453102703895314
power_curves_a7_measured_mid,0.0,0.25,24,0.9,4393,2.2993770578327095,0.0005144307259489046,0.9032551786933758,2.2993770578327095
power_curves_a7_measured_mid,0.0,0.25,24,0.95,4393,2.088433817882801,0.0003092654131233648,0.9531072160254951,2.088433817882801
power_curves_a7_measured_mid,0.0,0.25,24,0.99,4393,1.8036022117978407,0.00014399199999999999,0.9943091281584339,1.8036022117978407
power_curves_a7_measured_mid,0.0,0.5,1,0.5,4439,3.7246426501773335,0.039729826734739175,0.5001126379815274,3.7246426501773335
power_curves_a7_measured_mid,0.0,0.5,1,0.8,4439,3.117559347232118,0.01575257954613128,0.8001802207704438,3.1177270080335826
power_curves_a7_measured_mid,0.0,0.5,1,0.9,4439,2.8927658024982845,0.0060639326831332324,0.9002027483667493,2.893112235339103
power_curves_a7_measured_mid,0.0,0.5,1,0.95,4439,2.7055495773425275,0.0032320525980598517,0.950214012164902,2.706960745656071
power_curves_a7_measured_mid,0.0,0.5,1,0.99,4439,2.3305327000621445,0.000991413936879326,0.9900878576255914,2.330838324164308
power_curves_a7_measured_mid,0.0,0.5,4,0.5,4433,3.4636769575121753,0.031585513902928165,0.5003383713061132,3.4636769575121753
power_curves_a7_measured_mid,0.0,0.5,4,0.8,4433,2.944337994057465,0.011250752713154993,0.8001353485224453,2.944337994057465
power_curves_a7_measured_mid,0.0,0.5,4,0.9,4433,2.72441344420471,0.003743792,0.9000676742612227,2.724427129561023
power_curves_a7_measured_mid,0.0,0.5,4,0.95,4433,2.500133044185232,0.001794217480172128,0.9503722084367245,2.500133044185232
power_curves_a7_measured_mid,0.0,0.5,4,0.99,4433,2.165496426289978,0.00042936331319739845,0.9900744416873449,2.1668880001612916
power_curves_a7_measured_mid,0.0,0.5,24,0.5,4393,3.0301364871337526,0.019903369659525938,0.501024356931482,3.0301364871337526
power_curves_a7_measured_mid,0.0,0.5,24,0.8,4393,2.5960392719870264,0.002901657925173375,0.8026405645344867,2.5960392719870264
power_curves_a7_measured_mid,0.0,0.5,24,0.9,4393,2.3461669793981947,0.0010288614518978092,0.904393353061689,2.3461669793981947
power_curves_a7_measured_mid,0.0,0.5,24,0.95,4393,2.1842947875542427,0.0006185308262467296,0.9501479626678807,2.1842947875542427
power_curves_a7_measured_mid,0.0,0.5,24,0.99,4393,1.8942255172544078,0.00028798399999999997,0.9945367630320965,1.8942255172544078
power_curves_a7_measured_mid,0.0,0.75,1,0.5,4439,3.7689870650069013,0.05959474010210876,0.5001126379815274,3.7689870650069013
power_curves_a7_measured_mid,0.0,0.75,1,0.8,4439,3.152136988126459,0.023628869319196916,0.8001802207704438,3.1521459376934833
power_curves_a7_measured_mid,0.0,0.75,1,0.9,4439,2.9320978315938517,0.009095899024699849,0.9002027483667493,2.9323042572835365
power_curves_a7_measured_mid,0.0,0.75,1,0.95,4439,2.734502810122563,0.004848078897089778,0.950214012164902,2.7354783423982743
power_curves_a7_measured_mid,0.0,0.75,1,0.99,4439,2.402427029936547,0.0014871209053189892,0.9900878576255914,2.4031439071786327
power_curves_a7_measured_mid,0.0,0.75,4,0.5,4433,3.511181397536841,0.04737827085439225,0.5005639521768555,3.511181397536841
power_curves_a7_measured_mid,0.0,0.75,4,0.8,4433,2.971196584788601,0.016876129069732487,0.8003609293931875,2.971196584788601
power_curves_a7_measured_mid,0.0,0.75,4,0.9,4433,2.755776758350582,0.005615688000000001,0.9000676742612227,2.755776758350582
power_curves_a7_measured_mid,0.0,0.75,4,0.95,4433,2.5444261782709026,0.002691326220258192,0.9501466275659824,2.5444261782709026
power_curves_a7_measured_mid,0.0,0.75,4,0.99,4433,2.2166767652695696,0.0006440449697960977,0.990300022558087,2.2166767652695696
power_curves_a7_measured_mid,0.0,0.75,24,0.5,4393,3.0463271396396747,0.029855054489288907,0.5021625312997952,3.0463271396396747
power_curves_a7_measured_mid,0.0,0.75,24,0.8,4393,2.6095444847267317,0.0043524868877600625,0.8035511040291372,2.6095444847267317
power_curves_a7_measured_mid,0.0,0.75,24,0.9,4393,2.3999142920380514,0.0015432921778467138,0.9009788299567494,2.3999142920380514
power_curves_a7_measured_mid,0.0,0.75,24,0.95,4393,2.2166767652695696,0.0009277962393700944,0.9547006601411336,2.2166767652695696
power_curves_a7_measured_mid,0.0,0.75,24,0.99,4393,1.984848822710975,0.00043197599999999993,0.9945367630320965,1.984848822710975
power_curves_a7_measured_mid,0.0,1.0,1,0.5,4439,3.8124008055192005,0.07945965346947835,0.5001126379815274,3.8124008055192005
power_curves_a7_measured_mid,0.0,1.0,1,0.8,4439,3.1952920420403643,0.03150515909226256,0.8001802207704438,3.195410468349803
power_curves_a7_measured_mid,0.0,1.0,1,0.9,4439,2.9666065675025544,0.012127865366266465,0.9002027483667493,2.9671923560439506
power_curves_a7_measured_mid,0.0,1.0,1,0.95,4439,2.7804634911000647,0.006464105196119703,0.950214012164902,2.7820516181272623
power_curves_a7_measured_mid,0.0,1.0,1,0.99,4439,2.463887471248658,0.001982827873758652,0.9900878576255914,2.4693230297007207
power_curves_a7_measured_mid,0.0,1.0,4,0.5,4433,3.547570200250592,0.06317102780585633,0.500112790435371,3.547570200250592
power_curves_a7_measured_mid,0.0,1.0,4,0.8,4433,2.9984161807597696,0.022501505426309985,0.8001353485224453,2.9984161807597696
power_curves_a7_measured_mid,0.0,1.0,4,0.9,4433,2.793380110267947,0.007487584,0.9000676742612227,2.793380110267947
power_curves_a7_measured_mid,0.0,1.0,4,0.95,4433,2.5866859770471757,0.003588434960344256,0.9503722084367245,2.5866859770471757
power_curves_a7_measured_mid,0.0,1.0,4,0.99,4433,2.302528833372851,0.0008587266263947969,0.990300022558087,2.302528833372851
power_curves_a7_measured_mid,0.0,1.0,24,0.5,4393,3.0836595696002638,0.039806739319051876,0.5001138174368314,3.0836595696002638
power_curves_a7_measured_mid,0.0,1.0,24,0.8,4393,2.67390088696317,0.00580331585034675,0.8019576599134988,2.67390088696317
power_curves_a7_measured_mid,0.0,1.0,24,0.9,4393,2.4396942919759557,0.0020577229037956183,0.905076257682677,2.4396942919759557
power_curves_a7_measured_mid,0.0,1.0,24,0.95,4393,2.302528833372851,0.0012370616524934592,0.954473025267471,2.302528833372851
power_curves_a7_measured_mid,0.0,1.0,24,0.99,4393,1.9969232238284031,0.0005759679999999999,0.9945367630320965,1.9969232238284031
power_curves_a7_measured_mid,0.25,0.0,1,0.5,4439,5.191455147195555,1.5495302960737702,0.5001126379815274,5.191455147195555
power_curves_a7_measured_mid,0.25,0.0,1,0.8,4439,4.586779769927813,1.3594310420627895,0.8001802207704438,4.587053467024993
power_curves_a7_measured_mid,0.25,0.0,1,0.9,4439,4.304498706915643,1.2872203711549033,0.9002027483667493,4.305012325727544
power_curves_a7_measured_mid,0.25,0.0,1,0.95,4439,4.045097713513608,1.2419997485565522,0.950214012164902,4.045621012258314
power_curves_a7_measured_mid,0.25,0.0,1,0.99,4439,3.5066861649509127,1.1661670026766648,0.9900878576255914,3.5069879539086193
power_curves_a7_measured_mid,0.25,0.0,4,0.5,4433,4.932227216670892,1.5202287087077164,0.5005639521768555,4.932227216670892
power_curves_a7_measured_mid,0.25,0.0,4,0.8,4433,4.411737571851534,1.335282523493219,0.8001353485224453,4.411737571851534
power_curves_a7_measured_mid,0.25,0.0,4,0.9,4433,4.121083447629122,1.26287008695166,0.9002932551319648,4.121083447629122
power_curves_a7_measured_mid,0.25,0.0,4,0.95,4433,3.7541803450196762,1.2213513390178836,0.9501466275659824,3.758270689529515
power_curves_a7_measured_mid,0.25,0.0,4,0.99,4433,3.3478633901316037,1.1464751337109453,0.9900744416873449,3.3478633901316037
power_curves_a7_measured_mid,0.25,0.0,24,0.5,4393,4.4856261765998955,1.4448807038553215,0.5005690871841566,4.4856261765998955
power_curves_a7_measured_mid,0.25,0.0,24,0.8,4393,4.0729407190134985,1.2797682300397688,0.8021852947871614,4.0729407190134985
power_curves_a7_measured_mid,0.25,0.0,24,0.9,4393,3.662169045719101,1.2199586425639137,0.9023446391987252,3.662169045719101
power_curves_a7_measured_mid,0.25,0.0,24,0.95,4393,3.3852415522877273,1.1543602586274027,0.9501479626678807,3.3867146885017956
power_curves_a7_measured_mid,0.25,0.0,24,0.99,4393,3.0969197384089746,1.1036625612207738,0.9933985886637833,3.0969197384089746
power_curves_a7_measured_mid,0.25,0.25,1,0.5,4439,5.226158202687813,1.5746742703473908,0.5001126379815274,5.226158202687813
power_curves_a7_measured_mid,0.25,0.25,1,0.8,4439,4.6270472968377785,1.4186594224203204,0.8001802207704438,4.627092251558641
power_curves_a7_measured_mid,0.25,0.25,1,0.9,4439,4.371399376096436,1.3571143966096715,0.9002027483667493,4.371847256485676
power_curves_a7_measured_mid,0.25,0.25,1,0.95,4439,4.1121725376827385,1.3077795454474772,0.950214012164902,4.113702941771348
power_curves_a7_measured_mid,0.25,0.25,1,0.99,4439,3.588130314372246,1.2303016422883961,0.9900878576255914,3.588641101803152
power_curves_a7_measured_mid,0.25,0.25,4,0.5,4433,4.969947957913757,1.5450541297580132,0.500112790435371,4.969947957913757
power_curves_a7_measured_mid,0.25,0.25,4,0.8,4433,4.4525465167441824,1.3938448803852004,0.8001353485224453,4.452552271181234
power_curves_a7_measured_mid,0.25,0.25,4,0.9,4433,4.16975877983406,1.3342697544541626,0.900518836002707,4.1703171120585605
power_curves_a7_measured_mid,0.25,0.25,4,0.95,4433,3.8249259083057456,1.284761013065319,0.9501466275659824,3.8277651473394507
power_curves_a7_measured_mid,0.25,0.25,4,0.99,4433,3.405299209037386,1.2146255654381983,0.9905256034288292,3.405299209037386
power_curves_a7_measured_mid,0.25,0.25,24,0.5,4393,4.522285807781159,1.4561158278386834,0.5019348964261325,4.522285807781159
power_curves_a7_measured_mid,0.25,0.25,24,0.8,4393,4.152989857556751,1.3266018747331418,0.8001365809241976,4.152989857556751
power_curves_a7_measured_mid,0.25,0.25,24,0.9,4393,3.680814764276758,1.265464360593516,0.9007511950830868,3.680814764276758
power_curves_a7_measured_mid,0.25,0.25,24,0.95,4393,3.4635209477477633,1.2339051085774213,0.954473025267471,3.4635209477477633
power_curves_a7_measured_mid,0.25,0.25,24,0.99,4393,3.1864627435236983,1.1523112643957534,0.9943091281584339,3.1864627435236983
power_curves_a7_measured_mid,0.25,0.5,1,0.5,4439,5.2612468017222795,1.6088488326772301,0.5001126379815274,5.2612468017222795
power_curves_a7_measured_mid,0.25,0.5,1,0.8,4439,4.667583631156596,1.475193119543188,0.8001802207704438,4.667797570395939
power_curves_a7_measured_mid,0.25,0.5,1,0.9,4439,4.4204965221129005,1.4073207634407925,0.9002027483667493,4.420751138341029
power_curves_a7_measured_mid,0.25,0.5,1,0.95,4439,4.157096506769101,1.3532683123987475,0.950214012164902,4.161881585954433
power_curves_a7_measured_mid,0.25,0.5,1,0.99,4439,3.648225506242735,1.2641479899098065,0.9900878576255914,3.6505875979580127
power_curves_a7_measured_mid,0.25,0.5,4,0.5,4433,5.007030289846119,1.5782189274655747,0.5005639521768555,5.007030289846119
power_curves_a7_measured_mid,0.25,0.5,4,0.8,4433,4.500573650676847,1.4449294424011374,0.8001353485224453,4.50104472188551
power_curves_a7_measured_mid,0.25,0.5,4,0.9,4433,4.238882283250854,1.3809906955900668,0.9000676742612227,4.238882283250854
power_curves_a7_measured_mid,0.25,0.5,4,0.95,4433,3.8921640367207737,1.327334897284255,0.9501466275659824,3.893926748351301
power_curves_a7_measured_mid,0.25,0.5,4,0.99,4433,3.5092179239099526,1.243202606706893,0.9900744416873449,3.5092179239099526
power_curves_a7_measured_mid,0.25,0.5,24,0.5,4393,4.561149245860514,1.4763500520049124,0.5044388800364216,4.561149245860514
power_curves_a7_measured_mid,0.25,0.5,24,0.8,4393,4.218168055597423,1.376134230530669,0.8021852947871614,4.218168055597423
power_curves_a7_measured_mid,0.25,0.5,24,0.9,4393,3.716857434365031,1.3091887993962348,0.9009788299567494,3.716857434365031
power_curves_a7_measured_mid,0.25,0.5,24,0.95,4393,3.531359770198103,1.274890872248994,0.9542453903938083,3.531359770198103
power_curves_a7_measured_mid,0.25,0.5,24,0.99,4393,3.192275115694393,1.1581473950805616,0.9943091281584339,3.192275115694393
power_curves_a7_measured_mid,0.25,0.75,1,0.5,4439,5.2977478083517555,1.6464947072738105,0.5001126379815274,5.2977478083517555
power_curves_a7_measured_mid,0.25,0.75,1,0.8,4439,4.714409443264593,1.5190564870568453,0.8001802207704438,4.714638582508056
power_curves_a7_measured_mid,0.25,0.75,1,0.9,4439,4.466780460202124,1.441872630260804,0.9002027483667493,4.46680143291061
power_curves_a7_measured_mid,0.25,0.75,1,0.95,4439,4.209912251964962,1.3805287343724342,0.950214012164902,4.209921069727803
power_curves_a7_measured_mid,0.25,0.75,1,0.99,4439,3.71268853480984,1.2752310142800918,0.9900878576255914,3.7156701125547107
power_curves_a7_measured_mid,0.25,0.75,4,0.5,4433,5.052548117106458,1.61268643187473,0.500112790435371,5.052548117106458
power_curves_a7_measured_mid,0.25,0.75,4,0.8,4433,4.543608704724803,1.4842456360520129,0.8001353485224453,4.543608704724803
power_curves_a7_measured_mid,0.25,0.75,4,0.9,4433,4.288135951051544,1.4165949799220112,0.900518836002707,4.288135951051544
power_curves_a7_measured_mid,0.25,0.75,4,0.95,4433,3.952919969603437,1.3542580809819602,0.9501466275659824,3.9561580057212278
power_curves_a7_measured_mid,0.25,0.75,4,0.99,4433,3.565541500373263,1.2582546333337308,0.9907511842995714,3.5665086803352213
power_curves_a7_measured_mid,0.25,0.75,24,0.5,4393,4.616789903222037,1.5211206288534176,0.5026178010471204,4.616789903222037
power_curves_a7_measured_mid,0.25,0.75,24,0.8,4393,4.2303250359626094,1.4119519184839655,0.802412929660824,4.2303250359626094
power_curves_a7_measured_mid,0.25,0.75,24,0.9,4393,3.790784840511727,1.3536596616594763,0.9009788299567494,3.790784840511727
power_curves_a7_measured_mid,0.25,0.75,24,0.95,4393,3.61099287360875,1.2979089919456912,0.9510585021625313,3.61099287360875
power_curves_a7_measured_mid,0.25,0.75,24,0.99,4393,3.213745588203408,1.1639835257653697,0.9945367630320965,3.213745588203408
power_curves_a7_measured_mid,0.25,1.0,1,0.5,4439,5.335774229367367,1.687741854884852,0.5001126379815274,5.335774229367367
power_curves_a7_measured_mid,0.25,1.0,1,0.8,4439,4.750142459645537,1.5469631394493906,0.8001802207704438,4.750273545420411
power_curves_a7_measured_mid,0.25,1.0,1,0.9,4439,4.518539404421606,1.4645258789087137,0.9002027483667493,4.519159964694697
power_curves_a7_measured_mid,0.25,1.0,1,0.95,4439,4.255896842186874,1.393691770916896,0.950214012164902,4.261567272337712
power_curves_a7_measured_mid,0.25,1.0,1,0.99,4439,3.797614785799957,1.2795425739793933,0.9900878576255914,3.7992159209599454
power_curves_a7_measured_mid,0.25,1.0,4,0.5,4433,5.094971562827335,1.6509966511594076,0.500112790435371,5.094971562827335
power_curves_a7_measured_mid,0.25,1.0,4,0.8,4433,4.574049498817851,1.5136520868552907,0.8001353485224453,4.574049498817851
power_curves_a7_measured_mid,0.25,1.0,4,0.9,4433,4.312390907081406,1.4300981244274085,0.9000676742612227,4.312390907081406
power_curves_a7_measured_mid,0.25,1.0,4,0.95,4433,4.011510996628942,1.3695557497177266,0.9508233701782088,4.012479808274924
power_curves_a7_measured_mid,0.25,1.0,4,0.99,4433,3.6224241532270023,1.2621100546408741,0.990300022558087,3.6224241532270023
power_curves_a7_measured_mid,0.25,1.0,24,0.5,4393,4.645463189098656,1.5624058848422846,0.5007967220578192,4.645463189098656
power_curves_a7_measured_mid,0.25,1.0,24,0.8,4393,4.2549173725335585,1.4273350638702018,0.8019576599134988,4.2549173725335585
power_curves_a7_measured_mid,0.25,1.0,24,0.9,4393,3.8225385889984835,1.3759824222282628,0.901206464830412,3.8225385889984835
power_curves_a7_measured_mid,0.25,1.0,24,0.95,4393,3.653826015152545,1.2994367843810806,0.9524243114045071,3.653826015152545
power_curves_a7_measured_mid,0.25,1.0,24,0.99,4393,3.318188229317051,1.1698196564501777,0.9945367630320965,3.318188229317051
power_curves_a7_measured_mid,0.5,0.0,1,0.5,4439,6.760398299216561,3.0990605921475405,0.5001126379815274,6.760398299216561
power_curves_a7_measured_mid,0.5,0.0,1,0.8,4439,6.065602399232981,2.718862084125579,0.8001802207704438,6.065785271609249
power_curves_a7_measured_mid,0.5,0.0,1,0.9,4439,5.697712057542431,2.5744407423098066,0.9002027483667493,5.700569162728807
power_curves_a7_measured_mid,0.5,0.0,1,0.95,4439,5.37425043059474,2.4839994971131043,0.950214012164902,5.375505709498286
power_curves_a7_measured_mid,0.5,0.0,1,0.99,4439,4.772961205061735,2.3323340053533297,0.9900878576255914,4.7742479161382665
power_curves_a7_measured_mid,0.5,0.0,4,0.5,4433,6.497422145507094,3.040457417415433,0.5007895330475975,6.497422145507094
power_curves_a7_measured_mid,0.5,0.0,4,0.8,4433,5.861136322924992,2.670565046986438,0.8005865102639296,5.861136322924992
power_curves_a7_measured_mid,0.5,0.0,4,0.9,4433,5.482662973897877,2.52574017390332,0.9000676742612227,5.482962066553777
power_curves_a7_measured_mid,0.5,0.0,4,0.95,4433,5.122057898207643,2.4427026780357672,0.9505977893074667,5.122057898207643
power_curves_a7_measured_mid,0.5,0.0,4,0.99,4433,4.617167850744784,2.2929502674218907,0.9900744416873449,4.617167850744784
power_curves_a7_measured_mid,0.5,0.0,24,0.5,4393,6.051483867093033,2.889761407710643,0.5019348964261325,6.051483867093033
power_curves_a7_measured_mid,0.5,0.0,24,0.8,4393,5.452216956904996,2.5595364600795376,0.8001365809241976,5.454172222865746
power_curves_a7_measured_mid,0.5,0.0,24,0.9,4393,5.041704801248088,2.4399172851278275,0.9039380833143638,5.041704801248088
power_curves_a7_measured_mid,0.5,0.0,24,0.95,4393,4.6345370557003065,2.3087205172548053,0.9512861370361939,4.6345370557003065
power_curves_a7_measured_mid,0.5,0.0,24,0.99,4393,4.388527893394043,2.2073251224415475,0.992943318916458,4.388527893394043
power_curves_a7_measured_mid,0.5,0.25,1,0.5,4439,6.791402964664572,3.1193351982993778,0.5001126379815274,6.791402964664572
power_curves_a7_measured_mid,0.5,0.25,1,0.8,4439,6.124751968215286,2.7765699476319727,0.8001802207704438,6.125073166257668
power_curves_a7_measured_mid,0.5,0.25,1,0.9,4439,5.7666565130629985,2.6472097635053586,0.9002027483667493,5.766792444100932
power_curves_a7_measured_mid,0.5,0.25,1,0.95,4439,5.442892869334305,2.555068236177831,0.950214012164902,5.44744194226143
power_curves_a7_measured_mid,0.5,0.25,1,0.99,4439,4.846098665919882,2.4026370170902807,0.9900878576255914,4.8470292489257565
power_curves_a7_measured_mid,0.5,0.25,4,0.5,4433,6.5266930370208245,3.0637341222803567,0.5005639521768555,6.5266930370208245
power_curves_a7_measured_mid,0.5,0.25,4,0.8,4433,5.932440840354266,2.725643655950543,0.8001353485224453,5.933797838971272
power_curves_a7_measured_mid,0.5,0.25,4,0.9,4433,5.575901748964117,2.5970376919363822,0.900518836002707,5.575901748964117
power_curves_a7_measured_mid,0.5,0.25,4,0.95,4433,5.188388904993972,2.511965783908983,0.9501466275659824,5.191770484146582
power_curves_a7_measured_mid,0.5,0.25,4,0.99,4433,4.698036493030694,2.3649150251881537,0.9900744416873449,4.698036493030694
power_curves_a7_measured_mid,0.5,0.25,24,0.5,4393,6.077395339252046,2.8927690989755597,0.5012519918051446,6.077395339252046
power_curves_a7_measured_mid,0.5,0.25,24,0.8,4393,5.561493874908696,2.5911208690545453,0.8010471204188482,5.561493874908696
power_curves_a7_measured_mid,0.5,0.25,24,0.9,4393,5.101732406450774,2.4883636464993506,0.9007511950830868,5.101825788471261
power_curves_a7_measured_mid,0.5,0.25,24,0.95,4393,4.725130094933871,2.3975613574930303,0.9512861370361939,4.725130094933871
power_curves_a7_measured_mid,0.5,0.25,24,0.99,4393,4.394340265564738,2.2925970630839854,0.9943091281584339,4.394340265564738
power_curves_a7_measured_mid,0.5,0.5,1,0.5,4439,6.8216751702935206,3.1493485406947817,0.5001126379815274,6.8216751702935206
power_curves_a7_measured_mid,0.5,0.5,1,0.8,4439,6.186551024805006,2.837318844840641,0.8001802207704438,6.186707669417117
power_curves_a7_measured_mid,0.5,0.5,1,0.9,4439,5.833647165571944,2.714228793219343,0.9002027483667493,5.833911443597978
power_curves_a7_measured_mid,0.5,0.5,1,0.95,4439,5.496210781491444,2.6155590908949544,0.950214012164902,5.500783749623632
power_curves_a7_measured_mid,0.5,0.5,1,0.99,4439,4.919388267983712,2.4606032845767922,0.9900878576255914,4.923073580981891
power_curves_a7_measured_mid,0.5,0.5,4,0.5,4433,6.563078863390112,3.0901082595160263,0.500112790435371,6.563078863390112
power_curves_a7_measured_mid,0.5,0.5,4,0.8,4433,5.984663282498481,2.7876897607704008,0.8003609293931875,5.984663282498481
power_curves_a7_measured_mid,0.5,0.5,4,0.9,4433,5.642219792013553,2.6685395089083253,0.900518836002707,5.642219792013553
power_curves_a7_measured_mid,0.5,0.5,4,0.95,4433,5.2388614900060135,2.569522026130638,0.9501466275659824,5.241006334612906
power_curves_a7_measured_mid,0.5,0.5,4,0.99,4433,4.765429915975811,2.4292511308763967,0.9905256034288292,4.765429915975811
power_curves_a7_measured_mid,0.5,0.5,24,0.5,4393,6.111242342528827,2.912231655677367,0.5051217846574095,6.111242342528827
power_curves_a7_measured_mid,0.5,0.5,24,0.8,4393,5.621237549577639,2.6532037494662837,0.802412929660824,5.621237549577639
power_curves_a7_measured_mid,0.5,0.5,24,0.9,4393,5.165967465266086,2.530928721187032,0.9007511950830868,5.165967465266086
power_curves_a7_measured_mid,0.5,0.5,24,0.95,4393,4.80839140098762,2.4678102171548426,0.9501479626678807,4.80839140098762
power_curves_a7_measured_mid,0.5,0.5,24,0.99,4393,4.400152637735433,2.3046225287915068,0.9943091281584339,4.400152637735433
power_curves_a7_measured_mid,0.5,0.75,1,0.5,4439,6.85160826828694,3.181708196478789,0.5001126379815274,6.85160826828694
power_curves_a7_measured_mid,0.5,0.75,1,0.8,4439,6.237658632716878,2.897016476130536,0.8001802207704438,6.237665593404285
power_curves_a7_measured_mid,0.5,0.75,1,0.9,4439,5.895723806603936,2.766881614250158,0.9002027483667493,5.8961923735059445
power_curves_a7_measured_mid,0.5,0.75,1,0.95,4439,5.561257143964029,2.6733036623098956,0.950214012164902,5.562411375142818
power_curves_a7_measured_mid,0.5,0.75,1,0.99,4439,5.00223762377547,2.504861734425559,0.9900878576255914,5.003460624488779
power_curves_a7_measured_mid,0.5,0.75,4,0.5,4433,6.607053964612633,3.122877950956703,0.5005639521768555,6.607053964612633
power_curves_a7_measured_mid,0.5,0.75,4,0.8,4433,6.02122388315658,2.842482845699868,0.8001353485224453,6.0213732827344675
power_curves_a7_measured_mid,0.5,0.75,4,0.9,4433,5.699943293643511,2.717407941181735,0.900518836002707,5.699943293643511
power_curves_a7_measured_mid,0.5,0.75,4,0.95,4433,5.302490291709828,2.614266402078854,0.9501466275659824,5.302490291709828
power_curves_a7_measured_mid,0.5,0.75,4,0.99,4433,4.814366353755576,2.4767966936469614,0.9907511842995714,4.815512628610575
power_curves_a7_measured_mid,0.5,0.75,24,0.5,4393,6.151534332624323,2.9291347936976324,0.5044388800364216,6.151534332624323
power_curves_a7_measured_mid,0.5,0.75,24,0.8,4393,5.682666231699804,2.7068665883234337,0.802412929660824,5.682666231699804
power_curves_a7_measured_mid,0.5,0.75,24,0.9,4393,5.234856305077342,2.580062739218682,0.9018893694514,5.234856305077342
power_curves_a7_measured_mid,0.5,0.75,24,0.95,4393,4.858979952895137,2.5156144797047393,0.9501479626678807,4.858979952895137
power_curves_a7_measured_mid,0.5,0.75,24,0.99,4393,4.449020110503789,2.310458659476315,0.9945367630320965,4.449020110503789
power_curves_a7_measured_mid,0.5,1.0,1,0.5,4439,6.882643060488059,3.2176976653544602,0.5001126379815274,6.882643060488059
power_curves_a7_measured_mid,0.5,1.0,1,0.8,4439,6.288020217709464,2.950386239086376,0.8001802207704438,6.28837580735844
power_curves_a7_measured_mid,0.5,1.0,1,0.9,4439,5.959638708168699,2.814641526881585,0.9002027483667493,5.9601026799766466
power_curves_a7_measured_mid,0.5,1.0,1,0.95,4439,5.620395104089756,2.706536624797495,0.950214012164902,5.621535107889945
power_curves_a7_measured_mid,0.5,1.0,1,0.99,4439,5.081825633326281,2.528295979819613,0.9900878576255914,5.082161608846276
power_curves_a7_measured_mid,0.5,1.0,4,0.5,4433,6.642264356804038,3.1564378549311494,0.5003383713061132,6.642264356804038
power_curves_a7_measured_mid,0.5,1.0,4,0.8,4433,6.080002507990477,2.889858884802275,0.8001353485224453,6.080002507990477
power_curves_a7_measured_mid,0.5,1.0,4,0.9,4433,5.741067701535377,2.7619813911801336,0.9007444168734491,5.74151635978524
power_curves_a7_measured_mid,0.5,1.0,4,0.95,4433,5.348339117574556,2.65466979456851,0.9503722084367245,5.348339117574556
power_curves_a7_measured_mid,0.5,1.0,4,0.99,4433,4.874628307754563,2.486405213413786,0.990300022558087,4.874628307754563
power_curves_a7_measured_mid,0.5,1.0,24,0.5,4393,6.190414560713448,2.952700104009825,0.5017072615524698,6.190414560713448
power_curves_a7_measured_mid,0.5,1.0,24,0.8,4393,5.711905524218789,2.752268461061338,0.803095834281812,5.711905524218789
power_curves_a7_measured_mid,0.5,1.0,24,0.9,4393,5.28242617380084,2.6183775987924696,0.9000682904620988,5.28242617380084
power_curves_a7_measured_mid,0.5,1.0,24,0.95,4393,4.875818767819306,2.549781744497988,0.9549282950147963,4.875818767819306
power_curves_a7_measured_mid,0.5,1.0,24,0.99,4393,4.581759628011573,2.3162947901611233,0.9945367630320965,4.581759628011573
power_curves_a7_measured_mid,0.75,0.0,1,0.5,4439,8.31760213015545,4.64859088822131,0.5001126379815274,8.31760213015545
power_curves_a7_measured_mid,0.75,0.0,1,0.8,4439,7.500487074923898,4.078293126188369,0.8001802207704438,7.5011829991497345
power_curves_a7_measured_mid,0.75,0.0,1,0.9,4439,7.034149742583381,3.86166111346471,0.9002027483667493,7.0344925385707056
power_curves_a7_measured_mid,0.75,0.0,1,0.95,4439,6.680319727289115,3.7259992456696565,0.950214012164902,6.680679137193579
power_curves_a7_measured_mid,0.75,0.0,1,0.99,4439,6.0470417795949745,3.4985010080299945,0.9900878576255914,6.049211373722401
power_curves_a7_measured_mid,0.75,0.0,4,0.5,4433,8.061683442100946,4.56068612612315,0.500112790435371,8.061683442100946
power_curves_a7_measured_mid,0.75,0.0,4,0.8,4433,7.258119047900632,4.0058475704796574,0.8008120911346718,7.258297651642213
power_curves_a7_measured_mid,0.75,0.0,4,0.9,4433,6.812814687884849,3.78861026085498,0.9007444168734491,6.813374977487518
power_curves_a7_measured_mid,0.75,0.0,4,0.95,4433,6.461829431771546,3.664054017053651,0.9501466275659824,6.461829431771546
power_curves_a7_measured_mid,0.75,0.0,4,0.99,4433,5.864801402544378,3.4394254011328362,0.9905256034288292,5.864801402544378
power_curves_a7_measured_mid,0.75,0.0,24,0.5,4393,7.639047343766514,4.334642111565964,0.5019348964261325,7.639047343766514
power_curves_a7_measured_mid,0.75,0.0,24,0.8,4393,6.768742505598425,3.8393046901193064,0.8008194855451856,6.768742505598425
power_curves_a7_measured_mid,0.75,0.0,24,0.9,4393,6.424430051891461,3.659875927691741,0.9034828135670385,6.424430051891461
power_curves_a7_measured_mid,0.75,0.0,24,0.95,4393,5.938432856233431,3.463080775882208,0.9547006601411336,5.938432856233431
power_curves_a7_measured_mid,0.75,0.0,24,0.99,4393,5.596405415435083,3.3109876836623213,0.9938538584111086,5.596405415435083
power_curves_a7_measured_mid,0.75,0.25,1,0.5,4439,8.347960538708602,4.669078791085168,0.5001126379815274,8.347960538708602
power_curves_a7_measured_mid,0.75,0.25,1,0.8,4439,7.554778592464043,4.13706511315221,0.8001802207704438,7.555425259645958
power_curves_a7_measured_mid,0.75,0.25,1,0.9,4439,7.106120962355236,3.932419411614807,0.9002027483667493,7.107845204838666
power_curves_a7_measured_mid,0.75,0.25,1,0.95,4439,6.753562665191195,3.794586036248048,0.950214012164902,6.754786466996073
power_curves_a7_measured_mid,0.75,0.25,1,0.99,4439,6.1182599670868925,3.5677172269381527,0.9900878576255914,6.119148710357361
power_curves_a7_measured_mid,0.75,0.25,4,0.5,4433,8.089697918791773,4.578975666249156,0.500112790435371,8.089697918791773
power_curves_a7_measured_mid,0.75,0.25,4,0.8,4433,7.322474114802336,4.065143281498066,0.8001353485224453,7.323925646657155
power_curves_a7_measured_mid,0.75,0.25,4,0.9,4433,6.8788090700157065,3.8617135932844033,0.9007444168734491,6.879515794773457
power_curves_a7_measured_mid,0.75,0.25,4,0.95,4433,6.508765372083462,3.734402215659337,0.9503722084367245,6.508765372083462
power_curves_a7_measured_mid,0.75,0.25,4,0.99,4433,5.94400420224866,3.511094834119236,0.9905256034288292,5.94400420224866
power_curves_a7_measured_mid,0.75,0.25,24,0.5,4393,7.656026681377696,4.336296157400759,0.500341452310494,7.656026681377696
power_curves_a7_measured_mid,0.75,0.25,24,0.8,4393,6.863163048451894,3.873967859865522,0.802412929660824,6.863163048451894
power_curves_a7_measured_mid,0.75,0.25,24,0.9,4393,6.489659747905435,3.710137578309627,0.9053038925563396,6.489958210166031
power_curves_a7_measured_mid,0.75,0.25,24,0.95,4393,5.978672526527292,3.548052446811253,0.9501479626678807,5.979483321241519
power_curves_a7_measured_mid,0.75,0.25,24,0.99,4393,5.6022177876057775,3.413750802750052,0.9943091281584339,5.6022177876057775
power_curves_a7_measured_mid,0.75,0.5,1,0.5,4439,8.37899270988206,4.68965328432018,0.5001126379815274,8.37899270988206
power_curves_a7_measured_mid,0.75,0.5,1,0.8,4439,7.618702486438556,4.193471540984044,0.8001802207704438,7.618924712769808
power_curves_a7_measured_mid,0.75,0.5,1,0.9,4439,7.18346339264756,4.0095743380568285,0.9002027483667493,7.183530385466518
power_curves_a7_measured_mid,0.75,0.5,1,0.95,4439,6.821811882892229,3.8604625670329265,0.950214012164902,6.823489650065149
power_curves_a7_measured_mid,0.75,0.5,1,0.99,4439,6.187952938944414,3.6229049410330294,0.9900878576255914,6.193388598431196
power_curves_a7_measured_mid,0.75,0.5,4,0.5,4433,8.122047840445637,4.609097416627889,0.5005639521768555,8.122047840445637
power_curves_a7_measured_mid,0.75,0.5,4,0.8,4433,7.390080641372608,4.118533896155895,0.8003609293931875,7.39115987840238
power_curves_a7_measured_mid,0.75,0.5,4,0.9,4433,6.96066308655187,3.9299472073817423,0.9000676742612227,6.960934919915245
power_curves_a7_measured_mid,0.75,0.5,4,0.95,4433,6.5922746599531905,3.7886427674293164,0.9501466275659824,6.592345608866931
power_curves_a7_measured_mid,0.75,0.5,4,0.99,4433,5.991617950057599,3.57830665566124,0.990300022558087,5.994552986268508
power_curves_a7_measured_mid,0.75,0.5,24,0.5,4393,7.6679969900797165,4.347657785661924,0.5014796266788072,7.6679969900797165
power_curves_a7_measured_mid,0.75,0.5,24,0.8,4393,6.927866207355352,3.926533804689422,0.8042340086501252,6.927866207355352
power_curves_a7_measured_mid,0.75,0.5,24,0.9,4393,6.566367059941445,3.7699231047827464,0.900523560209424,6.566367059941445
power_curves_a7_measured_mid,0.75,0.5,24,0.95,4393,6.060924840311717,3.6355108849020814,0.9501479626678807,6.0627973407021605
power_curves_a7_measured_mid,0.75,0.5,24,0.99,4393,5.608030159776472,3.441896443784931,0.9943091281584339,5.608030159776472
power_curves_a7_measured_mid,0.75,0.75,1,0.5,4439,8.406991982016976,4.724022811042173,0.5001126379815274,8.406991982016976
power_curves_a7_measured_mid,0.75,0.75,1,0.8,4439,7.682602461147788,4.255978267260961,0.8001802207704438,7.682800694548936
power_curves_a7_measured_mid,0.75,0.75,1,0.9,4439,7.244475815402484,4.071343189829014,0.9002027483667493,7.244833765258943
power_curves_a7_measured_mid,0.75,0.75,1,0.95,4439,6.88728043975771,3.923338636342432,0.950214012164902,6.887975862642594
power_curves_a7_measured_mid,0.75,0.75,1,0.99,4439,6.257999289692346,3.690904926865189,0.9900878576255914,6.260298173367952
power_curves_a7_measured_mid,0.75,0.75,4,0.5,4433,8.15319166701846,4.635162389274039,0.500112790435371,8.15319166701846
power_curves_a7_measured_mid,0.75,0.75,4,0.8,4433,7.447614754530177,4.181534641155601,0.8001353485224453,7.447614754530177
power_curves_a7_measured_mid,0.75,0.75,4,0.9,4433,7.038643646524092,4.002809263362488,0.9000676742612227,7.040472468603993
power_curves_a7_measured_mid,0.75,0.75,4,0.95,4433,6.637335563966436,3.8542830391959573,0.9505977893074667,6.637335563966436
power_curves_a7_measured_mid,0.75,0.75,4,0.99,4433,6.075260929581393,3.643876696314595,0.9900744416873449,6.075260929581393
power_curves_a7_measured_mid,0.75,0.75,24,0.5,4393,7.698299049591615,4.36834748351605,0.500341452310494,7.698299049591615
power_curves_a7_measured_mid,0.75,0.75,24,0.8,4393,7.0287415169000464,3.9798056241994253,0.8012747552925108,7.0287415169000464
power_curves_a7_measured_mid,0.75,0.75,24,0.9,4393,6.592437735636802,3.7963930817805482,0.9025722740723879,6.592437735636802
power_curves_a7_measured_mid,0.75,0.75,24,0.95,4393,6.117782102793357,3.701715325732264,0.9553835647621216,6.123125813952154
power_curves_a7_measured_mid,0.75,0.75,24,0.99,4393,5.678828768723093,3.4569337931872606,0.9945367630320965,5.678828768723093
power_curves_a7_measured_mid,0.75,1.0,1,0.5,4439,8.440691362393949,4.756653113082457,0.5001126379815274,8.440691362393949
power_curves_a7_measured_mid,0.75,1.0,1,0.8,4439,7.749356133264836,4.316428323720135,0.8001802207704438,7.750028173551784
power_curves_a7_measured_mid,0.75,1.0,1,0.9,4439,7.313252611496986,4.1279155590443875,0.9002027483667493,7.313264694278071
power_curves_a7_measured_mid,0.75,1.0,1,0.95,4439,6.942426454166755,3.982507662601824,0.950214012164902,6.943392763562948
power_curves_a7_measured_mid,0.75,1.0,1,0.99,4439,6.344777111910267,3.740393757918873,0.9900878576255914,6.3481344537668525
power_curves_a7_measured_mid,0.75,1.0,4,0.5,4433,8.187956775553676,4.666491699898858,0.500112790435371,8.187956775553676
power_curves_a7_measured_mid,0.75,1.0,4,0.8,4433,7.497793833262173,4.237863134357166,0.8008120911346718,7.498206327028593
power_curves_a7_measured_mid,0.75,1.0,4,0.9,4433,7.08597406211959,4.050778396093179,0.900518836002707,7.08597406211959
power_curves_a7_measured_mid,0.75,1.0,4,0.95,4433,6.717583701487952,3.909429910118751,0.9501466275659824,6.717583701487952
power_curves_a7_measured_mid,0.75,1.0,4,0.99,4433,6.1368344230858485,3.7041420031253907,0.9900744416873449,6.1368344230858485
power_curves_a7_measured_mid,0.75,1.0,24,0.5,4393,7.727911117156493,4.381103977450752,0.5014796266788072,7.727911117156493
power_curves_a7_measured_mid,0.75,1.0,24,0.8,4393,7.0609990951778325,4.028059883040702,0.8053721830184384,7.062293214560615
power_curves_a7_measured_mid,0.75,1.0,24,0.9,4393,6.595087176329393,3.858080318560929,0.9034828135670385,6.595087176329393
power_curves_a7_measured_mid,0.75,1.0,24,0.95,4393,6.178245497583271,3.746618279833081,0.9501479626678807,6.178245497583271
power_curves_a7_measured_mid,0.75,1.0,24,0.99,4393,5.8009695136737465,3.462769923872069,0.9945367630320965,5.8009695136737465
power_curves_a7_measured_mid,1.0,0.0,1,0.5,4439,9.887695559238065,6.198121184295081,0.5001126379815274,9.887695559238065
power_curves_a7_measured_mid,1.0,0.0,1,0.8,4439,8.880508576280736,5.437724168251158,0.8001802207704438,8.882443578230705
power_curves_a7_measured_mid,1.0,0.0,1,0.9,4439,8.361194280396928,5.148881484619613,0.9002027483667493,8.362356976496136
power_curves_a7_measured_mid,1.0,0.0,1,0.95,4439,7.980570075326348,4.967998994226209,0.950214012164902,7.983680411001701
power_curves_a7_measured_mid,1.0,0.0,1,0.99,4439,7.317264925605965,4.664668010706659,0.9900878576255914,7.324615665122983
power_curves_a7_measured_mid,1.0,0.0,4,0.5,4433,9.619302874985646,6.080914834830866,0.500112790435371,9.619302874985646
power_curves_a7_measured_mid,1.0,0.0,4,0.8,4433,8.637130142199078,5.341130093972876,0.8001353485224453,8.63810894887793
power_curves_a7_measured_mid,1.0,0.0,4,0.9,4433,8.147637362717049,5.05148034780664,0.9002932551319648,8.147637362717049
power_curves_a7_measured_mid,1.0,0.0,4,0.95,4433,7.775681988783964,4.8854053560715345,0.9501466275659824,7.778569095012209
power_curves_a7_measured_mid,1.0,0.0,4,0.99,4433,7.117738174328146,4.585900534843781,0.9900744416873449,7.11982605374545
power_curves_a7_measured_mid,1.0,0.0,24,0.5,4393,9.183571668763069,5.779522815421286,0.500341452310494,9.183571668763069
power_curves_a7_measured_mid,1.0,0.0,24,0.8,4393,8.129669673791682,5.119072920159075,0.8001365809241976,8.129669673791682
power_curves_a7_measured_mid,1.0,0.0,24,0.9,4393,7.720155474818505,4.879834570255655,0.9009788299567494,7.720155474818505
power_curves_a7_measured_mid,1.0,0.0,24,0.95,4393,7.2596978617220795,4.617441034509611,0.9521966765308445,7.2596978617220795
power_curves_a7_measured_mid,1.0,0.0,24,0.99,4393,6.804282937476122,4.414650244883095,0.9938538584111086,6.804282937476122
power_curves_a7_measured_mid,1.0,0.25,1,0.5,4439,9.911357903170154,6.217770265040351,0.5001126379815274,9.911357903170154
power_curves_a7_measured_mid,1.0,0.25,1,0.8,4439,8.952056480000055,5.497304470029866,0.8001802207704438,8.952474874790187
power_curves_a7_measured_mid,1.0,0.25,1,0.9,4439,8.432664282510798,5.219696548509341,0.9002027483667493,8.433366233430158
power_curves_a7_measured_mid,1.0,0.25,1,0.95,4439,8.049570369603003,5.037988205162656,0.950214012164902,8.049628827039568
power_curves_a7_measured_mid,1.0,0.25,1,0.99,4439,7.405017241983991,4.734213283994574,0.9900878576255914,7.4056488776060245
power_curves_a7_measured_mid,1.0,0.25,4,0.5,4433,9.641415747469825,6.095433676048917,0.500112790435371,9.641415747469825
power_curves_a7_measured_mid,1.0,0.25,4,0.8,4433,8.695452361545113,5.401675683064132,0.8003609293931875,8.696417538399503
power_curves_a7_measured_mid,1.0,0.25,4,0.9,4433,8.204793507366109,5.120716096112541,0.9000676742612227,8.204805193715936
power_curves_a7_measured_mid,1.0,0.25,4,0.95,4433,7.851468727375396,4.963962047554182,0.9503722084367245,7.852143178488114
power_curves_a7_measured_mid,1.0,0.25,4,0.99,4433,7.148171745622365,4.663654637345786,0.9907511842995714,7.151187735870155
power_curves_a7_measured_mid,1.0,0.25,24,0.5,4393,9.206440811144711,5.781484533498264,0.5012519918051446,9.206440811144711
power_curves_a7_measured_mid,1.0,0.25,24,0.8,4393,8.200845705075457,5.161355236982602,0.8042340086501252,8.200845705075457
power_curves_a7_measured_mid,1.0,0.25,24,0.9,4393,7.8128687766067655,4.932788263619993,0.9007511950830868,7.8128687766067655
power_curves_a7_measured_mid,1.0,0.25,24,0.95,4393,7.339365540068647,4.690525365454663,0.9521966765308445,7.339365540068647
power_curves_a7_measured_mid,1.0,0.25,24,0.99,4393,6.810095309646817,4.517413363970825,0.9943091281584339,6.810095309646817
power_curves_a7_measured_mid,1.0,0.5,1,0.5,4439,9.93971946675442,6.2386703965987556,0.5001126379815274,9.93971946675442
power_curves_a7_measured_mid,1.0,0.5,1,0.8,4439,9.023261754856904,5.5531398952639455,0.8001802207704438,9.023615261679911
power_curves_a7_measured_mid,1.0,0.5,1,0.9,4439,8.527194761736364,5.294419527010717,0.9002027483667493,8.527607453873062
power_curves_a7_measured_mid,1.0,0.5,1,0.95,4439,8.140678786477963,5.110136472355662,0.950214012164902,8.14258066552993
power_curves_a7_measured_mid,1.0,0.5,1,0.99,4439,7.486663612870885,4.805274034180561,0.9900878576255914,7.488168248558658
power_curves_a7_measured_mid,1.0,0.5,4,0.5,4433,9.673994556239105,6.127468244560713,0.500112790435371,9.673994556239105
power_curves_a7_measured_mid,1.0,0.5,4,0.8,4433,8.763529126683544,5.451287311901086,0.8001353485224453,8.763529126683544
power_curves_a7_measured_mid,1.0,0.5,4,0.9,4433,8.26503941276905,5.1940753838727645,0.9002932551319648,8.265673797673918
power_curves_a7_measured_mid,1.0,0.5,4,0.95,4433,7.91254697604868,5.023931567817966,0.9505977893074667,7.91254697604868
power_curves_a7_measured_mid,1.0,0.5,4,0.99,4433,7.233966301767757,4.729830050376307,0.9907511842995714,7.235168248637895
power_curves_a7_measured_mid,1.0,0.5,24,0.5,4393,9.227012174634861,5.785538197951119,0.500341452310494,9.227012174634861
power_curves_a7_measured_mid,1.0,0.5,24,0.8,4393,8.24089345823023,5.182241738109091,0.8019576599134988,8.24089345823023
power_curves_a7_measured_mid,1.0,0.5,24,0.9,4393,7.865641929443157,4.976727292998701,0.9016617345777374,7.865641929443157
power_curves_a7_measured_mid,1.0,0.5,24,0.95,4393,7.359745437767408,4.795122714986061,0.9521966765308445,7.359745437767408
power_curves_a7_measured_mid,1.0,0.5,24,0.99,4393,6.815907681817512,4.585194126167971,0.9943091281584339,6.815907681817512
power_curves_a7_measured_mid,1.0,0.75,1,0.5,4439,9.968867216714305,6.2652107891031195,0.5001126379815274,9.968867216714305
power_curves_a7_measured_mid,1.0,0.75,1,0.8,4439,9.09184945187208,5.611343211011455,0.8001802207704438,9.093913775734867
power_curves_a7_measured_mid,1.0,0.75,1,0.9,4439,8.595535682392006,5.3627398987555255,0.9002027483667493,8.596226473661472
power_curves_a7_measured_mid,1.0,0.75,1,0.95,4439,8.219823830730027,5.169544910082678,0.950214012164902,8.220430714560013
power_curves_a7_measured_mid,1.0,0.75,1,0.99,4439,7.542430791179915,4.854923360528286,0.9900878576255914,7.546912993334685
power_curves_a7_measured_mid,1.0,0.75,4,0.5,4433,9.708222309453145,6.148642628580798,0.500112790435371,9.708222309453145
power_curves_a7_measured_mid,1.0,0.75,4,0.8,4433,8.830905758394548,5.508200060485047,0.8008120911346718,8.831283326507423
power_curves_a7_measured_mid,1.0,0.75,4,0.9,4433,8.3353140010837,5.267715544840127,0.9000676742612227,8.3353140010837
power_curves_a7_measured_mid,1.0,0.75,4,0.95,4433,7.973896096151012,5.0831844253120995,0.9503722084367245,7.973896096151012
power_curves_a7_measured_mid,1.0,0.75,4,0.99,4433,7.276411899767766,4.7934794813956545,0.9905256034288292,7.276411899767766
power_curves_a7_measured_mid,1.0,0.75,24,0.5,4393,9.251319273641545,5.799601116313283,0.5026178010471204,9.251319273641545
power_curves_a7_measured_mid,1.0,0.75,24,0.8,4393,8.290213463570144,5.257850812362421,0.8012747552925108,8.290213463570144
power_curves_a7_measured_mid,1.0,0.75,24,0.9,4393,7.917071514153929,5.047121395558953,0.9018893694514,7.917071514153929
power_curves_a7_measured_mid,1.0,0.75,24,0.95,4393,7.398028327699403,4.867758887361849,0.9531072160254951,7.398028327699403
power_curves_a7_measured_mid,1.0,0.75,24,0.99,4393,6.891548841291269,4.591195824485876,0.9945367630320965,6.891548841291269
power_curves_a7_measured_mid,1.0,1.0,1,0.5,4439,9.994310055625716,6.298697081389563,0.5001126379815274,9.994310055625716
power_curves_a7_measured_mid,1.0,1.0,1,0.8,4439,9.14658079538497,5.674637689681282,0.8001802207704438,9.146900081321904
power_curves_a7_measured_mid,1.0,1.0,1,0.9,4439,8.667586911912327,5.428457586438686,0.9002027483667493,8.669198313339754
power_curves_a7_measured_mid,1.0,1.0,1,0.95,4439,8.26699762412684,5.231118181789909,0.950214012164902,8.267968994669559
power_curves_a7_measured_mid,1.0,1.0,1,0.99,4439,7.62153471392071,4.9212065691535845,0.9900878576255914,7.622854069028964
power_curves_a7_measured_mid,1.0,1.0,4,0.5,4433,9.73972339535419,6.180216519032053,0.500112790435371,9.73972339535419
power_curves_a7_measured_mid,1.0,1.0,4,0.8,4433,8.890463410719216,5.5753795215408015,0.8001353485224453,8.890463410719216
power_curves_a7_measured_mid,1.0,1.0,4,0.9,4433,8.414772285376126,5.3370790178166505,0.9002932551319648,8.414772285376126
power_curves_a7_measured_mid,1.0,1.0,4,0.95,4433,8.046546585212653,5.139044052261276,0.9505977893074667,8.046546585212653
power_curves_a7_measured_mid,1.0,1.0,4,0.99,4433,7.379284347292691,4.858502261752793,0.9900744416873449,7.379284347292691
power_curves_a7_measured_mid,1.0,1.0,24,0.5,4393,9.279492368309711,5.824463311354734,0.5017072615524698,9.279492368309711
power_curves_a7_measured_mid,1.0,1.0,24,0.8,4393,8.377691112723914,5.306407498932567,0.803095834281812,8.377691112723914
power_curves_a7_measured_mid,1.0,1.0,24,0.9,4393,7.921596052259179,5.061857442374064,0.9032551786933758,7.921596052259179
power_curves_a7_measured_mid,1.0,1.0,24,0.95,4393,7.399040538417133,4.935620434309685,0.9533348508991577,7.399040538417133
power_curves_a7_measured_mid,1.0,1.0,24,0.99,4393,7.013689586241922,4.6092450575830135,0.9945367630320965,7.013689586241922
