date,hour,demand_mw,utc_end
01/01/2024,1,17701,01/01/2024 6:00:00 AM
01/01/2024,2,17550,01/01/2024 7:00:00 AM
01/01/2024,3,17567,01/01/2024 8:00:00 AM
01/01/2024,4,17470,01/01/2024 9:00:00 AM
01/01/2024,5,17482,01/01/2024 10:00:00 AM
01/01/2024,6,17663,01/01/2024 11:00:00 AM
01/01/2024,7,18032,01/01/2024 12:00:00 PM
01/01/2024,8,18523,01/01/2024 1:00:00 PM
01/01/2024,9,18770,01/01/2024 2:00:00 PM
01/01/2024,10,19008,01/01/2024 3:00:00 PM
01/01/2024,11,19119,01/01/2024 4:00:00 PM
01/01/2024,12,19045,01/01/2024 5:00:00 PM
01/01/2024,13,18753,01/01/2024 6:00:00 PM
01/01/2024,14,18275,01/01/2024 7:00:00 PM
01/01/2024,15,17774,01/01/2024 8:00:00 PM
01/01/2024,16,17380,01/01/2024 9:00:00 PM
01/01/2024,17,17444,01/01/2024 10:00:00 PM
01/01/2024,18,17865,01/01/2024 11:00:00 PM
01/01/2024,19,18946,01/02/2024 12:00:00 AM
01/01/2024,20,19751,01/02/2024 1:00:00 AM
01/01/2024,21,20075,01/02/2024 2:00:00 AM
01/01/2024,22,20215,01/02/2024 3:00:00 AM
01/01/2024,23,20086,01/02/2024 4:00:00 AM
01/01/2024,24,19826,01/02/2024 5:00:00 AM
01/02/2024,1,19445,01/02/2024 6:00:00 AM
01/02/2024,2,19372,01/02/2024 7:00:00 AM
01/02/2024,3,19553,01/02/2024 8:00:00 AM
01/02/2024,4,19807,01/02/2024 9:00:00 AM
01/02/2024,5,20246,01/02/2024 10:00:00 AM
01/02/2024,6,20842,01/02/2024 11:00:00 AM
01/02/2024,7,21848,01/02/2024 12:00:00 PM
01/02/2024,8,23124,01/02/2024 1:00:00 PM
01/02/2024,9,23911,01/02/2024 2:00:00 PM
01/02/2024,10,23823,01/02/2024 3:00:00 PM
01/02/2024,11,23249,01/02/2024 4:00:00 PM
01/02/2024,12,22253,01/02/2024 5:00:00 PM
01/02/2024,13,21205,01/02/2024 6:00:00 PM
01/02/2024,14,20221,01/02/2024 7:00:00 PM
01/02/2024,15,19472,01/02/2024 8:00:00 PM
01/02/2024,16,19056,01/02/2024 9:00:00 PM
01/02/2024,17,19005,01/02/2024 10:00:00 PM
01/02/2024,18,19380,01/02/2024 11:00:00 PM
01/02/2024,19,20735,01/03/2024 12:00:00 AM
01/02/2024,20,21768,01/03/2024 1:00:00 AM
01/02/2024,21,21950,01/03/2024 2:00:00 AM
01/02/2024,22,21773,01/03/2024 3:00:00 AM
01/02/2024,23,21471,01/03/2024 4:00:00 AM
01/02/2024,24,20667,01/03/2024 5:00:00 AM
01/03/2024,1,20052,01/03/2024 6:00:00 AM
01/03/2024,2,19532,01/03/2024 7:00:00 AM
01/03/2024,3,19351,01/03/2024 8:00:00 AM
01/03/2024,4,19337,01/03/2024 9:00:00 AM
01/03/2024,5,19321,01/03/2024 10:00:00 AM
01/03/2024,6,19666,01/03/2024 11:00:00 AM
01/03/2024,7,20347,01/03/2024 12:00:00 PM
01/03/2024,8,21409,01/03/2024 1:00:00 PM
01/03/2024,9,22028,01/03/2024 2:00:00 PM
01/03/2024,10,22068,01/03/2024 3:00:00 PM
01/03/2024,11,21845,01/03/2024 4:00:00 PM
01/03/2024,12,21150,01/03/2024 5:00:00 PM
01/03/2024,13,20346,01/03/2024 6:00:00 PM
01/03/2024,14,19594,01/03/2024 7:00:00 PM
01/03/2024,15,18893,01/03/2024 8:00:00 PM
01/03/2024,16,18478,01/03/2024 9:00:00 PM
01/03/2024,17,18300,01/03/2024 10:00:00 PM
01/03/2024,18,18848,01/03/2024 11:00:00 PM
01/03/2024,19,19919,01/04/2024 12:00:00 AM
01/03/2024,20,21117,01/04/2024 1:00:00 AM
01/03/2024,21,21433,01/04/2024 2:00:00 AM
01/03/2024,22,21426,01/04/2024 3:00:00 AM
01/03/2024,23,21192,01/04/2024 4:00:00 AM
01/03/2024,24,20703,01/04/2024 5:00:00 AM
01/04/2024,1,20272,01/04/2024 6:00:00 AM
01/04/2024,2,20052,01/04/2024 7:00:00 AM
01/04/2024,3,20056,01/04/2024 8:00:00 AM
01/04/2024,4,20283,01/04/2024 9:00:00 AM
01/04/2024,5,20528,01/04/2024 10:00:00 AM
01/04/2024,6,21106,01/04/2024 11:00:00 AM
01/04/2024,7,22276,01/04/2024 12:00:00 PM
01/04/2024,8,23676,01/04/2024 1:00:00 PM
01/04/2024,9,24398,01/04/2024 2:00:00 PM
01/04/2024,10,23794,01/04/2024 3:00:00 PM
01/04/2024,11,22630,01/04/2024 4:00:00 PM
01/04/2024,12,21480,01/04/2024 5:00:00 PM
01/04/2024,13,20568,01/04/2024 6:00:00 PM
01/04/2024,14,19579,01/04/2024 7:00:00 PM
01/04/2024,15,19021,01/04/2024 8:00:00 PM
01/04/2024,16,18527,01/04/2024 9:00:00 PM
01/04/2024,17,18442,01/04/2024 10:00:00 PM
01/04/2024,18,18895,01/04/2024 11:00:00 PM
01/04/2024,19,20091,01/05/2024 12:00:00 AM
01/04/2024,20,21293,01/05/2024 1:00:00 AM
01/04/2024,21,21595,01/05/2024 2:00:00 AM
01/04/2024,22,21534,01/05/2024 3:00:00 AM
01/04/2024,23,21264,01/05/2024 4:00:00 AM
01/04/2024,24,20675,01/05/2024 5:00:00 AM
01/05/2024,1,20186,01/05/2024 6:00:00 AM
01/05/2024,2,19926,01/05/2024 7:00:00 AM
01/05/2024,3,19891,01/05/2024 8:00:00 AM
01/05/2024,4,19953,01/05/2024 9:00:00 AM
01/05/2024,5,20114,01/05/2024 10:00:00 AM
01/05/2024,6,20316,01/05/2024 11:00:00 AM
01/05/2024,7,21016,01/05/2024 12:00:00 PM
01/05/2024,8,22248,01/05/2024 1:00:00 PM
01/05/2024,9,22713,01/05/2024 2:00:00 PM
01/05/2024,10,22476,01/05/2024 3:00:00 PM
01/05/2024,11,22457,01/05/2024 4:00:00 PM
01/05/2024,12,22255,01/05/2024 5:00:00 PM
01/05/2024,13,22052,01/05/2024 6:00:00 PM
01/05/2024,14,21726,01/05/2024 7:00:00 PM
01/05/2024,15,21579,01/05/2024 8:00:00 PM
01/05/2024,16,21366,01/05/2024 9:00:00 PM
01/05/2024,17,21304,01/05/2024 10:00:00 PM
01/05/2024,18,21315,01/05/2024 11:00:00 PM
01/05/2024,19,21671,01/06/2024 12:00:00 AM
01/05/2024,20,21729,01/06/2024 1:00:00 AM
01/05/2024,21,21448,01/06/2024 2:00:00 AM
01/05/2024,22,20966,01/06/2024 3:00:00 AM
01/05/2024,23,20525,01/06/2024 4:00:00 AM
01/05/2024,24,19903,01/06/2024 5:00:00 AM
01/06/2024,1,19316,01/06/2024 6:00:00 AM
01/06/2024,2,18785,01/06/2024 7:00:00 AM
01/06/2024,3,18621,01/06/2024 8:00:00 AM
01/06/2024,4,18518,01/06/2024 9:00:00 AM
01/06/2024,5,18605,01/06/2024 10:00:00 AM
01/06/2024,6,18806,01/06/2024 11:00:00 AM
01/06/2024,7,19327,01/06/2024 12:00:00 PM
01/06/2024,8,19920,01/06/2024 1:00:00 PM
01/06/2024,9,20538,01/06/2024 2:00:00 PM
01/06/2024,10,20984,01/06/2024 3:00:00 PM
01/06/2024,11,21248,01/06/2024 4:00:00 PM
01/06/2024,12,21161,01/06/2024 5:00:00 PM
01/06/2024,13,20679,01/06/2024 6:00:00 PM
01/06/2024,14,20196,01/06/2024 7:00:00 PM
01/06/2024,15,19669,01/06/2024 8:00:00 PM
01/06/2024,16,19330,01/06/2024 9:00:00 PM
01/06/2024,17,19211,01/06/2024 10:00:00 PM
01/06/2024,18,19328,01/06/2024 11:00:00 PM
01/06/2024,19,20172,01/07/2024 12:00:00 AM
01/06/2024,20,20672,01/07/2024 1:00:00 AM
01/06/2024,21,20798,01/07/2024 2:00:00 AM
01/06/2024,22,20663,01/07/2024 3:00:00 AM
01/06/2024,23,20402,01/07/2024 4:00:00 AM
01/06/2024,24,19982,01/07/2024 5:00:00 AM
01/07/2024,1,19565,01/07/2024 6:00:00 AM
01/07/2024,2,19311,01/07/2024 7:00:00 AM
01/07/2024,3,19246,01/07/2024 8:00:00 AM
01/07/2024,4,19154,01/07/2024 9:00:00 AM
01/07/2024,5,19450,01/07/2024 10:00:00 AM
01/07/2024,6,19868,01/07/2024 11:00:00 AM
01/07/2024,7,20571,01/07/2024 12:00:00 PM
01/07/2024,8,21243,01/07/2024 1:00:00 PM
01/07/2024,9,22157,01/07/2024 2:00:00 PM
01/07/2024,10,22395,01/07/2024 3:00:00 PM
01/07/2024,11,21395,01/07/2024 4:00:00 PM
01/07/2024,12,20135,01/07/2024 5:00:00 PM
01/07/2024,13,19066,01/07/2024 6:00:00 PM
01/07/2024,14,18381,01/07/2024 7:00:00 PM
01/07/2024,15,17752,01/07/2024 8:00:00 PM
01/07/2024,16,17401,01/07/2024 9:00:00 PM
01/07/2024,17,17469,01/07/2024 10:00:00 PM
01/07/2024,18,17872,01/07/2024 11:00:00 PM
01/07/2024,19,19083,01/08/2024 12:00:00 AM
01/07/2024,20,20103,01/08/2024 1:00:00 AM
01/07/2024,21,20494,01/08/2024 2:00:00 AM
01/07/2024,22,20548,01/08/2024 3:00:00 AM
01/07/2024,23,20254,01/08/2024 4:00:00 AM
01/07/2024,24,19813,01/08/2024 5:00:00 AM
01/08/2024,1,19127,01/08/2024 6:00:00 AM
01/08/2024,2,18747,01/08/2024 7:00:00 AM
01/08/2024,3,18551,01/08/2024 8:00:00 AM
01/08/2024,4,18520,01/08/2024 9:00:00 AM
01/08/2024,5,18525,01/08/2024 10:00:00 AM
01/08/2024,6,18717,01/08/2024 11:00:00 AM
01/08/2024,7,19533,01/08/2024 12:00:00 PM
01/08/2024,8,20781,01/08/2024 1:00:00 PM
01/08/2024,9,21080,01/08/2024 2:00:00 PM
01/08/2024,10,20809,01/08/2024 3:00:00 PM
01/08/2024,11,20443,01/08/2024 4:00:00 PM
01/08/2024,12,20419,01/08/2024 5:00:00 PM
01/08/2024,13,20292,01/08/2024 6:00:00 PM
01/08/2024,14,20124,01/08/2024 7:00:00 PM
01/08/2024,15,19896,01/08/2024 8:00:00 PM
01/08/2024,16,19854,01/08/2024 9:00:00 PM
01/08/2024,17,19807,01/08/2024 10:00:00 PM
01/08/2024,18,19809,01/08/2024 11:00:00 PM
01/08/2024,19,20320,01/09/2024 12:00:00 AM
01/08/2024,20,20210,01/09/2024 1:00:00 AM
01/08/2024,21,19651,01/09/2024 2:00:00 AM
01/08/2024,22,19101,01/09/2024 3:00:00 AM
01/08/2024,23,18417,01/09/2024 4:00:00 AM
01/08/2024,24,17602,01/09/2024 5:00:00 AM
01/09/2024,1,16856,01/09/2024 6:00:00 AM
01/09/2024,2,16386,01/09/2024 7:00:00 AM
01/09/2024,3,16294,01/09/2024 8:00:00 AM
01/09/2024,4,16252,01/09/2024 9:00:00 AM
01/09/2024,5,16446,01/09/2024 10:00:00 AM
01/09/2024,6,16948,01/09/2024 11:00:00 AM
01/09/2024,7,18064,01/09/2024 12:00:00 PM
01/09/2024,8,19793,01/09/2024 1:00:00 PM
01/09/2024,9,20808,01/09/2024 2:00:00 PM
01/09/2024,10,20948,01/09/2024 3:00:00 PM
01/09/2024,11,21001,01/09/2024 4:00:00 PM
01/09/2024,12,21073,01/09/2024 5:00:00 PM
01/09/2024,13,20853,01/09/2024 6:00:00 PM
01/09/2024,14,20578,01/09/2024 7:00:00 PM
01/09/2024,15,20471,01/09/2024 8:00:00 PM
01/09/2024,16,20302,01/09/2024 9:00:00 PM
01/09/2024,17,20329,01/09/2024 10:00:00 PM
01/09/2024,18,20712,01/09/2024 11:00:00 PM
01/09/2024,19,21868,01/10/2024 12:00:00 AM
01/09/2024,20,22852,01/10/2024 1:00:00 AM
01/09/2024,21,23015,01/10/2024 2:00:00 AM
01/09/2024,22,22827,01/10/2024 3:00:00 AM
01/09/2024,23,22320,01/10/2024 4:00:00 AM
01/09/2024,24,21520,01/10/2024 5:00:00 AM
01/10/2024,1,20923,01/10/2024 6:00:00 AM
01/10/2024,2,20694,01/10/2024 7:00:00 AM
01/10/2024,3,20951,01/10/2024 8:00:00 AM
01/10/2024,4,21102,01/10/2024 9:00:00 AM
01/10/2024,5,21376,01/10/2024 10:00:00 AM
01/10/2024,6,22216,01/10/2024 11:00:00 AM
01/10/2024,7,23190,01/10/2024 12:00:00 PM
01/10/2024,8,24993,01/10/2024 1:00:00 PM
01/10/2024,9,25377,01/10/2024 2:00:00 PM
01/10/2024,10,24423,01/10/2024 3:00:00 PM
01/10/2024,11,22811,01/10/2024 4:00:00 PM
01/10/2024,12,21517,01/10/2024 5:00:00 PM
01/10/2024,13,20171,01/10/2024 6:00:00 PM
01/10/2024,14,19191,01/10/2024 7:00:00 PM
01/10/2024,15,18450,01/10/2024 8:00:00 PM
01/10/2024,16,18075,01/10/2024 9:00:00 PM
01/10/2024,17,17965,01/10/2024 10:00:00 PM
01/10/2024,18,18435,01/10/2024 11:00:00 PM
01/10/2024,19,19637,01/11/2024 12:00:00 AM
01/10/2024,20,20639,01/11/2024 1:00:00 AM
01/10/2024,21,21052,01/11/2024 2:00:00 AM
01/10/2024,22,20972,01/11/2024 3:00:00 AM
01/10/2024,23,20518,01/11/2024 4:00:00 AM
01/10/2024,24,19602,01/11/2024 5:00:00 AM
01/11/2024,1,18898,01/11/2024 6:00:00 AM
01/11/2024,2,18450,01/11/2024 7:00:00 AM
01/11/2024,3,18275,01/11/2024 8:00:00 AM
01/11/2024,4,18191,01/11/2024 9:00:00 AM
01/11/2024,5,18425,01/11/2024 10:00:00 AM
01/11/2024,6,18793,01/11/2024 11:00:00 AM
01/11/2024,7,19821,01/11/2024 12:00:00 PM
01/11/2024,8,21106,01/11/2024 1:00:00 PM
01/11/2024,9,21452,01/11/2024 2:00:00 PM
01/11/2024,10,20484,01/11/2024 3:00:00 PM
01/11/2024,11,19537,01/11/2024 4:00:00 PM
01/11/2024,12,18655,01/11/2024 5:00:00 PM
01/11/2024,13,17896,01/11/2024 6:00:00 PM
01/11/2024,14,17407,01/11/2024 7:00:00 PM
01/11/2024,15,17277,01/11/2024 8:00:00 PM
01/11/2024,16,17064,01/11/2024 9:00:00 PM
01/11/2024,17,17190,01/11/2024 10:00:00 PM
01/11/2024,18,17228,01/11/2024 11:00:00 PM
01/11/2024,19,17905,01/12/2024 12:00:00 AM
01/11/2024,20,18447,01/12/2024 1:00:00 AM
01/11/2024,21,18381,01/12/2024 2:00:00 AM
01/11/2024,22,18114,01/12/2024 3:00:00 AM
01/11/2024,23,17568,01/12/2024 4:00:00 AM
01/11/2024,24,16855,01/12/2024 5:00:00 AM
01/12/2024,1,15932,01/12/2024 6:00:00 AM
01/12/2024,2,15269,01/12/2024 7:00:00 AM
01/12/2024,3,14977,01/12/2024 8:00:00 AM
01/12/2024,4,14724,01/12/2024 9:00:00 AM
01/12/2024,5,14572,01/12/2024 10:00:00 AM
01/12/2024,6,14589,01/12/2024 11:00:00 AM
01/12/2024,7,15311,01/12/2024 12:00:00 PM
01/12/2024,8,16352,01/12/2024 1:00:00 PM
01/12/2024,9,16796,01/12/2024 2:00:00 PM
01/12/2024,10,17039,01/12/2024 3:00:00 PM
01/12/2024,11,17357,01/12/2024 4:00:00 PM
01/12/2024,12,17587,01/12/2024 5:00:00 PM
01/12/2024,13,17932,01/12/2024 6:00:00 PM
01/12/2024,14,18149,01/12/2024 7:00:00 PM
01/12/2024,15,18287,01/12/2024 8:00:00 PM
01/12/2024,16,18316,01/12/2024 9:00:00 PM
01/12/2024,17,18415,01/12/2024 10:00:00 PM
01/12/2024,18,18909,01/12/2024 11:00:00 PM
01/12/2024,19,19829,01/13/2024 12:00:00 AM
01/12/2024,20,20991,01/13/2024 1:00:00 AM
01/12/2024,21,21313,01/13/2024 2:00:00 AM
01/12/2024,22,21572,01/13/2024 3:00:00 AM
01/12/2024,23,21614,01/13/2024 4:00:00 AM
01/12/2024,24,21345,01/13/2024 5:00:00 AM
01/13/2024,1,21035,01/13/2024 6:00:00 AM
01/13/2024,2,20954,01/13/2024 7:00:00 AM
01/13/2024,3,21061,01/13/2024 8:00:00 AM
01/13/2024,4,21130,01/13/2024 9:00:00 AM
01/13/2024,5,21295,01/13/2024 10:00:00 AM
01/13/2024,6,21929,01/13/2024 11:00:00 AM
01/13/2024,7,22663,01/13/2024 12:00:00 PM
01/13/2024,8,23598,01/13/2024 1:00:00 PM
01/13/2024,9,24511,01/13/2024 2:00:00 PM
01/13/2024,10,24343,01/13/2024 3:00:00 PM
01/13/2024,11,23345,01/13/2024 4:00:00 PM
01/13/2024,12,22057,01/13/2024 5:00:00 PM
01/13/2024,13,20777,01/13/2024 6:00:00 PM
01/13/2024,14,19631,01/13/2024 7:00:00 PM
01/13/2024,15,18754,01/13/2024 8:00:00 PM
01/13/2024,16,18226,01/13/2024 9:00:00 PM
01/13/2024,17,18126,01/13/2024 10:00:00 PM
01/13/2024,18,18459,01/13/2024 11:00:00 PM
01/13/2024,19,19611,01/14/2024 12:00:00 AM
01/13/2024,20,20719,01/14/2024 1:00:00 AM
01/13/2024,21,21032,01/14/2024 2:00:00 AM
01/13/2024,22,21221,01/14/2024 3:00:00 AM
01/13/2024,23,21158,01/14/2024 4:00:00 AM
01/13/2024,24,20837,01/14/2024 5:00:00 AM
01/14/2024,1,20612,01/14/2024 6:00:00 AM
01/14/2024,2,20504,01/14/2024 7:00:00 AM
01/14/2024,3,20586,01/14/2024 8:00:00 AM
01/14/2024,4,20823,01/14/2024 9:00:00 AM
01/14/2024,5,21248,01/14/2024 10:00:00 AM
01/14/2024,6,21566,01/14/2024 11:00:00 AM
01/14/2024,7,22134,01/14/2024 12:00:00 PM
01/14/2024,8,22911,01/14/2024 1:00:00 PM
01/14/2024,9,23519,01/14/2024 2:00:00 PM
01/14/2024,10,23863,01/14/2024 3:00:00 PM
01/14/2024,11,23371,01/14/2024 4:00:00 PM
01/14/2024,12,22756,01/14/2024 5:00:00 PM
01/14/2024,13,21917,01/14/2024 6:00:00 PM
01/14/2024,14,21530,01/14/2024 7:00:00 PM
01/14/2024,15,21309,01/14/2024 8:00:00 PM
01/14/2024,16,21178,01/14/2024 9:00:00 PM
01/14/2024,17,21229,01/14/2024 10:00:00 PM
01/14/2024,18,21714,01/14/2024 11:00:00 PM
01/14/2024,19,22458,01/15/2024 12:00:00 AM
01/14/2024,20,23126,01/15/2024 1:00:00 AM
01/14/2024,21,23403,01/15/2024 2:00:00 AM
01/14/2024,22,23426,01/15/2024 3:00:00 AM
01/14/2024,23,23311,01/15/2024 4:00:00 AM
01/14/2024,24,23033,01/15/2024 5:00:00 AM
01/15/2024,1,22871,01/15/2024 6:00:00 AM
01/15/2024,2,22648,01/15/2024 7:00:00 AM
01/15/2024,3,22724,01/15/2024 8:00:00 AM
01/15/2024,4,22778,01/15/2024 9:00:00 AM
01/15/2024,5,23133,01/15/2024 10:00:00 AM
01/15/2024,6,23591,01/15/2024 11:00:00 AM
01/15/2024,7,24308,01/15/2024 12:00:00 PM
01/15/2024,8,25306,01/15/2024 1:00:00 PM
01/15/2024,9,25969,01/15/2024 2:00:00 PM
01/15/2024,10,26296,01/15/2024 3:00:00 PM
01/15/2024,11,26568,01/15/2024 4:00:00 PM
01/15/2024,12,26440,01/15/2024 5:00:00 PM
01/15/2024,13,26308,01/15/2024 6:00:00 PM
01/15/2024,14,26205,01/15/2024 7:00:00 PM
01/15/2024,15,26071,01/15/2024 8:00:00 PM
01/15/2024,16,26043,01/15/2024 9:00:00 PM
01/15/2024,17,26176,01/15/2024 10:00:00 PM
01/15/2024,18,26518,01/15/2024 11:00:00 PM
01/15/2024,19,27553,01/16/2024 12:00:00 AM
01/15/2024,20,28161,01/16/2024 1:00:00 AM
01/15/2024,21,28238,01/16/2024 2:00:00 AM
01/15/2024,22,28110,01/16/2024 3:00:00 AM
01/15/2024,23,27810,01/16/2024 4:00:00 AM
01/15/2024,24,27540,01/16/2024 5:00:00 AM
01/16/2024,1,27302,01/16/2024 6:00:00 AM
01/16/2024,2,27327,01/16/2024 7:00:00 AM
01/16/2024,3,27500,01/16/2024 8:00:00 AM
01/16/2024,4,27732,01/16/2024 9:00:00 AM
01/16/2024,5,28151,01/16/2024 10:00:00 AM
01/16/2024,6,28828,01/16/2024 11:00:00 AM
01/16/2024,7,29546,01/16/2024 12:00:00 PM
01/16/2024,8,30357,01/16/2024 1:00:00 PM
01/16/2024,9,30800,01/16/2024 2:00:00 PM
01/16/2024,10,31033,01/16/2024 3:00:00 PM
01/16/2024,11,30817,01/16/2024 4:00:00 PM
01/16/2024,12,30461,01/16/2024 5:00:00 PM
01/16/2024,13,29768,01/16/2024 6:00:00 PM
01/16/2024,14,28845,01/16/2024 7:00:00 PM
01/16/2024,15,27964,01/16/2024 8:00:00 PM
01/16/2024,16,27270,01/16/2024 9:00:00 PM
01/16/2024,17,26902,01/16/2024 10:00:00 PM
01/16/2024,18,27391,01/16/2024 11:00:00 PM
01/16/2024,19,28823,01/17/2024 12:00:00 AM
01/16/2024,20,30077,01/17/2024 1:00:00 AM
01/16/2024,21,30311,01/17/2024 2:00:00 AM
01/16/2024,22,30381,01/17/2024 3:00:00 AM
01/16/2024,23,30040,01/17/2024 4:00:00 AM
01/16/2024,24,29521,01/17/2024 5:00:00 AM
01/17/2024,1,29315,01/17/2024 6:00:00 AM
01/17/2024,2,29170,01/17/2024 7:00:00 AM
01/17/2024,3,29230,01/17/2024 8:00:00 AM
01/17/2024,4,29524,01/17/2024 9:00:00 AM
01/17/2024,5,29776,01/17/2024 10:00:00 AM
01/17/2024,6,30320,01/17/2024 11:00:00 AM
01/17/2024,7,30882,01/17/2024 12:00:00 PM
01/17/2024,8,31798,01/17/2024 1:00:00 PM
01/17/2024,9,32022,01/17/2024 2:00:00 PM
01/17/2024,10,31533,01/17/2024 3:00:00 PM
01/17/2024,11,30259,01/17/2024 4:00:00 PM
01/17/2024,12,28888,01/17/2024 5:00:00 PM
01/17/2024,13,27412,01/17/2024 6:00:00 PM
01/17/2024,14,25923,01/17/2024 7:00:00 PM
01/17/2024,15,24696,01/17/2024 8:00:00 PM
01/17/2024,16,23644,01/17/2024 9:00:00 PM
01/17/2024,17,23043,01/17/2024 10:00:00 PM
01/17/2024,18,23439,01/17/2024 11:00:00 PM
01/17/2024,19,24983,01/18/2024 12:00:00 AM
01/17/2024,20,26480,01/18/2024 1:00:00 AM
01/17/2024,21,26824,01/18/2024 2:00:00 AM
01/17/2024,22,26934,01/18/2024 3:00:00 AM
01/17/2024,23,26461,01/18/2024 4:00:00 AM
01/17/2024,24,25635,01/18/2024 5:00:00 AM
01/18/2024,1,24806,01/18/2024 6:00:00 AM
01/18/2024,2,24236,01/18/2024 7:00:00 AM
01/18/2024,3,23998,01/18/2024 8:00:00 AM
01/18/2024,4,23833,01/18/2024 9:00:00 AM
01/18/2024,5,23568,01/18/2024 10:00:00 AM
01/18/2024,6,23616,01/18/2024 11:00:00 AM
01/18/2024,7,24068,01/18/2024 12:00:00 PM
01/18/2024,8,24859,01/18/2024 1:00:00 PM
01/18/2024,9,24659,01/18/2024 2:00:00 PM
01/18/2024,10,24232,01/18/2024 3:00:00 PM
01/18/2024,11,23906,01/18/2024 4:00:00 PM
01/18/2024,12,23343,01/18/2024 5:00:00 PM
01/18/2024,13,22472,01/18/2024 6:00:00 PM
01/18/2024,14,21601,01/18/2024 7:00:00 PM
01/18/2024,15,20960,01/18/2024 8:00:00 PM
01/18/2024,16,20351,01/18/2024 9:00:00 PM
01/18/2024,17,19978,01/18/2024 10:00:00 PM
01/18/2024,18,20038,01/18/2024 11:00:00 PM
01/18/2024,19,20596,01/19/2024 12:00:00 AM
01/18/2024,20,21211,01/19/2024 1:00:00 AM
01/18/2024,21,21206,01/19/2024 2:00:00 AM
01/18/2024,22,20958,01/19/2024 3:00:00 AM
01/18/2024,23,20534,01/19/2024 4:00:00 AM
01/18/2024,24,19719,01/19/2024 5:00:00 AM
01/19/2024,1,19048,01/19/2024 6:00:00 AM
01/19/2024,2,18672,01/19/2024 7:00:00 AM
01/19/2024,3,18653,01/19/2024 8:00:00 AM
01/19/2024,4,18622,01/19/2024 9:00:00 AM
01/19/2024,5,18888,01/19/2024 10:00:00 AM
01/19/2024,6,19331,01/19/2024 11:00:00 AM
01/19/2024,7,20531,01/19/2024 12:00:00 PM
01/19/2024,8,22069,01/19/2024 1:00:00 PM
01/19/2024,9,22891,01/19/2024 2:00:00 PM
01/19/2024,10,22885,01/19/2024 3:00:00 PM
01/19/2024,11,22535,01/19/2024 4:00:00 PM
01/19/2024,12,22116,01/19/2024 5:00:00 PM
01/19/2024,13,21451,01/19/2024 6:00:00 PM
01/19/2024,14,20821,01/19/2024 7:00:00 PM
01/19/2024,15,20282,01/19/2024 8:00:00 PM
01/19/2024,16,19907,01/19/2024 9:00:00 PM
01/19/2024,17,19938,01/19/2024 10:00:00 PM
01/19/2024,18,20534,01/19/2024 11:00:00 PM
01/19/2024,19,21890,01/20/2024 12:00:00 AM
01/19/2024,20,23466,01/20/2024 1:00:00 AM
01/19/2024,21,24041,01/20/2024 2:00:00 AM
01/19/2024,22,24352,01/20/2024 3:00:00 AM
01/19/2024,23,24490,01/20/2024 4:00:00 AM
01/19/2024,24,24500,01/20/2024 5:00:00 AM
01/20/2024,1,24419,01/20/2024 6:00:00 AM
01/20/2024,2,24487,01/20/2024 7:00:00 AM
01/20/2024,3,24651,01/20/2024 8:00:00 AM
01/20/2024,4,24989,01/20/2024 9:00:00 AM
01/20/2024,5,25412,01/20/2024 10:00:00 AM
01/20/2024,6,26001,01/20/2024 11:00:00 AM
01/20/2024,7,26715,01/20/2024 12:00:00 PM
01/20/2024,8,27550,01/20/2024 1:00:00 PM
01/20/2024,9,28292,01/20/2024 2:00:00 PM
01/20/2024,10,28277,01/20/2024 3:00:00 PM
01/20/2024,11,27734,01/20/2024 4:00:00 PM
01/20/2024,12,26929,01/20/2024 5:00:00 PM
01/20/2024,13,25744,01/20/2024 6:00:00 PM
01/20/2024,14,24426,01/20/2024 7:00:00 PM
01/20/2024,15,23357,01/20/2024 8:00:00 PM
01/20/2024,16,22735,01/20/2024 9:00:00 PM
01/20/2024,17,22534,01/20/2024 10:00:00 PM
01/20/2024,18,23013,01/20/2024 11:00:00 PM
01/20/2024,19,24534,01/21/2024 12:00:00 AM
01/20/2024,20,25863,01/21/2024 1:00:00 AM
01/20/2024,21,26477,01/21/2024 2:00:00 AM
01/20/2024,22,26689,01/21/2024 3:00:00 AM
01/20/2024,23,26583,01/21/2024 4:00:00 AM
01/20/2024,24,26451,01/21/2024 5:00:00 AM
01/21/2024,1,26152,01/21/2024 6:00:00 AM
01/21/2024,2,25945,01/21/2024 7:00:00 AM
01/21/2024,3,26119,01/21/2024 8:00:00 AM
01/21/2024,4,26238,01/21/2024 9:00:00 AM
01/21/2024,5,26452,01/21/2024 10:00:00 AM
01/21/2024,6,26695,01/21/2024 11:00:00 AM
01/21/2024,7,27014,01/21/2024 12:00:00 PM
01/21/2024,8,27672,01/21/2024 1:00:00 PM
01/21/2024,9,28333,01/21/2024 2:00:00 PM
01/21/2024,10,28585,01/21/2024 3:00:00 PM
01/21/2024,11,28026,01/21/2024 4:00:00 PM
01/21/2024,12,27039,01/21/2024 5:00:00 PM
01/21/2024,13,25869,01/21/2024 6:00:00 PM
01/21/2024,14,24934,01/21/2024 7:00:00 PM
01/21/2024,15,24179,01/21/2024 8:00:00 PM
01/21/2024,16,23473,01/21/2024 9:00:00 PM
01/21/2024,17,23313,01/21/2024 10:00:00 PM
01/21/2024,18,23767,01/21/2024 11:00:00 PM
01/21/2024,19,24676,01/22/2024 12:00:00 AM
01/21/2024,20,25225,01/22/2024 1:00:00 AM
01/21/2024,21,25187,01/22/2024 2:00:00 AM
01/21/2024,22,24889,01/22/2024 3:00:00 AM
01/21/2024,23,24364,01/22/2024 4:00:00 AM
01/21/2024,24,23345,01/22/2024 5:00:00 AM
01/22/2024,1,22463,01/22/2024 6:00:00 AM
01/22/2024,2,22068,01/22/2024 7:00:00 AM
01/22/2024,3,21729,01/22/2024 8:00:00 AM
01/22/2024,4,21622,01/22/2024 9:00:00 AM
01/22/2024,5,21541,01/22/2024 10:00:00 AM
01/22/2024,6,21845,01/22/2024 11:00:00 AM
01/22/2024,7,22723,01/22/2024 12:00:00 PM
01/22/2024,8,23823,01/22/2024 1:00:00 PM
01/22/2024,9,23963,01/22/2024 2:00:00 PM
01/22/2024,10,23819,01/22/2024 3:00:00 PM
01/22/2024,11,23325,01/22/2024 4:00:00 PM
01/22/2024,12,22668,01/22/2024 5:00:00 PM
01/22/2024,13,21837,01/22/2024 6:00:00 PM
01/22/2024,14,21216,01/22/2024 7:00:00 PM
01/22/2024,15,20761,01/22/2024 8:00:00 PM
01/22/2024,16,20329,01/22/2024 9:00:00 PM
01/22/2024,17,20150,01/22/2024 10:00:00 PM
01/22/2024,18,20437,01/22/2024 11:00:00 PM
01/22/2024,19,20988,01/23/2024 12:00:00 AM
01/22/2024,20,21332,01/23/2024 1:00:00 AM
01/22/2024,21,20946,01/23/2024 2:00:00 AM
01/22/2024,22,20491,01/23/2024 3:00:00 AM
01/22/2024,23,19689,01/23/2024 4:00:00 AM
01/22/2024,24,18582,01/23/2024 5:00:00 AM
01/23/2024,1,17616,01/23/2024 6:00:00 AM
01/23/2024,2,16892,01/23/2024 7:00:00 AM
01/23/2024,3,16587,01/23/2024 8:00:00 AM
01/23/2024,4,16328,01/23/2024 9:00:00 AM
01/23/2024,5,16372,01/23/2024 10:00:00 AM
01/23/2024,6,16538,01/23/2024 11:00:00 AM
01/23/2024,7,17195,01/23/2024 12:00:00 PM
01/23/2024,8,18236,01/23/2024 1:00:00 PM
01/23/2024,9,18411,01/23/2024 2:00:00 PM
01/23/2024,10,18260,01/23/2024 3:00:00 PM
01/23/2024,11,18048,01/23/2024 4:00:00 PM
01/23/2024,12,18110,01/23/2024 5:00:00 PM
01/23/2024,13,17963,01/23/2024 6:00:00 PM
01/23/2024,14,17868,01/23/2024 7:00:00 PM
01/23/2024,15,17792,01/23/2024 8:00:00 PM
01/23/2024,16,17678,01/23/2024 9:00:00 PM
01/23/2024,17,17698,01/23/2024 10:00:00 PM
01/23/2024,18,18031,01/23/2024 11:00:00 PM
01/23/2024,19,18627,01/24/2024 12:00:00 AM
01/23/2024,20,18937,01/24/2024 1:00:00 AM
01/23/2024,21,18799,01/24/2024 2:00:00 AM
01/23/2024,22,18374,01/24/2024 3:00:00 AM
01/23/2024,23,17681,01/24/2024 4:00:00 AM
01/23/2024,24,16783,01/24/2024 5:00:00 AM
01/24/2024,1,15962,01/24/2024 6:00:00 AM
01/24/2024,2,15517,01/24/2024 7:00:00 AM
01/24/2024,3,15159,01/24/2024 8:00:00 AM
01/24/2024,4,14962,01/24/2024 9:00:00 AM
01/24/2024,5,14967,01/24/2024 10:00:00 AM
01/24/2024,6,15261,01/24/2024 11:00:00 AM
01/24/2024,7,15733,01/24/2024 12:00:00 PM
01/24/2024,8,16764,01/24/2024 1:00:00 PM
01/24/2024,9,17190,01/24/2024 2:00:00 PM
01/24/2024,10,17227,01/24/2024 3:00:00 PM
01/24/2024,11,17243,01/24/2024 4:00:00 PM
01/24/2024,12,17387,01/24/2024 5:00:00 PM
01/24/2024,13,17445,01/24/2024 6:00:00 PM
01/24/2024,14,17404,01/24/2024 7:00:00 PM
01/24/2024,15,17427,01/24/2024 8:00:00 PM
01/24/2024,16,17405,01/24/2024 9:00:00 PM
01/24/2024,17,17369,01/24/2024 10:00:00 PM
01/24/2024,18,17688,01/24/2024 11:00:00 PM
01/24/2024,19,18222,01/25/2024 12:00:00 AM
01/24/2024,20,18592,01/25/2024 1:00:00 AM
01/24/2024,21,18356,01/25/2024 2:00:00 AM
01/24/2024,22,18084,01/25/2024 3:00:00 AM
01/24/2024,23,17466,01/25/2024 4:00:00 AM
01/24/2024,24,16623,01/25/2024 5:00:00 AM
01/25/2024,1,15767,01/25/2024 6:00:00 AM
01/25/2024,2,15362,01/25/2024 7:00:00 AM
01/25/2024,3,15043,01/25/2024 8:00:00 AM
01/25/2024,4,14848,01/25/2024 9:00:00 AM
01/25/2024,5,14806,01/25/2024 10:00:00 AM
01/25/2024,6,14999,01/25/2024 11:00:00 AM
01/25/2024,7,15695,01/25/2024 12:00:00 PM
01/25/2024,8,16732,01/25/2024 1:00:00 PM
01/25/2024,9,17314,01/25/2024 2:00:00 PM
01/25/2024,10,17443,01/25/2024 3:00:00 PM
01/25/2024,11,17578,01/25/2024 4:00:00 PM
01/25/2024,12,17477,01/25/2024 5:00:00 PM
01/25/2024,13,17438,01/25/2024 6:00:00 PM
01/25/2024,14,17434,01/25/2024 7:00:00 PM
01/25/2024,15,17242,01/25/2024 8:00:00 PM
01/25/2024,16,17164,01/25/2024 9:00:00 PM
01/25/2024,17,17122,01/25/2024 10:00:00 PM
01/25/2024,18,17296,01/25/2024 11:00:00 PM
01/25/2024,19,17714,01/26/2024 12:00:00 AM
01/25/2024,20,18245,01/26/2024 1:00:00 AM
01/25/2024,21,18258,01/26/2024 2:00:00 AM
01/25/2024,22,18021,01/26/2024 3:00:00 AM
01/25/2024,23,17596,01/26/2024 4:00:00 AM
01/25/2024,24,16847,01/26/2024 5:00:00 AM
01/26/2024,1,16147,01/26/2024 6:00:00 AM
01/26/2024,2,15685,01/26/2024 7:00:00 AM
01/26/2024,3,15351,01/26/2024 8:00:00 AM
01/26/2024,4,15084,01/26/2024 9:00:00 AM
01/26/2024,5,15035,01/26/2024 10:00:00 AM
01/26/2024,6,15459,01/26/2024 11:00:00 AM
01/26/2024,7,16209,01/26/2024 12:00:00 PM
01/26/2024,8,17361,01/26/2024 1:00:00 PM
01/26/2024,9,17887,01/26/2024 2:00:00 PM
01/26/2024,10,17965,01/26/2024 3:00:00 PM
01/26/2024,11,17933,01/26/2024 4:00:00 PM
01/26/2024,12,17999,01/26/2024 5:00:00 PM
01/26/2024,13,17904,01/26/2024 6:00:00 PM
01/26/2024,14,17774,01/26/2024 7:00:00 PM
01/26/2024,15,17648,01/26/2024 8:00:00 PM
01/26/2024,16,17523,01/26/2024 9:00:00 PM
01/26/2024,17,17449,01/26/2024 10:00:00 PM
01/26/2024,18,17663,01/26/2024 11:00:00 PM
01/26/2024,19,17871,01/27/2024 12:00:00 AM
01/26/2024,20,18219,01/27/2024 1:00:00 AM
01/26/2024,21,17998,01/27/2024 2:00:00 AM
01/26/2024,22,17749,01/27/2024 3:00:00 AM
01/26/2024,23,17428,01/27/2024 4:00:00 AM
01/26/2024,24,16917,01/27/2024 5:00:00 AM
01/27/2024,1,16324,01/27/2024 6:00:00 AM
01/27/2024,2,15906,01/27/2024 7:00:00 AM
01/27/2024,3,15440,01/27/2024 8:00:00 AM
01/27/2024,4,15235,01/27/2024 9:00:00 AM
01/27/2024,5,15205,01/27/2024 10:00:00 AM
01/27/2024,6,15347,01/27/2024 11:00:00 AM
01/27/2024,7,15577,01/27/2024 12:00:00 PM
01/27/2024,8,16029,01/27/2024 1:00:00 PM
01/27/2024,9,16525,01/27/2024 2:00:00 PM
01/27/2024,10,17059,01/27/2024 3:00:00 PM
01/27/2024,11,17530,01/27/2024 4:00:00 PM
01/27/2024,12,17820,01/27/2024 5:00:00 PM
01/27/2024,13,17862,01/27/2024 6:00:00 PM
01/27/2024,14,17633,01/27/2024 7:00:00 PM
01/27/2024,15,17472,01/27/2024 8:00:00 PM
01/27/2024,16,17412,01/27/2024 9:00:00 PM
01/27/2024,17,17455,01/27/2024 10:00:00 PM
01/27/2024,18,17582,01/27/2024 11:00:00 PM
01/27/2024,19,18104,01/28/2024 12:00:00 AM
01/27/2024,20,18606,01/28/2024 1:00:00 AM
01/27/2024,21,18505,01/28/2024 2:00:00 AM
01/27/2024,22,18541,01/28/2024 3:00:00 AM
01/27/2024,23,18342,01/28/2024 4:00:00 AM
01/27/2024,24,17929,01/28/2024 5:00:00 AM
01/28/2024,1,17511,01/28/2024 6:00:00 AM
01/28/2024,2,17082,01/28/2024 7:00:00 AM
01/28/2024,3,16870,01/28/2024 8:00:00 AM
01/28/2024,4,16815,01/28/2024 9:00:00 AM
01/28/2024,5,16923,01/28/2024 10:00:00 AM
01/28/2024,6,17050,01/28/2024 11:00:00 AM
01/28/2024,7,17300,01/28/2024 12:00:00 PM
01/28/2024,8,17917,01/28/2024 1:00:00 PM
01/28/2024,9,18621,01/28/2024 2:00:00 PM
01/28/2024,10,19512,01/28/2024 3:00:00 PM
01/28/2024,11,19804,01/28/2024 4:00:00 PM
01/28/2024,12,19552,01/28/2024 5:00:00 PM
01/28/2024,13,19093,01/28/2024 6:00:00 PM
01/28/2024,14,18715,01/28/2024 7:00:00 PM
01/28/2024,15,18180,01/28/2024 8:00:00 PM
01/28/2024,16,17698,01/28/2024 9:00:00 PM
01/28/2024,17,17489,01/28/2024 10:00:00 PM
01/28/2024,18,17606,01/28/2024 11:00:00 PM
01/28/2024,19,18419,01/29/2024 12:00:00 AM
01/28/2024,20,19665,01/29/2024 1:00:00 AM
01/28/2024,21,20165,01/29/2024 2:00:00 AM
01/28/2024,22,20189,01/29/2024 3:00:00 AM
01/28/2024,23,20222,01/29/2024 4:00:00 AM
01/28/2024,24,19620,01/29/2024 5:00:00 AM
01/29/2024,1,19149,01/29/2024 6:00:00 AM
01/29/2024,2,19116,01/29/2024 7:00:00 AM
01/29/2024,3,19088,01/29/2024 8:00:00 AM
01/29/2024,4,19362,01/29/2024 9:00:00 AM
01/29/2024,5,19642,01/29/2024 10:00:00 AM
01/29/2024,6,20404,01/29/2024 11:00:00 AM
01/29/2024,7,21574,01/29/2024 12:00:00 PM
01/29/2024,8,23386,01/29/2024 1:00:00 PM
01/29/2024,9,23868,01/29/2024 2:00:00 PM
01/29/2024,10,23062,01/29/2024 3:00:00 PM
01/29/2024,11,21506,01/29/2024 4:00:00 PM
01/29/2024,12,20210,01/29/2024 5:00:00 PM
01/29/2024,13,19110,01/29/2024 6:00:00 PM
01/29/2024,14,18199,01/29/2024 7:00:00 PM
01/29/2024,15,17501,01/29/2024 8:00:00 PM
01/29/2024,16,17111,01/29/2024 9:00:00 PM
01/29/2024,17,16969,01/29/2024 10:00:00 PM
01/29/2024,18,17146,01/29/2024 11:00:00 PM
01/29/2024,19,17928,01/30/2024 12:00:00 AM
01/29/2024,20,19171,01/30/2024 1:00:00 AM
01/29/2024,21,19570,01/30/2024 2:00:00 AM
01/29/2024,22,19602,01/30/2024 3:00:00 AM
01/29/2024,23,19475,01/30/2024 4:00:00 AM
01/29/2024,24,18823,01/30/2024 5:00:00 AM
01/30/2024,1,18403,01/30/2024 6:00:00 AM
01/30/2024,2,18179,01/30/2024 7:00:00 AM
01/30/2024,3,18126,01/30/2024 8:00:00 AM
01/30/2024,4,18212,01/30/2024 9:00:00 AM
01/30/2024,5,18602,01/30/2024 10:00:00 AM
01/30/2024,6,19100,01/30/2024 11:00:00 AM
01/30/2024,7,20272,01/30/2024 12:00:00 PM
01/30/2024,8,21743,01/30/2024 1:00:00 PM
01/30/2024,9,22071,01/30/2024 2:00:00 PM
01/30/2024,10,21176,01/30/2024 3:00:00 PM
01/30/2024,11,19900,01/30/2024 4:00:00 PM
01/30/2024,12,18716,01/30/2024 5:00:00 PM
01/30/2024,13,17854,01/30/2024 6:00:00 PM
01/30/2024,14,17039,01/30/2024 7:00:00 PM
01/30/2024,15,16847,01/30/2024 8:00:00 PM
01/30/2024,16,16506,01/30/2024 9:00:00 PM
01/30/2024,17,16444,01/30/2024 10:00:00 PM
01/30/2024,18,16548,01/30/2024 11:00:00 PM
01/30/2024,19,17217,01/31/2024 12:00:00 AM
01/30/2024,20,18070,01/31/2024 1:00:00 AM
01/30/2024,21,18342,01/31/2024 2:00:00 AM
01/30/2024,22,18215,01/31/2024 3:00:00 AM
01/30/2024,23,17896,01/31/2024 4:00:00 AM
01/30/2024,24,17225,01/31/2024 5:00:00 AM
01/31/2024,1,16667,01/31/2024 6:00:00 AM
01/31/2024,2,16379,01/31/2024 7:00:00 AM
01/31/2024,3,16337,01/31/2024 8:00:00 AM
01/31/2024,4,16440,01/31/2024 9:00:00 AM
01/31/2024,5,16715,01/31/2024 10:00:00 AM
01/31/2024,6,17246,01/31/2024 11:00:00 AM
01/31/2024,7,18501,01/31/2024 12:00:00 PM
01/31/2024,8,20008,01/31/2024 1:00:00 PM
01/31/2024,9,20481,01/31/2024 2:00:00 PM
01/31/2024,10,19613,01/31/2024 3:00:00 PM
01/31/2024,11,18731,01/31/2024 4:00:00 PM
01/31/2024,12,17966,01/31/2024 5:00:00 PM
01/31/2024,13,17185,01/31/2024 6:00:00 PM
01/31/2024,14,16811,01/31/2024 7:00:00 PM
01/31/2024,15,16653,01/31/2024 8:00:00 PM
01/31/2024,16,16533,01/31/2024 9:00:00 PM
01/31/2024,17,16499,01/31/2024 10:00:00 PM
01/31/2024,18,16762,01/31/2024 11:00:00 PM
01/31/2024,19,17355,02/01/2024 12:00:00 AM
01/31/2024,20,18301,02/01/2024 1:00:00 AM
01/31/2024,21,18593,02/01/2024 2:00:00 AM
01/31/2024,22,18589,02/01/2024 3:00:00 AM
01/31/2024,23,18289,02/01/2024 4:00:00 AM
01/31/2024,24,17736,02/01/2024 5:00:00 AM
02/01/2024,1,17223,02/01/2024 6:00:00 AM
02/01/2024,2,17067,02/01/2024 7:00:00 AM
02/01/2024,3,16988,02/01/2024 8:00:00 AM
02/01/2024,4,17229,02/01/2024 9:00:00 AM
02/01/2024,5,17410,02/01/2024 10:00:00 AM
02/01/2024,6,18032,02/01/2024 11:00:00 AM
02/01/2024,7,19178,02/01/2024 12:00:00 PM
02/01/2024,8,20732,02/01/2024 1:00:00 PM
02/01/2024,9,21201,02/01/2024 2:00:00 PM
02/01/2024,10,20636,02/01/2024 3:00:00 PM
02/01/2024,11,19674,02/01/2024 4:00:00 PM
02/01/2024,12,18657,02/01/2024 5:00:00 PM
02/01/2024,13,17672,02/01/2024 6:00:00 PM
02/01/2024,14,17095,02/01/2024 7:00:00 PM
02/01/2024,15,16847,02/01/2024 8:00:00 PM
02/01/2024,16,16750,02/01/2024 9:00:00 PM
02/01/2024,17,16643,02/01/2024 10:00:00 PM
02/01/2024,18,16864,02/01/2024 11:00:00 PM
02/01/2024,19,17333,02/02/2024 12:00:00 AM
02/01/2024,20,18302,02/02/2024 1:00:00 AM
02/01/2024,21,18504,02/02/2024 2:00:00 AM
02/01/2024,22,18286,02/02/2024 3:00:00 AM
02/01/2024,23,17909,02/02/2024 4:00:00 AM
02/01/2024,24,17160,02/02/2024 5:00:00 AM
02/02/2024,1,16732,02/02/2024 6:00:00 AM
02/02/2024,2,16325,02/02/2024 7:00:00 AM
02/02/2024,3,16242,02/02/2024 8:00:00 AM
02/02/2024,4,16322,02/02/2024 9:00:00 AM
02/02/2024,5,16551,02/02/2024 10:00:00 AM
02/02/2024,6,17033,02/02/2024 11:00:00 AM
02/02/2024,7,18072,02/02/2024 12:00:00 PM
02/02/2024,8,19617,02/02/2024 1:00:00 PM
02/02/2024,9,20001,02/02/2024 2:00:00 PM
02/02/2024,10,19424,02/02/2024 3:00:00 PM
02/02/2024,11,18368,02/02/2024 4:00:00 PM
02/02/2024,12,17531,02/02/2024 5:00:00 PM
02/02/2024,13,17046,02/02/2024 6:00:00 PM
02/02/2024,14,16661,02/02/2024 7:00:00 PM
02/02/2024,15,16450,02/02/2024 8:00:00 PM
02/02/2024,16,16516,02/02/2024 9:00:00 PM
02/02/2024,17,16495,02/02/2024 10:00:00 PM
02/02/2024,18,16531,02/02/2024 11:00:00 PM
02/02/2024,19,16699,02/03/2024 12:00:00 AM
02/02/2024,20,17284,02/03/2024 1:00:00 AM
02/02/2024,21,17218,02/03/2024 2:00:00 AM
02/02/2024,22,17096,02/03/2024 3:00:00 AM
02/02/2024,23,16705,02/03/2024 4:00:00 AM
02/02/2024,24,16289,02/03/2024 5:00:00 AM
02/03/2024,1,15675,02/03/2024 6:00:00 AM
02/03/2024,2,15360,02/03/2024 7:00:00 AM
02/03/2024,3,15177,02/03/2024 8:00:00 AM
02/03/2024,4,15061,02/03/2024 9:00:00 AM
02/03/2024,5,15055,02/03/2024 10:00:00 AM
02/03/2024,6,15296,02/03/2024 11:00:00 AM
02/03/2024,7,15563,02/03/2024 12:00:00 PM
02/03/2024,8,16080,02/03/2024 1:00:00 PM
02/03/2024,9,16597,02/03/2024 2:00:00 PM
02/03/2024,10,17320,02/03/2024 3:00:00 PM
02/03/2024,11,17705,02/03/2024 4:00:00 PM
02/03/2024,12,17876,02/03/2024 5:00:00 PM
02/03/2024,13,17904,02/03/2024 6:00:00 PM
02/03/2024,14,17697,02/03/2024 7:00:00 PM
02/03/2024,15,17651,02/03/2024 8:00:00 PM
02/03/2024,16,17586,02/03/2024 9:00:00 PM
02/03/2024,17,17669,02/03/2024 10:00:00 PM
02/03/2024,18,17723,02/03/2024 11:00:00 PM
02/03/2024,19,18283,02/04/2024 12:00:00 AM
02/03/2024,20,18426,02/04/2024 1:00:00 AM
02/03/2024,21,18356,02/04/2024 2:00:00 AM
02/03/2024,22,18099,02/04/2024 3:00:00 AM
02/03/2024,23,17615,02/04/2024 4:00:00 AM
02/03/2024,24,17098,02/04/2024 5:00:00 AM
02/04/2024,1,16483,02/04/2024 6:00:00 AM
02/04/2024,2,16049,02/04/2024 7:00:00 AM
02/04/2024,3,15648,02/04/2024 8:00:00 AM
02/04/2024,4,15563,02/04/2024 9:00:00 AM
02/04/2024,5,15569,02/04/2024 10:00:00 AM
02/04/2024,6,15593,02/04/2024 11:00:00 AM
02/04/2024,7,15770,02/04/2024 12:00:00 PM
02/04/2024,8,16435,02/04/2024 1:00:00 PM
02/04/2024,9,17054,02/04/2024 2:00:00 PM
02/04/2024,10,17494,02/04/2024 3:00:00 PM
02/04/2024,11,17608,02/04/2024 4:00:00 PM
02/04/2024,12,17486,02/04/2024 5:00:00 PM
02/04/2024,13,17064,02/04/2024 6:00:00 PM
02/04/2024,14,16918,02/04/2024 7:00:00 PM
02/04/2024,15,16718,02/04/2024 8:00:00 PM
02/04/2024,16,16589,02/04/2024 9:00:00 PM
02/04/2024,17,16612,02/04/2024 10:00:00 PM
02/04/2024,18,16819,02/04/2024 11:00:00 PM
02/04/2024,19,17325,02/05/2024 12:00:00 AM
02/04/2024,20,18076,02/05/2024 1:00:00 AM
02/04/2024,21,18139,02/05/2024 2:00:00 AM
02/04/2024,22,18071,02/05/2024 3:00:00 AM
02/04/2024,23,17598,02/05/2024 4:00:00 AM
02/04/2024,24,16862,02/05/2024 5:00:00 AM
02/05/2024,1,16126,02/05/2024 6:00:00 AM
02/05/2024,2,15683,02/05/2024 7:00:00 AM
02/05/2024,3,15627,02/05/2024 8:00:00 AM
02/05/2024,4,15568,02/05/2024 9:00:00 AM
02/05/2024,5,15711,02/05/2024 10:00:00 AM
02/05/2024,6,16119,02/05/2024 11:00:00 AM
02/05/2024,7,17310,02/05/2024 12:00:00 PM
02/05/2024,8,18938,02/05/2024 1:00:00 PM
02/05/2024,9,19547,02/05/2024 2:00:00 PM
02/05/2024,10,19452,02/05/2024 3:00:00 PM
02/05/2024,11,19285,02/05/2024 4:00:00 PM
02/05/2024,12,18922,02/05/2024 5:00:00 PM
02/05/2024,13,18417,02/05/2024 6:00:00 PM
02/05/2024,14,17874,02/05/2024 7:00:00 PM
02/05/2024,15,17579,02/05/2024 8:00:00 PM
02/05/2024,16,17219,02/05/2024 9:00:00 PM
02/05/2024,17,17056,02/05/2024 10:00:00 PM
02/05/2024,18,17273,02/05/2024 11:00:00 PM
02/05/2024,19,17877,02/06/2024 12:00:00 AM
02/05/2024,20,18954,02/06/2024 1:00:00 AM
02/05/2024,21,19205,02/06/2024 2:00:00 AM
02/05/2024,22,19076,02/06/2024 3:00:00 AM
02/05/2024,23,18667,02/06/2024 4:00:00 AM
02/05/2024,24,18064,02/06/2024 5:00:00 AM
02/06/2024,1,17465,02/06/2024 6:00:00 AM
02/06/2024,2,17189,02/06/2024 7:00:00 AM
02/06/2024,3,17150,02/06/2024 8:00:00 AM
02/06/2024,4,17330,02/06/2024 9:00:00 AM
02/06/2024,5,17521,02/06/2024 10:00:00 AM
02/06/2024,6,18087,02/06/2024 11:00:00 AM
02/06/2024,7,19274,02/06/2024 12:00:00 PM
02/06/2024,8,20964,02/06/2024 1:00:00 PM
02/06/2024,9,21374,02/06/2024 2:00:00 PM
02/06/2024,10,20549,02/06/2024 3:00:00 PM
02/06/2024,11,19410,02/06/2024 4:00:00 PM
02/06/2024,12,18226,02/06/2024 5:00:00 PM
02/06/2024,13,17491,02/06/2024 6:00:00 PM
02/06/2024,14,16924,02/06/2024 7:00:00 PM
02/06/2024,15,16488,02/06/2024 8:00:00 PM
02/06/2024,16,16328,02/06/2024 9:00:00 PM
02/06/2024,17,16287,02/06/2024 10:00:00 PM
02/06/2024,18,16566,02/06/2024 11:00:00 PM
02/06/2024,19,17226,02/07/2024 12:00:00 AM
02/06/2024,20,18335,02/07/2024 1:00:00 AM
02/06/2024,21,18526,02/07/2024 2:00:00 AM
02/06/2024,22,18575,02/07/2024 3:00:00 AM
02/06/2024,23,18212,02/07/2024 4:00:00 AM
02/06/2024,24,17634,02/07/2024 5:00:00 AM
02/07/2024,1,17184,02/07/2024 6:00:00 AM
02/07/2024,2,17074,02/07/2024 7:00:00 AM
02/07/2024,3,17040,02/07/2024 8:00:00 AM
02/07/2024,4,17210,02/07/2024 9:00:00 AM
02/07/2024,5,17430,02/07/2024 10:00:00 AM
02/07/2024,6,17922,02/07/2024 11:00:00 AM
02/07/2024,7,18936,02/07/2024 12:00:00 PM
02/07/2024,8,20516,02/07/2024 1:00:00 PM
02/07/2024,9,20955,02/07/2024 2:00:00 PM
02/07/2024,10,20228,02/07/2024 3:00:00 PM
02/07/2024,11,19118,02/07/2024 4:00:00 PM
02/07/2024,12,18314,02/07/2024 5:00:00 PM
02/07/2024,13,17565,02/07/2024 6:00:00 PM
02/07/2024,14,17118,02/07/2024 7:00:00 PM
02/07/2024,15,16871,02/07/2024 8:00:00 PM
02/07/2024,16,16519,02/07/2024 9:00:00 PM
02/07/2024,17,16399,02/07/2024 10:00:00 PM
02/07/2024,18,16408,02/07/2024 11:00:00 PM
02/07/2024,19,17097,02/08/2024 12:00:00 AM
02/07/2024,20,18001,02/08/2024 1:00:00 AM
02/07/2024,21,18211,02/08/2024 2:00:00 AM
02/07/2024,22,18268,02/08/2024 3:00:00 AM
02/07/2024,23,17881,02/08/2024 4:00:00 AM
02/07/2024,24,17072,02/08/2024 5:00:00 AM
02/08/2024,1,16304,02/08/2024 6:00:00 AM
02/08/2024,2,15819,02/08/2024 7:00:00 AM
02/08/2024,3,15448,02/08/2024 8:00:00 AM
02/08/2024,4,15465,02/08/2024 9:00:00 AM
02/08/2024,5,15461,02/08/2024 10:00:00 AM
02/08/2024,6,15694,02/08/2024 11:00:00 AM
02/08/2024,7,16497,02/08/2024 12:00:00 PM
02/08/2024,8,17752,02/08/2024 1:00:00 PM
02/08/2024,9,17803,02/08/2024 2:00:00 PM
02/08/2024,10,17639,02/08/2024 3:00:00 PM
02/08/2024,11,17488,02/08/2024 4:00:00 PM
02/08/2024,12,17175,02/08/2024 5:00:00 PM
02/08/2024,13,16981,02/08/2024 6:00:00 PM
02/08/2024,14,16853,02/08/2024 7:00:00 PM
02/08/2024,15,16759,02/08/2024 8:00:00 PM
02/08/2024,16,16574,02/08/2024 9:00:00 PM
02/08/2024,17,16592,02/08/2024 10:00:00 PM
02/08/2024,18,16765,02/08/2024 11:00:00 PM
02/08/2024,19,17089,02/09/2024 12:00:00 AM
02/08/2024,20,17667,02/09/2024 1:00:00 AM
02/08/2024,21,17736,02/09/2024 2:00:00 AM
02/08/2024,22,17473,02/09/2024 3:00:00 AM
02/08/2024,23,17101,02/09/2024 4:00:00 AM
02/08/2024,24,16171,02/09/2024 5:00:00 AM
02/09/2024,1,15428,02/09/2024 6:00:00 AM
02/09/2024,2,14935,02/09/2024 7:00:00 AM
02/09/2024,3,14653,02/09/2024 8:00:00 AM
02/09/2024,4,14416,02/09/2024 9:00:00 AM
02/09/2024,5,14334,02/09/2024 10:00:00 AM
02/09/2024,6,14616,02/09/2024 11:00:00 AM
02/09/2024,7,15155,02/09/2024 12:00:00 PM
02/09/2024,8,16361,02/09/2024 1:00:00 PM
02/09/2024,9,16746,02/09/2024 2:00:00 PM
02/09/2024,10,16830,02/09/2024 3:00:00 PM
02/09/2024,11,16753,02/09/2024 4:00:00 PM
02/09/2024,12,16937,02/09/2024 5:00:00 PM
02/09/2024,13,16935,02/09/2024 6:00:00 PM
02/09/2024,14,16890,02/09/2024 7:00:00 PM
02/09/2024,15,16817,02/09/2024 8:00:00 PM
02/09/2024,16,16761,02/09/2024 9:00:00 PM
02/09/2024,17,16647,02/09/2024 10:00:00 PM
02/09/2024,18,16871,02/09/2024 11:00:00 PM
02/09/2024,19,16926,02/10/2024 12:00:00 AM
02/09/2024,20,17375,02/10/2024 1:00:00 AM
02/09/2024,21,17128,02/10/2024 2:00:00 AM
02/09/2024,22,16863,02/10/2024 3:00:00 AM
02/09/2024,23,16348,02/10/2024 4:00:00 AM
02/09/2024,24,15913,02/10/2024 5:00:00 AM
02/10/2024,1,15206,02/10/2024 6:00:00 AM
02/10/2024,2,14709,02/10/2024 7:00:00 AM
02/10/2024,3,14286,02/10/2024 8:00:00 AM
02/10/2024,4,14059,02/10/2024 9:00:00 AM
02/10/2024,5,13996,02/10/2024 10:00:00 AM
02/10/2024,6,13946,02/10/2024 11:00:00 AM
02/10/2024,7,14092,02/10/2024 12:00:00 PM
02/10/2024,8,14607,02/10/2024 1:00:00 PM
02/10/2024,9,14959,02/10/2024 2:00:00 PM
02/10/2024,10,15659,02/10/2024 3:00:00 PM
02/10/2024,11,16089,02/10/2024 4:00:00 PM
02/10/2024,12,16342,02/10/2024 5:00:00 PM
02/10/2024,13,16476,02/10/2024 6:00:00 PM
02/10/2024,14,16558,02/10/2024 7:00:00 PM
02/10/2024,15,16484,02/10/2024 8:00:00 PM
02/10/2024,16,16543,02/10/2024 9:00:00 PM
02/10/2024,17,16535,02/10/2024 10:00:00 PM
02/10/2024,18,16608,02/10/2024 11:00:00 PM
02/10/2024,19,16948,02/11/2024 12:00:00 AM
02/10/2024,20,17299,02/11/2024 1:00:00 AM
02/10/2024,21,17243,02/11/2024 2:00:00 AM
02/10/2024,22,17074,02/11/2024 3:00:00 AM
02/10/2024,23,16755,02/11/2024 4:00:00 AM
02/10/2024,24,16283,02/11/2024 5:00:00 AM
02/11/2024,1,15821,02/11/2024 6:00:00 AM
02/11/2024,2,15391,02/11/2024 7:00:00 AM
02/11/2024,3,15082,02/11/2024 8:00:00 AM
02/11/2024,4,14843,02/11/2024 9:00:00 AM
02/11/2024,5,14689,02/11/2024 10:00:00 AM
02/11/2024,6,14802,02/11/2024 11:00:00 AM
02/11/2024,7,14938,02/11/2024 12:00:00 PM
02/11/2024,8,15207,02/11/2024 1:00:00 PM
02/11/2024,9,15656,02/11/2024 2:00:00 PM
02/11/2024,10,16332,02/11/2024 3:00:00 PM
02/11/2024,11,16939,02/11/2024 4:00:00 PM
02/11/2024,12,17187,02/11/2024 5:00:00 PM
02/11/2024,13,17378,02/11/2024 6:00:00 PM
02/11/2024,14,17614,02/11/2024 7:00:00 PM
02/11/2024,15,17703,02/11/2024 8:00:00 PM
02/11/2024,16,17771,02/11/2024 9:00:00 PM
02/11/2024,17,17634,02/11/2024 10:00:00 PM
02/11/2024,18,17793,02/11/2024 11:00:00 PM
02/11/2024,19,17825,02/12/2024 12:00:00 AM
02/11/2024,20,17947,02/12/2024 1:00:00 AM
02/11/2024,21,17777,02/12/2024 2:00:00 AM
02/11/2024,22,17683,02/12/2024 3:00:00 AM
02/11/2024,23,17096,02/12/2024 4:00:00 AM
02/11/2024,24,16883,02/12/2024 5:00:00 AM
02/12/2024,1,16121,02/12/2024 6:00:00 AM
02/12/2024,2,15471,02/12/2024 7:00:00 AM
02/12/2024,3,15165,02/12/2024 8:00:00 AM
02/12/2024,4,14947,02/12/2024 9:00:00 AM
02/12/2024,5,14896,02/12/2024 10:00:00 AM
02/12/2024,6,15162,02/12/2024 11:00:00 AM
02/12/2024,7,15896,02/12/2024 12:00:00 PM
02/12/2024,8,16972,02/12/2024 1:00:00 PM
02/12/2024,9,17603,02/12/2024 2:00:00 PM
02/12/2024,10,18075,02/12/2024 3:00:00 PM
02/12/2024,11,18379,02/12/2024 4:00:00 PM
02/12/2024,12,18506,02/12/2024 5:00:00 PM
02/12/2024,13,18558,02/12/2024 6:00:00 PM
02/12/2024,14,18523,02/12/2024 7:00:00 PM
02/12/2024,15,18356,02/12/2024 8:00:00 PM
02/12/2024,16,18351,02/12/2024 9:00:00 PM
02/12/2024,17,18343,02/12/2024 10:00:00 PM
02/12/2024,18,18635,02/12/2024 11:00:00 PM
02/12/2024,19,18939,02/13/2024 12:00:00 AM
02/12/2024,20,19905,02/13/2024 1:00:00 AM
02/12/2024,21,20141,02/13/2024 2:00:00 AM
02/12/2024,22,20038,02/13/2024 3:00:00 AM
02/12/2024,23,19741,02/13/2024 4:00:00 AM
02/12/2024,24,19128,02/13/2024 5:00:00 AM
02/13/2024,1,18586,02/13/2024 6:00:00 AM
02/13/2024,2,18280,02/13/2024 7:00:00 AM
02/13/2024,3,18214,02/13/2024 8:00:00 AM
02/13/2024,4,18229,02/13/2024 9:00:00 AM
02/13/2024,5,18347,02/13/2024 10:00:00 AM
02/13/2024,6,18869,02/13/2024 11:00:00 AM
02/13/2024,7,19789,02/13/2024 12:00:00 PM
02/13/2024,8,21089,02/13/2024 1:00:00 PM
02/13/2024,9,21558,02/13/2024 2:00:00 PM
02/13/2024,10,21028,02/13/2024 3:00:00 PM
02/13/2024,11,20119,02/13/2024 4:00:00 PM
02/13/2024,12,19144,02/13/2024 5:00:00 PM
02/13/2024,13,18125,02/13/2024 6:00:00 PM
02/13/2024,14,17358,02/13/2024 7:00:00 PM
02/13/2024,15,16778,02/13/2024 8:00:00 PM
02/13/2024,16,16492,02/13/2024 9:00:00 PM
02/13/2024,17,16208,02/13/2024 10:00:00 PM
02/13/2024,18,16504,02/13/2024 11:00:00 PM
02/13/2024,19,16947,02/14/2024 12:00:00 AM
02/13/2024,20,18184,02/14/2024 1:00:00 AM
02/13/2024,21,18644,02/14/2024 2:00:00 AM
02/13/2024,22,18829,02/14/2024 3:00:00 AM
02/13/2024,23,18733,02/14/2024 4:00:00 AM
02/13/2024,24,18304,02/14/2024 5:00:00 AM
02/14/2024,1,17846,02/14/2024 6:00:00 AM
02/14/2024,2,17660,02/14/2024 7:00:00 AM
02/14/2024,3,17647,02/14/2024 8:00:00 AM
02/14/2024,4,17787,02/14/2024 9:00:00 AM
02/14/2024,5,18170,02/14/2024 10:00:00 AM
02/14/2024,6,18769,02/14/2024 11:00:00 AM
02/14/2024,7,19933,02/14/2024 12:00:00 PM
02/14/2024,8,21485,02/14/2024 1:00:00 PM
02/14/2024,9,21751,02/14/2024 2:00:00 PM
02/14/2024,10,20693,02/14/2024 3:00:00 PM
02/14/2024,11,19424,02/14/2024 4:00:00 PM
02/14/2024,12,18297,02/14/2024 5:00:00 PM
02/14/2024,13,17449,02/14/2024 6:00:00 PM
02/14/2024,14,16846,02/14/2024 7:00:00 PM
02/14/2024,15,16557,02/14/2024 8:00:00 PM
02/14/2024,16,16379,02/14/2024 9:00:00 PM
02/14/2024,17,16333,02/14/2024 10:00:00 PM
02/14/2024,18,16511,02/14/2024 11:00:00 PM
02/14/2024,19,17029,02/15/2024 12:00:00 AM
02/14/2024,20,17927,02/15/2024 1:00:00 AM
02/14/2024,21,18082,02/15/2024 2:00:00 AM
02/14/2024,22,18141,02/15/2024 3:00:00 AM
02/14/2024,23,17990,02/15/2024 4:00:00 AM
02/14/2024,24,17267,02/15/2024 5:00:00 AM
02/15/2024,1,16684,02/15/2024 6:00:00 AM
02/15/2024,2,16428,02/15/2024 7:00:00 AM
02/15/2024,3,16327,02/15/2024 8:00:00 AM
02/15/2024,4,16293,02/15/2024 9:00:00 AM
02/15/2024,5,16420,02/15/2024 10:00:00 AM
02/15/2024,6,16640,02/15/2024 11:00:00 AM
02/15/2024,7,17593,02/15/2024 12:00:00 PM
02/15/2024,8,18828,02/15/2024 1:00:00 PM
02/15/2024,9,19332,02/15/2024 2:00:00 PM
02/15/2024,10,18819,02/15/2024 3:00:00 PM
02/15/2024,11,18136,02/15/2024 4:00:00 PM
02/15/2024,12,17531,02/15/2024 5:00:00 PM
02/15/2024,13,16912,02/15/2024 6:00:00 PM
02/15/2024,14,16506,02/15/2024 7:00:00 PM
02/15/2024,15,16386,02/15/2024 8:00:00 PM
02/15/2024,16,16278,02/15/2024 9:00:00 PM
02/15/2024,17,16310,02/15/2024 10:00:00 PM
02/15/2024,18,16419,02/15/2024 11:00:00 PM
02/15/2024,19,16655,02/16/2024 12:00:00 AM
02/15/2024,20,17525,02/16/2024 1:00:00 AM
02/15/2024,21,17632,02/16/2024 2:00:00 AM
02/15/2024,22,17412,02/16/2024 3:00:00 AM
02/15/2024,23,16936,02/16/2024 4:00:00 AM
02/15/2024,24,16249,02/16/2024 5:00:00 AM
02/16/2024,1,15508,02/16/2024 6:00:00 AM
02/16/2024,2,15063,02/16/2024 7:00:00 AM
02/16/2024,3,14804,02/16/2024 8:00:00 AM
02/16/2024,4,14708,02/16/2024 9:00:00 AM
02/16/2024,5,14713,02/16/2024 10:00:00 AM
02/16/2024,6,15052,02/16/2024 11:00:00 AM
02/16/2024,7,15757,02/16/2024 12:00:00 PM
02/16/2024,8,16674,02/16/2024 1:00:00 PM
02/16/2024,9,17141,02/16/2024 2:00:00 PM
02/16/2024,10,17299,02/16/2024 3:00:00 PM
02/16/2024,11,17467,02/16/2024 4:00:00 PM
02/16/2024,12,17332,02/16/2024 5:00:00 PM
02/16/2024,13,17195,02/16/2024 6:00:00 PM
02/16/2024,14,17063,02/16/2024 7:00:00 PM
02/16/2024,15,16876,02/16/2024 8:00:00 PM
02/16/2024,16,16830,02/16/2024 9:00:00 PM
02/16/2024,17,16858,02/16/2024 10:00:00 PM
02/16/2024,18,17018,02/16/2024 11:00:00 PM
02/16/2024,19,17195,02/17/2024 12:00:00 AM
02/16/2024,20,17784,02/17/2024 1:00:00 AM
02/16/2024,21,17848,02/17/2024 2:00:00 AM
02/16/2024,22,17755,02/17/2024 3:00:00 AM
02/16/2024,23,17433,02/17/2024 4:00:00 AM
02/16/2024,24,17127,02/17/2024 5:00:00 AM
02/17/2024,1,16593,02/17/2024 6:00:00 AM
02/17/2024,2,16161,02/17/2024 7:00:00 AM
02/17/2024,3,16015,02/17/2024 8:00:00 AM
02/17/2024,4,15865,02/17/2024 9:00:00 AM
02/17/2024,5,15987,02/17/2024 10:00:00 AM
02/17/2024,6,16283,02/17/2024 11:00:00 AM
02/17/2024,7,16940,02/17/2024 12:00:00 PM
02/17/2024,8,17821,02/17/2024 1:00:00 PM
02/17/2024,9,18609,02/17/2024 2:00:00 PM
02/17/2024,10,19689,02/17/2024 3:00:00 PM
02/17/2024,11,20430,02/17/2024 4:00:00 PM
02/17/2024,12,20652,02/17/2024 5:00:00 PM
02/17/2024,13,20427,02/17/2024 6:00:00 PM
02/17/2024,14,20184,02/17/2024 7:00:00 PM
02/17/2024,15,20015,02/17/2024 8:00:00 PM
02/17/2024,16,20064,02/17/2024 9:00:00 PM
02/17/2024,17,20090,02/17/2024 10:00:00 PM
02/17/2024,18,20457,02/17/2024 11:00:00 PM
02/17/2024,19,21222,02/18/2024 12:00:00 AM
02/17/2024,20,21994,02/18/2024 1:00:00 AM
02/17/2024,21,22287,02/18/2024 2:00:00 AM
02/17/2024,22,22202,02/18/2024 3:00:00 AM
02/17/2024,23,21880,02/18/2024 4:00:00 AM
02/17/2024,24,21538,02/18/2024 5:00:00 AM
02/18/2024,1,20986,02/18/2024 6:00:00 AM
02/18/2024,2,20729,02/18/2024 7:00:00 AM
02/18/2024,3,20622,02/18/2024 8:00:00 AM
02/18/2024,4,20672,02/18/2024 9:00:00 AM
02/18/2024,5,20856,02/18/2024 10:00:00 AM
02/18/2024,6,21153,02/18/2024 11:00:00 AM
02/18/2024,7,21696,02/18/2024 12:00:00 PM
02/18/2024,8,22398,02/18/2024 1:00:00 PM
02/18/2024,9,22866,02/18/2024 2:00:00 PM
02/18/2024,10,23046,02/18/2024 3:00:00 PM
02/18/2024,11,22424,02/18/2024 4:00:00 PM
02/18/2024,12,21254,02/18/2024 5:00:00 PM
02/18/2024,13,20164,02/18/2024 6:00:00 PM
02/18/2024,14,19237,02/18/2024 7:00:00 PM
02/18/2024,15,18322,02/18/2024 8:00:00 PM
02/18/2024,16,17627,02/18/2024 9:00:00 PM
02/18/2024,17,17226,02/18/2024 10:00:00 PM
02/18/2024,18,17408,02/18/2024 11:00:00 PM
02/18/2024,19,18065,02/19/2024 12:00:00 AM
02/18/2024,20,19491,02/19/2024 1:00:00 AM
02/18/2024,21,20315,02/19/2024 2:00:00 AM
02/18/2024,22,20733,02/19/2024 3:00:00 AM
02/18/2024,23,20685,02/19/2024 4:00:00 AM
02/18/2024,24,20263,02/19/2024 5:00:00 AM
02/19/2024,1,19882,02/19/2024 6:00:00 AM
02/19/2024,2,19837,02/19/2024 7:00:00 AM
02/19/2024,3,20009,02/19/2024 8:00:00 AM
02/19/2024,4,20360,02/19/2024 9:00:00 AM
02/19/2024,5,20699,02/19/2024 10:00:00 AM
02/19/2024,6,21385,02/19/2024 11:00:00 AM
02/19/2024,7,22563,02/19/2024 12:00:00 PM
02/19/2024,8,24020,02/19/2024 1:00:00 PM
02/19/2024,9,24487,02/19/2024 2:00:00 PM
02/19/2024,10,23412,02/19/2024 3:00:00 PM
02/19/2024,11,21926,02/19/2024 4:00:00 PM
02/19/2024,12,20332,02/19/2024 5:00:00 PM
02/19/2024,13,19142,02/19/2024 6:00:00 PM
02/19/2024,14,18185,02/19/2024 7:00:00 PM
02/19/2024,15,17614,02/19/2024 8:00:00 PM
02/19/2024,16,16988,02/19/2024 9:00:00 PM
02/19/2024,17,16652,02/19/2024 10:00:00 PM
02/19/2024,18,16881,02/19/2024 11:00:00 PM
02/19/2024,19,17449,02/20/2024 12:00:00 AM
02/19/2024,20,18857,02/20/2024 1:00:00 AM
02/19/2024,21,19348,02/20/2024 2:00:00 AM
02/19/2024,22,19426,02/20/2024 3:00:00 AM
02/19/2024,23,19197,02/20/2024 4:00:00 AM
02/19/2024,24,18626,02/20/2024 5:00:00 AM
02/20/2024,1,18141,02/20/2024 6:00:00 AM
02/20/2024,2,17922,02/20/2024 7:00:00 AM
02/20/2024,3,17902,02/20/2024 8:00:00 AM
02/20/2024,4,18055,02/20/2024 9:00:00 AM
02/20/2024,5,18279,02/20/2024 10:00:00 AM
02/20/2024,6,18962,02/20/2024 11:00:00 AM
02/20/2024,7,19966,02/20/2024 12:00:00 PM
02/20/2024,8,21586,02/20/2024 1:00:00 PM
02/20/2024,9,21764,02/20/2024 2:00:00 PM
02/20/2024,10,20566,02/20/2024 3:00:00 PM
02/20/2024,11,18938,02/20/2024 4:00:00 PM
02/20/2024,12,17723,02/20/2024 5:00:00 PM
02/20/2024,13,16936,02/20/2024 6:00:00 PM
02/20/2024,14,16497,02/20/2024 7:00:00 PM
02/20/2024,15,16375,02/20/2024 8:00:00 PM
02/20/2024,16,16253,02/20/2024 9:00:00 PM
02/20/2024,17,16259,02/20/2024 10:00:00 PM
02/20/2024,18,16470,02/20/2024 11:00:00 PM
02/20/2024,19,16793,02/21/2024 12:00:00 AM
02/20/2024,20,17544,02/21/2024 1:00:00 AM
02/20/2024,21,17829,02/21/2024 2:00:00 AM
02/20/2024,22,17649,02/21/2024 3:00:00 AM
02/20/2024,23,17177,02/21/2024 4:00:00 AM
02/20/2024,24,16483,02/21/2024 5:00:00 AM
02/21/2024,1,15729,02/21/2024 6:00:00 AM
02/21/2024,2,15312,02/21/2024 7:00:00 AM
02/21/2024,3,15054,02/21/2024 8:00:00 AM
02/21/2024,4,15058,02/21/2024 9:00:00 AM
02/21/2024,5,15331,02/21/2024 10:00:00 AM
02/21/2024,6,15758,02/21/2024 11:00:00 AM
02/21/2024,7,16775,02/21/2024 12:00:00 PM
02/21/2024,8,18159,02/21/2024 1:00:00 PM
02/21/2024,9,18426,02/21/2024 2:00:00 PM
02/21/2024,10,17881,02/21/2024 3:00:00 PM
02/21/2024,11,17335,02/21/2024 4:00:00 PM
02/21/2024,12,16879,02/21/2024 5:00:00 PM
02/21/2024,13,16597,02/21/2024 6:00:00 PM
02/21/2024,14,16404,02/21/2024 7:00:00 PM
02/21/2024,15,16347,02/21/2024 8:00:00 PM
02/21/2024,16,16219,02/21/2024 9:00:00 PM
02/21/2024,17,16352,02/21/2024 10:00:00 PM
02/21/2024,18,16630,02/21/2024 11:00:00 PM
02/21/2024,19,16817,02/22/2024 12:00:00 AM
02/21/2024,20,17430,02/22/2024 1:00:00 AM
02/21/2024,21,17524,02/22/2024 2:00:00 AM
02/21/2024,22,17262,02/22/2024 3:00:00 AM
02/21/2024,23,16716,02/22/2024 4:00:00 AM
02/21/2024,24,15911,02/22/2024 5:00:00 AM
02/22/2024,1,15057,02/22/2024 6:00:00 AM
02/22/2024,2,14551,02/22/2024 7:00:00 AM
02/22/2024,3,14278,02/22/2024 8:00:00 AM
02/22/2024,4,14086,02/22/2024 9:00:00 AM
02/22/2024,5,14143,02/22/2024 10:00:00 AM
02/22/2024,6,14312,02/22/2024 11:00:00 AM
02/22/2024,7,15014,02/22/2024 12:00:00 PM
02/22/2024,8,16363,02/22/2024 1:00:00 PM
02/22/2024,9,16695,02/22/2024 2:00:00 PM
02/22/2024,10,16623,02/22/2024 3:00:00 PM
02/22/2024,11,16556,02/22/2024 4:00:00 PM
02/22/2024,12,16613,02/22/2024 5:00:00 PM
02/22/2024,13,16531,02/22/2024 6:00:00 PM
02/22/2024,14,16450,02/22/2024 7:00:00 PM
02/22/2024,15,16544,02/22/2024 8:00:00 PM
02/22/2024,16,16442,02/22/2024 9:00:00 PM
02/22/2024,17,16475,02/22/2024 10:00:00 PM
02/22/2024,18,16708,02/22/2024 11:00:00 PM
02/22/2024,19,16926,02/23/2024 12:00:00 AM
02/22/2024,20,17495,02/23/2024 1:00:00 AM
02/22/2024,21,17655,02/23/2024 2:00:00 AM
02/22/2024,22,17407,02/23/2024 3:00:00 AM
02/22/2024,23,16904,02/23/2024 4:00:00 AM
02/22/2024,24,16146,02/23/2024 5:00:00 AM
02/23/2024,1,15241,02/23/2024 6:00:00 AM
02/23/2024,2,14757,02/23/2024 7:00:00 AM
02/23/2024,3,14293,02/23/2024 8:00:00 AM
02/23/2024,4,14073,02/23/2024 9:00:00 AM
02/23/2024,5,14078,02/23/2024 10:00:00 AM
02/23/2024,6,14395,02/23/2024 11:00:00 AM
02/23/2024,7,15070,02/23/2024 12:00:00 PM
02/23/2024,8,16104,02/23/2024 1:00:00 PM
02/23/2024,9,16522,02/23/2024 2:00:00 PM
02/23/2024,10,16508,02/23/2024 3:00:00 PM
02/23/2024,11,16610,02/23/2024 4:00:00 PM
02/23/2024,12,16606,02/23/2024 5:00:00 PM
02/23/2024,13,16639,02/23/2024 6:00:00 PM
02/23/2024,14,16596,02/23/2024 7:00:00 PM
02/23/2024,15,16701,02/23/2024 8:00:00 PM
02/23/2024,16,16712,02/23/2024 9:00:00 PM
02/23/2024,17,16654,02/23/2024 10:00:00 PM
02/23/2024,18,16751,02/23/2024 11:00:00 PM
02/23/2024,19,16895,02/24/2024 12:00:00 AM
02/23/2024,20,17041,02/24/2024 1:00:00 AM
02/23/2024,21,17076,02/24/2024 2:00:00 AM
02/23/2024,22,16893,02/24/2024 3:00:00 AM
02/23/2024,23,16592,02/24/2024 4:00:00 AM
02/23/2024,24,16072,02/24/2024 5:00:00 AM
02/24/2024,1,15474,02/24/2024 6:00:00 AM
02/24/2024,2,15165,02/24/2024 7:00:00 AM
02/24/2024,3,14896,02/24/2024 8:00:00 AM
02/24/2024,4,14766,02/24/2024 9:00:00 AM
02/24/2024,5,14851,02/24/2024 10:00:00 AM
02/24/2024,6,15226,02/24/2024 11:00:00 AM
02/24/2024,7,15725,02/24/2024 12:00:00 PM
02/24/2024,8,16423,02/24/2024 1:00:00 PM
02/24/2024,9,17087,02/24/2024 2:00:00 PM
02/24/2024,10,17206,02/24/2024 3:00:00 PM
02/24/2024,11,16887,02/24/2024 4:00:00 PM
02/24/2024,12,16505,02/24/2024 5:00:00 PM
02/24/2024,13,16108,02/24/2024 6:00:00 PM
02/24/2024,14,15921,02/24/2024 7:00:00 PM
02/24/2024,15,15851,02/24/2024 8:00:00 PM
02/24/2024,16,15873,02/24/2024 9:00:00 PM
02/24/2024,17,15970,02/24/2024 10:00:00 PM
02/24/2024,18,15981,02/24/2024 11:00:00 PM
02/24/2024,19,16235,02/25/2024 12:00:00 AM
02/24/2024,20,16696,02/25/2024 1:00:00 AM
02/24/2024,21,16809,02/25/2024 2:00:00 AM
02/24/2024,22,16659,02/25/2024 3:00:00 AM
02/24/2024,23,16439,02/25/2024 4:00:00 AM
02/24/2024,24,16109,02/25/2024 5:00:00 AM
02/25/2024,1,15684,02/25/2024 6:00:00 AM
02/25/2024,2,15427,02/25/2024 7:00:00 AM
02/25/2024,3,15071,02/25/2024 8:00:00 AM
02/25/2024,4,15055,02/25/2024 9:00:00 AM
02/25/2024,5,15188,02/25/2024 10:00:00 AM
02/25/2024,6,15370,02/25/2024 11:00:00 AM
02/25/2024,7,15783,02/25/2024 12:00:00 PM
02/25/2024,8,16402,02/25/2024 1:00:00 PM
02/25/2024,9,17054,02/25/2024 2:00:00 PM
02/25/2024,10,17264,02/25/2024 3:00:00 PM
02/25/2024,11,16768,02/25/2024 4:00:00 PM
02/25/2024,12,16136,02/25/2024 5:00:00 PM
02/25/2024,13,15837,02/25/2024 6:00:00 PM
02/25/2024,14,15863,02/25/2024 7:00:00 PM
02/25/2024,15,15930,02/25/2024 8:00:00 PM
02/25/2024,16,15951,02/25/2024 9:00:00 PM
02/25/2024,17,16142,02/25/2024 10:00:00 PM
02/25/2024,18,16374,02/25/2024 11:00:00 PM
02/25/2024,19,16539,02/26/2024 12:00:00 AM
02/25/2024,20,17108,02/26/2024 1:00:00 AM
02/25/2024,21,17356,02/26/2024 2:00:00 AM
02/25/2024,22,17075,02/26/2024 3:00:00 AM
02/25/2024,23,16440,02/26/2024 4:00:00 AM
02/25/2024,24,15756,02/26/2024 5:00:00 AM
02/26/2024,1,14934,02/26/2024 6:00:00 AM
02/26/2024,2,14463,02/26/2024 7:00:00 AM
02/26/2024,3,14062,02/26/2024 8:00:00 AM
02/26/2024,4,14068,02/26/2024 9:00:00 AM
02/26/2024,5,14124,02/26/2024 10:00:00 AM
02/26/2024,6,14419,02/26/2024 11:00:00 AM
02/26/2024,7,15334,02/26/2024 12:00:00 PM
02/26/2024,8,16556,02/26/2024 1:00:00 PM
02/26/2024,9,16854,02/26/2024 2:00:00 PM
02/26/2024,10,16838,02/26/2024 3:00:00 PM
02/26/2024,11,16795,02/26/2024 4:00:00 PM
02/26/2024,12,16749,02/26/2024 5:00:00 PM
02/26/2024,13,16861,02/26/2024 6:00:00 PM
02/26/2024,14,16979,02/26/2024 7:00:00 PM
02/26/2024,15,17312,02/26/2024 8:00:00 PM
02/26/2024,16,17375,02/26/2024 9:00:00 PM
02/26/2024,17,17509,02/26/2024 10:00:00 PM
02/26/2024,18,17579,02/26/2024 11:00:00 PM
02/26/2024,19,17725,02/27/2024 12:00:00 AM
02/26/2024,20,18350,02/27/2024 1:00:00 AM
02/26/2024,21,18382,02/27/2024 2:00:00 AM
02/26/2024,22,18130,02/27/2024 3:00:00 AM
02/26/2024,23,17549,02/27/2024 4:00:00 AM
02/26/2024,24,16651,02/27/2024 5:00:00 AM
02/27/2024,1,15738,02/27/2024 6:00:00 AM
02/27/2024,2,15181,02/27/2024 7:00:00 AM
02/27/2024,3,14778,02/27/2024 8:00:00 AM
02/27/2024,4,14500,02/27/2024 9:00:00 AM
02/27/2024,5,14407,02/27/2024 10:00:00 AM
02/27/2024,6,14543,02/27/2024 11:00:00 AM
02/27/2024,7,15133,02/27/2024 12:00:00 PM
02/27/2024,8,16237,02/27/2024 1:00:00 PM
02/27/2024,9,16573,02/27/2024 2:00:00 PM
02/27/2024,10,16684,02/27/2024 3:00:00 PM
02/27/2024,11,17020,02/27/2024 4:00:00 PM
02/27/2024,12,17346,02/27/2024 5:00:00 PM
02/27/2024,13,17703,02/27/2024 6:00:00 PM
02/27/2024,14,18042,02/27/2024 7:00:00 PM
02/27/2024,15,18425,02/27/2024 8:00:00 PM
02/27/2024,16,18643,02/27/2024 9:00:00 PM
02/27/2024,17,18724,02/27/2024 10:00:00 PM
02/27/2024,18,18710,02/27/2024 11:00:00 PM
02/27/2024,19,18674,02/28/2024 12:00:00 AM
02/27/2024,20,19128,02/28/2024 1:00:00 AM
02/27/2024,21,19263,02/28/2024 2:00:00 AM
02/27/2024,22,18699,02/28/2024 3:00:00 AM
02/27/2024,23,18029,02/28/2024 4:00:00 AM
02/27/2024,24,17233,02/28/2024 5:00:00 AM
02/28/2024,1,16398,02/28/2024 6:00:00 AM
02/28/2024,2,15678,02/28/2024 7:00:00 AM
02/28/2024,3,15348,02/28/2024 8:00:00 AM
02/28/2024,4,14979,02/28/2024 9:00:00 AM
02/28/2024,5,14954,02/28/2024 10:00:00 AM
02/28/2024,6,15024,02/28/2024 11:00:00 AM
02/28/2024,7,15535,02/28/2024 12:00:00 PM
02/28/2024,8,16435,02/28/2024 1:00:00 PM
02/28/2024,9,16857,02/28/2024 2:00:00 PM
02/28/2024,10,17004,02/28/2024 3:00:00 PM
02/28/2024,11,17218,02/28/2024 4:00:00 PM
02/28/2024,12,17351,02/28/2024 5:00:00 PM
02/28/2024,13,17481,02/28/2024 6:00:00 PM
02/28/2024,14,17575,02/28/2024 7:00:00 PM
02/28/2024,15,17532,02/28/2024 8:00:00 PM
02/28/2024,16,17544,02/28/2024 9:00:00 PM
02/28/2024,17,17537,02/28/2024 10:00:00 PM
02/28/2024,18,17672,02/28/2024 11:00:00 PM
02/28/2024,19,17761,02/29/2024 12:00:00 AM
02/28/2024,20,18508,02/29/2024 1:00:00 AM
02/28/2024,21,18607,02/29/2024 2:00:00 AM
02/28/2024,22,18484,02/29/2024 3:00:00 AM
02/28/2024,23,17996,02/29/2024 4:00:00 AM
02/28/2024,24,17175,02/29/2024 5:00:00 AM
02/29/2024,1,16614,02/29/2024 6:00:00 AM
02/29/2024,2,16135,02/29/2024 7:00:00 AM
02/29/2024,3,15951,02/29/2024 8:00:00 AM
02/29/2024,4,15921,02/29/2024 9:00:00 AM
02/29/2024,5,16074,02/29/2024 10:00:00 AM
02/29/2024,6,16404,02/29/2024 11:00:00 AM
02/29/2024,7,17409,02/29/2024 12:00:00 PM
02/29/2024,8,18945,02/29/2024 1:00:00 PM
02/29/2024,9,19479,02/29/2024 2:00:00 PM
02/29/2024,10,19377,02/29/2024 3:00:00 PM
02/29/2024,11,19334,02/29/2024 4:00:00 PM
02/29/2024,12,19011,02/29/2024 5:00:00 PM
02/29/2024,13,18725,02/29/2024 6:00:00 PM
02/29/2024,14,18394,02/29/2024 7:00:00 PM
02/29/2024,15,18083,02/29/2024 8:00:00 PM
02/29/2024,16,18163,02/29/2024 9:00:00 PM
02/29/2024,17,18127,02/29/2024 10:00:00 PM
02/29/2024,18,18533,02/29/2024 11:00:00 PM
02/29/2024,19,19093,03/01/2024 12:00:00 AM
02/29/2024,20,19932,03/01/2024 1:00:00 AM
02/29/2024,21,20106,03/01/2024 2:00:00 AM
02/29/2024,22,19806,03/01/2024 3:00:00 AM
02/29/2024,23,19187,03/01/2024 4:00:00 AM
02/29/2024,24,18209,03/01/2024 5:00:00 AM
03/01/2024,1,17493,03/01/2024 6:00:00 AM
03/01/2024,2,17131,03/01/2024 7:00:00 AM
03/01/2024,3,16924,03/01/2024 8:00:00 AM
03/01/2024,4,16949,03/01/2024 9:00:00 AM
03/01/2024,5,16965,03/01/2024 10:00:00 AM
03/01/2024,6,17175,03/01/2024 11:00:00 AM
03/01/2024,7,17866,03/01/2024 12:00:00 PM
03/01/2024,8,19210,03/01/2024 1:00:00 PM
03/01/2024,9,19485,03/01/2024 2:00:00 PM
03/01/2024,10,19397,03/01/2024 3:00:00 PM
03/01/2024,11,19225,03/01/2024 4:00:00 PM
03/01/2024,12,18960,03/01/2024 5:00:00 PM
03/01/2024,13,18386,03/01/2024 6:00:00 PM
03/01/2024,14,18091,03/01/2024 7:00:00 PM
03/01/2024,15,17771,03/01/2024 8:00:00 PM
03/01/2024,16,17342,03/01/2024 9:00:00 PM
03/01/2024,17,17115,03/01/2024 10:00:00 PM
03/01/2024,18,17144,03/01/2024 11:00:00 PM
03/01/2024,19,17339,03/02/2024 12:00:00 AM
03/01/2024,20,17925,03/02/2024 1:00:00 AM
03/01/2024,21,18156,03/02/2024 2:00:00 AM
03/01/2024,22,17984,03/02/2024 3:00:00 AM
03/01/2024,23,17603,03/02/2024 4:00:00 AM
03/01/2024,24,17093,03/02/2024 5:00:00 AM
03/02/2024,1,16598,03/02/2024 6:00:00 AM
03/02/2024,2,16188,03/02/2024 7:00:00 AM
03/02/2024,3,15952,03/02/2024 8:00:00 AM
03/02/2024,4,15838,03/02/2024 9:00:00 AM
03/02/2024,5,15922,03/02/2024 10:00:00 AM
03/02/2024,6,16057,03/02/2024 11:00:00 AM
03/02/2024,7,16425,03/02/2024 12:00:00 PM
03/02/2024,8,16930,03/02/2024 1:00:00 PM
03/02/2024,9,17311,03/02/2024 2:00:00 PM
03/02/2024,10,17690,03/02/2024 3:00:00 PM
03/02/2024,11,17401,03/02/2024 4:00:00 PM
03/02/2024,12,17119,03/02/2024 5:00:00 PM
03/02/2024,13,16728,03/02/2024 6:00:00 PM
03/02/2024,14,16469,03/02/2024 7:00:00 PM
03/02/2024,15,16033,03/02/2024 8:00:00 PM
03/02/2024,16,16017,03/02/2024 9:00:00 PM
03/02/2024,17,16174,03/02/2024 10:00:00 PM
03/02/2024,18,16290,03/02/2024 11:00:00 PM
03/02/2024,19,16415,03/03/2024 12:00:00 AM
03/02/2024,20,16881,03/03/2024 1:00:00 AM
03/02/2024,21,17046,03/03/2024 2:00:00 AM
03/02/2024,22,16872,03/03/2024 3:00:00 AM
03/02/2024,23,16470,03/03/2024 4:00:00 AM
03/02/2024,24,16013,03/03/2024 5:00:00 AM
03/03/2024,1,15455,03/03/2024 6:00:00 AM
03/03/2024,2,14954,03/03/2024 7:00:00 AM
03/03/2024,3,14702,03/03/2024 8:00:00 AM
03/03/2024,4,14390,03/03/2024 9:00:00 AM
03/03/2024,5,14323,03/03/2024 10:00:00 AM
03/03/2024,6,14279,03/03/2024 11:00:00 AM
03/03/2024,7,14500,03/03/2024 12:00:00 PM
03/03/2024,8,14620,03/03/2024 1:00:00 PM
03/03/2024,9,15093,03/03/2024 2:00:00 PM
03/03/2024,10,15761,03/03/2024 3:00:00 PM
03/03/2024,11,16091,03/03/2024 4:00:00 PM
03/03/2024,12,16285,03/03/2024 5:00:00 PM
03/03/2024,13,16386,03/03/2024 6:00:00 PM
03/03/2024,14,16612,03/03/2024 7:00:00 PM
03/03/2024,15,16683,03/03/2024 8:00:00 PM
03/03/2024,16,16911,03/03/2024 9:00:00 PM
03/03/2024,17,17166,03/03/2024 10:00:00 PM
03/03/2024,18,17312,03/03/2024 11:00:00 PM
03/03/2024,19,17563,03/04/2024 12:00:00 AM
03/03/2024,20,17926,03/04/2024 1:00:00 AM
03/03/2024,21,18182,03/04/2024 2:00:00 AM
03/03/2024,22,17894,03/04/2024 3:00:00 AM
03/03/2024,23,17339,03/04/2024 4:00:00 AM
03/03/2024,24,16495,03/04/2024 5:00:00 AM
03/04/2024,1,15575,03/04/2024 6:00:00 AM
03/04/2024,2,14926,03/04/2024 7:00:00 AM
03/04/2024,3,14559,03/04/2024 8:00:00 AM
03/04/2024,4,14420,03/04/2024 9:00:00 AM
03/04/2024,5,14333,03/04/2024 10:00:00 AM
03/04/2024,6,14572,03/04/2024 11:00:00 AM
03/04/2024,7,15189,03/04/2024 12:00:00 PM
03/04/2024,8,16292,03/04/2024 1:00:00 PM
03/04/2024,9,16684,03/04/2024 2:00:00 PM
03/04/2024,10,16865,03/04/2024 3:00:00 PM
03/04/2024,11,16924,03/04/2024 4:00:00 PM
03/04/2024,12,17290,03/04/2024 5:00:00 PM
03/04/2024,13,17625,03/04/2024 6:00:00 PM
03/04/2024,14,17767,03/04/2024 7:00:00 PM
03/04/2024,15,17979,03/04/2024 8:00:00 PM
03/04/2024,16,17990,03/04/2024 9:00:00 PM
03/04/2024,17,17908,03/04/2024 10:00:00 PM
03/04/2024,18,18084,03/04/2024 11:00:00 PM
03/04/2024,19,18324,03/05/2024 12:00:00 AM
03/04/2024,20,18692,03/05/2024 1:00:00 AM
03/04/2024,21,18588,03/05/2024 2:00:00 AM
03/04/2024,22,18270,03/05/2024 3:00:00 AM
03/04/2024,23,17526,03/05/2024 4:00:00 AM
03/04/2024,24,16751,03/05/2024 5:00:00 AM
03/05/2024,1,15771,03/05/2024 6:00:00 AM
03/05/2024,2,15127,03/05/2024 7:00:00 AM
03/05/2024,3,14739,03/05/2024 8:00:00 AM
03/05/2024,4,14508,03/05/2024 9:00:00 AM
03/05/2024,5,14404,03/05/2024 10:00:00 AM
03/05/2024,6,14544,03/05/2024 11:00:00 AM
03/05/2024,7,15245,03/05/2024 12:00:00 PM
03/05/2024,8,16302,03/05/2024 1:00:00 PM
03/05/2024,9,16562,03/05/2024 2:00:00 PM
03/05/2024,10,16660,03/05/2024 3:00:00 PM
03/05/2024,11,16962,03/05/2024 4:00:00 PM
03/05/2024,12,17215,03/05/2024 5:00:00 PM
03/05/2024,13,17344,03/05/2024 6:00:00 PM
03/05/2024,14,17303,03/05/2024 7:00:00 PM
03/05/2024,15,17321,03/05/2024 8:00:00 PM
03/05/2024,16,17391,03/05/2024 9:00:00 PM
03/05/2024,17,17640,03/05/2024 10:00:00 PM
03/05/2024,18,17668,03/05/2024 11:00:00 PM
03/05/2024,19,17838,03/06/2024 12:00:00 AM
03/05/2024,20,18297,03/06/2024 1:00:00 AM
03/05/2024,21,18331,03/06/2024 2:00:00 AM
03/05/2024,22,17889,03/06/2024 3:00:00 AM
03/05/2024,23,17343,03/06/2024 4:00:00 AM
03/05/2024,24,16357,03/06/2024 5:00:00 AM
03/06/2024,1,15395,03/06/2024 6:00:00 AM
03/06/2024,2,14720,03/06/2024 7:00:00 AM
03/06/2024,3,14289,03/06/2024 8:00:00 AM
03/06/2024,4,14197,03/06/2024 9:00:00 AM
03/06/2024,5,14107,03/06/2024 10:00:00 AM
03/06/2024,6,14316,03/06/2024 11:00:00 AM
03/06/2024,7,14864,03/06/2024 12:00:00 PM
03/06/2024,8,16026,03/06/2024 1:00:00 PM
03/06/2024,9,16325,03/06/2024 2:00:00 PM
03/06/2024,10,16446,03/06/2024 3:00:00 PM
03/06/2024,11,16640,03/06/2024 4:00:00 PM
03/06/2024,12,16778,03/06/2024 5:00:00 PM
03/06/2024,13,16927,03/06/2024 6:00:00 PM
03/06/2024,14,17398,03/06/2024 7:00:00 PM
03/06/2024,15,17816,03/06/2024 8:00:00 PM
03/06/2024,16,18124,03/06/2024 9:00:00 PM
03/06/2024,17,18297,03/06/2024 10:00:00 PM
03/06/2024,18,18638,03/06/2024 11:00:00 PM
03/06/2024,19,18593,03/07/2024 12:00:00 AM
03/06/2024,20,18738,03/07/2024 1:00:00 AM
03/06/2024,21,18765,03/07/2024 2:00:00 AM
03/06/2024,22,18315,03/07/2024 3:00:00 AM
03/06/2024,23,17428,03/07/2024 4:00:00 AM
03/06/2024,24,16453,03/07/2024 5:00:00 AM
03/07/2024,1,15512,03/07/2024 6:00:00 AM
03/07/2024,2,14895,03/07/2024 7:00:00 AM
03/07/2024,3,14536,03/07/2024 8:00:00 AM
03/07/2024,4,14352,03/07/2024 9:00:00 AM
03/07/2024,5,14144,03/07/2024 10:00:00 AM
03/07/2024,6,14372,03/07/2024 11:00:00 AM
03/07/2024,7,15062,03/07/2024 12:00:00 PM
03/07/2024,8,16055,03/07/2024 1:00:00 PM
03/07/2024,9,16283,03/07/2024 2:00:00 PM
03/07/2024,10,16558,03/07/2024 3:00:00 PM
03/07/2024,11,16911,03/07/2024 4:00:00 PM
03/07/2024,12,17211,03/07/2024 5:00:00 PM
03/07/2024,13,17397,03/07/2024 6:00:00 PM
03/07/2024,14,17685,03/07/2024 7:00:00 PM
03/07/2024,15,17851,03/07/2024 8:00:00 PM
03/07/2024,16,18016,03/07/2024 9:00:00 PM
03/07/2024,17,18010,03/07/2024 10:00:00 PM
03/07/2024,18,18051,03/07/2024 11:00:00 PM
03/07/2024,19,17905,03/08/2024 12:00:00 AM
03/07/2024,20,18170,03/08/2024 1:00:00 AM
03/07/2024,21,18317,03/08/2024 2:00:00 AM
03/07/2024,22,18037,03/08/2024 3:00:00 AM
03/07/2024,23,17488,03/08/2024 4:00:00 AM
03/07/2024,24,16572,03/08/2024 5:00:00 AM
03/08/2024,1,15786,03/08/2024 6:00:00 AM
03/08/2024,2,15110,03/08/2024 7:00:00 AM
03/08/2024,3,14807,03/08/2024 8:00:00 AM
03/08/2024,4,14575,03/08/2024 9:00:00 AM
03/08/2024,5,14585,03/08/2024 10:00:00 AM
03/08/2024,6,14796,03/08/2024 11:00:00 AM
03/08/2024,7,15240,03/08/2024 12:00:00 PM
03/08/2024,8,16411,03/08/2024 1:00:00 PM
03/08/2024,9,16853,03/08/2024 2:00:00 PM
03/08/2024,10,17127,03/08/2024 3:00:00 PM
03/08/2024,11,17493,03/08/2024 4:00:00 PM
03/08/2024,12,17760,03/08/2024 5:00:00 PM
03/08/2024,13,17903,03/08/2024 6:00:00 PM
03/08/2024,14,18040,03/08/2024 7:00:00 PM
03/08/2024,15,18140,03/08/2024 8:00:00 PM
03/08/2024,16,18059,03/08/2024 9:00:00 PM
03/08/2024,17,17800,03/08/2024 10:00:00 PM
03/08/2024,18,17818,03/08/2024 11:00:00 PM
03/08/2024,19,17786,03/09/2024 12:00:00 AM
03/08/2024,20,17954,03/09/2024 1:00:00 AM
03/08/2024,21,17877,03/09/2024 2:00:00 AM
03/08/2024,22,17493,03/09/2024 3:00:00 AM
03/08/2024,23,17028,03/09/2024 4:00:00 AM
03/08/2024,24,16483,03/09/2024 5:00:00 AM
03/09/2024,1,15683,03/09/2024 6:00:00 AM
03/09/2024,2,15150,03/09/2024 7:00:00 AM
03/09/2024,3,14630,03/09/2024 8:00:00 AM
03/09/2024,4,14381,03/09/2024 9:00:00 AM
03/09/2024,5,14270,03/09/2024 10:00:00 AM
03/09/2024,6,14226,03/09/2024 11:00:00 AM
03/09/2024,7,14562,03/09/2024 12:00:00 PM
03/09/2024,8,14924,03/09/2024 1:00:00 PM
03/09/2024,9,15419,03/09/2024 2:00:00 PM
03/09/2024,10,16087,03/09/2024 3:00:00 PM
03/09/2024,11,16621,03/09/2024 4:00:00 PM
03/09/2024,12,16737,03/09/2024 5:00:00 PM
03/09/2024,13,16757,03/09/2024 6:00:00 PM
03/09/2024,14,16550,03/09/2024 7:00:00 PM
03/09/2024,15,16404,03/09/2024 8:00:00 PM
03/09/2024,16,16211,03/09/2024 9:00:00 PM
03/09/2024,17,16129,03/09/2024 10:00:00 PM
03/09/2024,18,16218,03/09/2024 11:00:00 PM
03/09/2024,19,16428,03/10/2024 12:00:00 AM
03/09/2024,20,17005,03/10/2024 1:00:00 AM
03/09/2024,21,17403,03/10/2024 2:00:00 AM
03/09/2024,22,17222,03/10/2024 3:00:00 AM
03/09/2024,23,17070,03/10/2024 4:00:00 AM
03/09/2024,24,16602,03/10/2024 5:00:00 AM
03/10/2024,1,16139,03/10/2024 6:00:00 AM
03/10/2024,2,15787,03/10/2024 7:00:00 AM
03/10/2024,3,15592,03/10/2024 8:00:00 AM
03/10/2024,4,15487,03/10/2024 9:00:00 AM
03/10/2024,5,15601,03/10/2024 10:00:00 AM
03/10/2024,6,15946,03/10/2024 11:00:00 AM
03/10/2024,7,16459,03/10/2024 12:00:00 PM
03/10/2024,8,17125,03/10/2024 1:00:00 PM
03/10/2024,9,17699,03/10/2024 2:00:00 PM
03/10/2024,10,17502,03/10/2024 3:00:00 PM
03/10/2024,11,16951,03/10/2024 4:00:00 PM
03/10/2024,12,16492,03/10/2024 5:00:00 PM
03/10/2024,13,16150,03/10/2024 6:00:00 PM
03/10/2024,14,15884,03/10/2024 7:00:00 PM
03/10/2024,15,15729,03/10/2024 8:00:00 PM
03/10/2024,16,15544,03/10/2024 9:00:00 PM
03/10/2024,17,15606,03/10/2024 10:00:00 PM
03/10/2024,18,15705,03/10/2024 11:00:00 PM
03/10/2024,19,16094,03/11/2024 12:00:00 AM
03/10/2024,20,16743,03/11/2024 1:00:00 AM
03/10/2024,21,17333,03/11/2024 2:00:00 AM
03/10/2024,22,17194,03/11/2024 3:00:00 AM
03/10/2024,23,16632,03/11/2024 4:00:00 AM
03/10/2024,24,15867,03/11/2024 5:00:00 AM
03/11/2024,1,15447,03/11/2024 6:00:00 AM
03/11/2024,2,15183,03/11/2024 7:00:00 AM
03/11/2024,3,15010,03/11/2024 8:00:00 AM
03/11/2024,4,15226,03/11/2024 9:00:00 AM
03/11/2024,5,15672,03/11/2024 10:00:00 AM
03/11/2024,6,16590,03/11/2024 11:00:00 AM
03/11/2024,7,17927,03/11/2024 12:00:00 PM
03/11/2024,8,18664,03/11/2024 1:00:00 PM
03/11/2024,9,18584,03/11/2024 2:00:00 PM
03/11/2024,10,18077,03/11/2024 3:00:00 PM
03/11/2024,11,17787,03/11/2024 4:00:00 PM
03/11/2024,12,17337,03/11/2024 5:00:00 PM
03/11/2024,13,16892,03/11/2024 6:00:00 PM
03/11/2024,14,16641,03/11/2024 7:00:00 PM
03/11/2024,15,16435,03/11/2024 8:00:00 PM
03/11/2024,16,16407,03/11/2024 9:00:00 PM
03/11/2024,17,16407,03/11/2024 10:00:00 PM
03/11/2024,18,16611,03/11/2024 11:00:00 PM
03/11/2024,19,16778,03/12/2024 12:00:00 AM
03/11/2024,20,17358,03/12/2024 1:00:00 AM
03/11/2024,21,17717,03/12/2024 2:00:00 AM
03/11/2024,22,17179,03/12/2024 3:00:00 AM
03/11/2024,23,16456,03/12/2024 4:00:00 AM
03/11/2024,24,15606,03/12/2024 5:00:00 AM
03/12/2024,1,15178,03/12/2024 6:00:00 AM
03/12/2024,2,15007,03/12/2024 7:00:00 AM
03/12/2024,3,14933,03/12/2024 8:00:00 AM
03/12/2024,4,14992,03/12/2024 9:00:00 AM
03/12/2024,5,15400,03/12/2024 10:00:00 AM
03/12/2024,6,16246,03/12/2024 11:00:00 AM
03/12/2024,7,17770,03/12/2024 12:00:00 PM
03/12/2024,8,18292,03/12/2024 1:00:00 PM
03/12/2024,9,18113,03/12/2024 2:00:00 PM
03/12/2024,10,17498,03/12/2024 3:00:00 PM
03/12/2024,11,16879,03/12/2024 4:00:00 PM
03/12/2024,12,16531,03/12/2024 5:00:00 PM
03/12/2024,13,16356,03/12/2024 6:00:00 PM
03/12/2024,14,16348,03/12/2024 7:00:00 PM
03/12/2024,15,16447,03/12/2024 8:00:00 PM
03/12/2024,16,16560,03/12/2024 9:00:00 PM
03/12/2024,17,16715,03/12/2024 10:00:00 PM
03/12/2024,18,16776,03/12/2024 11:00:00 PM
03/12/2024,19,17011,03/13/2024 12:00:00 AM
03/12/2024,20,17438,03/13/2024 1:00:00 AM
03/12/2024,21,17717,03/13/2024 2:00:00 AM
03/12/2024,22,17173,03/13/2024 3:00:00 AM
03/12/2024,23,16348,03/13/2024 4:00:00 AM
03/12/2024,24,15338,03/13/2024 5:00:00 AM
03/13/2024,1,14680,03/13/2024 6:00:00 AM
03/13/2024,2,14322,03/13/2024 7:00:00 AM
03/13/2024,3,14119,03/13/2024 8:00:00 AM
03/13/2024,4,14084,03/13/2024 9:00:00 AM
03/13/2024,5,14116,03/13/2024 10:00:00 AM
03/13/2024,6,14738,03/13/2024 11:00:00 AM
03/13/2024,7,15800,03/13/2024 12:00:00 PM
03/13/2024,8,16253,03/13/2024 1:00:00 PM
03/13/2024,9,16137,03/13/2024 2:00:00 PM
03/13/2024,10,16172,03/13/2024 3:00:00 PM
03/13/2024,11,16309,03/13/2024 4:00:00 PM
03/13/2024,12,16442,03/13/2024 5:00:00 PM
03/13/2024,13,16683,03/13/2024 6:00:00 PM
03/13/2024,14,16943,03/13/2024 7:00:00 PM
03/13/2024,15,17145,03/13/2024 8:00:00 PM
03/13/2024,16,17344,03/13/2024 9:00:00 PM
03/13/2024,17,17687,03/13/2024 10:00:00 PM
03/13/2024,18,17847,03/13/2024 11:00:00 PM
03/13/2024,19,17907,03/14/2024 12:00:00 AM
03/13/2024,20,18238,03/14/2024 1:00:00 AM
03/13/2024,21,18449,03/14/2024 2:00:00 AM
03/13/2024,22,17966,03/14/2024 3:00:00 AM
03/13/2024,23,17119,03/14/2024 4:00:00 AM
03/13/2024,24,16058,03/14/2024 5:00:00 AM
03/14/2024,1,15316,03/14/2024 6:00:00 AM
03/14/2024,2,14804,03/14/2024 7:00:00 AM
03/14/2024,3,14385,03/14/2024 8:00:00 AM
03/14/2024,4,14308,03/14/2024 9:00:00 AM
03/14/2024,5,14457,03/14/2024 10:00:00 AM
03/14/2024,6,14973,03/14/2024 11:00:00 AM
03/14/2024,7,16051,03/14/2024 12:00:00 PM
03/14/2024,8,16499,03/14/2024 1:00:00 PM
03/14/2024,9,16595,03/14/2024 2:00:00 PM
03/14/2024,10,16952,03/14/2024 3:00:00 PM
03/14/2024,11,17300,03/14/2024 4:00:00 PM
03/14/2024,12,17775,03/14/2024 5:00:00 PM
03/14/2024,13,18194,03/14/2024 6:00:00 PM
03/14/2024,14,18847,03/14/2024 7:00:00 PM
03/14/2024,15,19170,03/14/2024 8:00:00 PM
03/14/2024,16,19394,03/14/2024 9:00:00 PM
03/14/2024,17,19488,03/14/2024 10:00:00 PM
03/14/2024,18,19485,03/14/2024 11:00:00 PM
03/14/2024,19,19384,03/15/2024 12:00:00 AM
03/14/2024,20,19520,03/15/2024 1:00:00 AM
03/14/2024,21,19547,03/15/2024 2:00:00 AM
03/14/2024,22,19006,03/15/2024 3:00:00 AM
03/14/2024,23,18141,03/15/2024 4:00:00 AM
03/14/2024,24,17204,03/15/2024 5:00:00 AM
03/15/2024,1,16483,03/15/2024 6:00:00 AM
03/15/2024,2,15987,03/15/2024 7:00:00 AM
03/15/2024,3,15657,03/15/2024 8:00:00 AM
03/15/2024,4,15407,03/15/2024 9:00:00 AM
03/15/2024,5,15344,03/15/2024 10:00:00 AM
03/15/2024,6,15856,03/15/2024 11:00:00 AM
03/15/2024,7,16511,03/15/2024 12:00:00 PM
03/15/2024,8,16945,03/15/2024 1:00:00 PM
03/15/2024,9,16954,03/15/2024 2:00:00 PM
03/15/2024,10,17391,03/15/2024 3:00:00 PM
03/15/2024,11,17926,03/15/2024 4:00:00 PM
03/15/2024,12,18061,03/15/2024 5:00:00 PM
03/15/2024,13,18247,03/15/2024 6:00:00 PM
03/15/2024,14,18270,03/15/2024 7:00:00 PM
03/15/2024,15,18104,03/15/2024 8:00:00 PM
03/15/2024,16,17498,03/15/2024 9:00:00 PM
03/15/2024,17,17352,03/15/2024 10:00:00 PM
03/15/2024,18,17171,03/15/2024 11:00:00 PM
03/15/2024,19,17094,03/16/2024 12:00:00 AM
03/15/2024,20,17258,03/16/2024 1:00:00 AM
03/15/2024,21,17353,03/16/2024 2:00:00 AM
03/15/2024,22,16975,03/16/2024 3:00:00 AM
03/15/2024,23,16472,03/16/2024 4:00:00 AM
03/15/2024,24,15736,03/16/2024 5:00:00 AM
03/16/2024,1,15039,03/16/2024 6:00:00 AM
03/16/2024,2,14654,03/16/2024 7:00:00 AM
03/16/2024,3,14383,03/16/2024 8:00:00 AM
03/16/2024,4,14220,03/16/2024 9:00:00 AM
03/16/2024,5,14230,03/16/2024 10:00:00 AM
03/16/2024,6,14369,03/16/2024 11:00:00 AM
03/16/2024,7,14589,03/16/2024 12:00:00 PM
03/16/2024,8,15091,03/16/2024 1:00:00 PM
03/16/2024,9,15602,03/16/2024 2:00:00 PM
03/16/2024,10,15868,03/16/2024 3:00:00 PM
03/16/2024,11,16069,03/16/2024 4:00:00 PM
03/16/2024,12,16166,03/16/2024 5:00:00 PM
03/16/2024,13,16335,03/16/2024 6:00:00 PM
03/16/2024,14,16411,03/16/2024 7:00:00 PM
03/16/2024,15,16645,03/16/2024 8:00:00 PM
03/16/2024,16,16941,03/16/2024 9:00:00 PM
03/16/2024,17,17121,03/16/2024 10:00:00 PM
03/16/2024,18,17088,03/16/2024 11:00:00 PM
03/16/2024,19,17032,03/17/2024 12:00:00 AM
03/16/2024,20,17237,03/17/2024 1:00:00 AM
03/16/2024,21,17283,03/17/2024 2:00:00 AM
03/16/2024,22,16982,03/17/2024 3:00:00 AM
03/16/2024,23,16319,03/17/2024 4:00:00 AM
03/16/2024,24,15693,03/17/2024 5:00:00 AM
03/17/2024,1,15003,03/17/2024 6:00:00 AM
03/17/2024,2,14490,03/17/2024 7:00:00 AM
03/17/2024,3,14282,03/17/2024 8:00:00 AM
03/17/2024,4,13956,03/17/2024 9:00:00 AM
03/17/2024,5,13968,03/17/2024 10:00:00 AM
03/17/2024,6,13967,03/17/2024 11:00:00 AM
03/17/2024,7,14234,03/17/2024 12:00:00 PM
03/17/2024,8,14703,03/17/2024 1:00:00 PM
03/17/2024,9,15395,03/17/2024 2:00:00 PM
03/17/2024,10,15815,03/17/2024 3:00:00 PM
03/17/2024,11,16194,03/17/2024 4:00:00 PM
03/17/2024,12,16410,03/17/2024 5:00:00 PM
03/17/2024,13,16539,03/17/2024 6:00:00 PM
03/17/2024,14,16497,03/17/2024 7:00:00 PM
03/17/2024,15,16475,03/17/2024 8:00:00 PM
03/17/2024,16,16444,03/17/2024 9:00:00 PM
03/17/2024,17,16616,03/17/2024 10:00:00 PM
03/17/2024,18,16773,03/17/2024 11:00:00 PM
03/17/2024,19,16895,03/18/2024 12:00:00 AM
03/17/2024,20,17352,03/18/2024 1:00:00 AM
03/17/2024,21,17585,03/18/2024 2:00:00 AM
03/17/2024,22,17202,03/18/2024 3:00:00 AM
03/17/2024,23,16572,03/18/2024 4:00:00 AM
03/17/2024,24,15722,03/18/2024 5:00:00 AM
03/18/2024,1,15003,03/18/2024 6:00:00 AM
03/18/2024,2,14681,03/18/2024 7:00:00 AM
03/18/2024,3,14461,03/18/2024 8:00:00 AM
03/18/2024,4,14587,03/18/2024 9:00:00 AM
03/18/2024,5,14878,03/18/2024 10:00:00 AM
03/18/2024,6,15641,03/18/2024 11:00:00 AM
03/18/2024,7,16830,03/18/2024 12:00:00 PM
03/18/2024,8,17375,03/18/2024 1:00:00 PM
03/18/2024,9,17413,03/18/2024 2:00:00 PM
03/18/2024,10,17367,03/18/2024 3:00:00 PM
03/18/2024,11,17392,03/18/2024 4:00:00 PM
03/18/2024,12,17217,03/18/2024 5:00:00 PM
03/18/2024,13,17087,03/18/2024 6:00:00 PM
03/18/2024,14,16995,03/18/2024 7:00:00 PM
03/18/2024,15,16836,03/18/2024 8:00:00 PM
03/18/2024,16,16792,03/18/2024 9:00:00 PM
03/18/2024,17,16948,03/18/2024 10:00:00 PM
03/18/2024,18,17140,03/18/2024 11:00:00 PM
03/18/2024,19,17512,03/19/2024 12:00:00 AM
03/18/2024,20,18315,03/19/2024 1:00:00 AM
03/18/2024,21,18807,03/19/2024 2:00:00 AM
03/18/2024,22,18450,03/19/2024 3:00:00 AM
03/18/2024,23,17776,03/19/2024 4:00:00 AM
03/18/2024,24,17104,03/19/2024 5:00:00 AM
03/19/2024,1,16719,03/19/2024 6:00:00 AM
03/19/2024,2,16655,03/19/2024 7:00:00 AM
03/19/2024,3,16838,03/19/2024 8:00:00 AM
03/19/2024,4,17022,03/19/2024 9:00:00 AM
03/19/2024,5,17554,03/19/2024 10:00:00 AM
03/19/2024,6,18756,03/19/2024 11:00:00 AM
03/19/2024,7,20325,03/19/2024 12:00:00 PM
03/19/2024,8,21244,03/19/2024 1:00:00 PM
03/19/2024,9,20973,03/19/2024 2:00:00 PM
03/19/2024,10,20129,03/19/2024 3:00:00 PM
03/19/2024,11,19217,03/19/2024 4:00:00 PM
03/19/2024,12,18386,03/19/2024 5:00:00 PM
03/19/2024,13,17683,03/19/2024 6:00:00 PM
03/19/2024,14,17108,03/19/2024 7:00:00 PM
03/19/2024,15,16752,03/19/2024 8:00:00 PM
03/19/2024,16,16681,03/19/2024 9:00:00 PM
03/19/2024,17,16733,03/19/2024 10:00:00 PM
03/19/2024,18,16760,03/19/2024 11:00:00 PM
03/19/2024,19,17166,03/20/2024 12:00:00 AM
03/19/2024,20,17812,03/20/2024 1:00:00 AM
03/19/2024,21,18409,03/20/2024 2:00:00 AM
03/19/2024,22,18088,03/20/2024 3:00:00 AM
03/19/2024,23,17269,03/20/2024 4:00:00 AM
03/19/2024,24,16466,03/20/2024 5:00:00 AM
03/20/2024,1,16071,03/20/2024 6:00:00 AM
03/20/2024,2,15891,03/20/2024 7:00:00 AM
03/20/2024,3,16055,03/20/2024 8:00:00 AM
03/20/2024,4,16016,03/20/2024 9:00:00 AM
03/20/2024,5,16421,03/20/2024 10:00:00 AM
03/20/2024,6,17346,03/20/2024 11:00:00 AM
03/20/2024,7,18698,03/20/2024 12:00:00 PM
03/20/2024,8,19233,03/20/2024 1:00:00 PM
03/20/2024,9,18831,03/20/2024 2:00:00 PM
03/20/2024,10,18204,03/20/2024 3:00:00 PM
03/20/2024,11,17591,03/20/2024 4:00:00 PM
03/20/2024,12,16994,03/20/2024 5:00:00 PM
03/20/2024,13,16682,03/20/2024 6:00:00 PM
03/20/2024,14,16578,03/20/2024 7:00:00 PM
03/20/2024,15,16365,03/20/2024 8:00:00 PM
03/20/2024,16,16532,03/20/2024 9:00:00 PM
03/20/2024,17,16674,03/20/2024 10:00:00 PM
03/20/2024,18,16807,03/20/2024 11:00:00 PM
03/20/2024,19,16976,03/21/2024 12:00:00 AM
03/20/2024,20,17336,03/21/2024 1:00:00 AM
03/20/2024,21,17736,03/21/2024 2:00:00 AM
03/20/2024,22,17326,03/21/2024 3:00:00 AM
03/20/2024,23,16415,03/21/2024 4:00:00 AM
03/20/2024,24,15550,03/21/2024 5:00:00 AM
03/21/2024,1,15046,03/21/2024 6:00:00 AM
03/21/2024,2,14748,03/21/2024 7:00:00 AM
03/21/2024,3,14571,03/21/2024 8:00:00 AM
03/21/2024,4,14771,03/21/2024 9:00:00 AM
03/21/2024,5,15057,03/21/2024 10:00:00 AM
03/21/2024,6,15819,03/21/2024 11:00:00 AM
03/21/2024,7,17153,03/21/2024 12:00:00 PM
03/21/2024,8,17561,03/21/2024 1:00:00 PM
03/21/2024,9,17577,03/21/2024 2:00:00 PM
03/21/2024,10,17438,03/21/2024 3:00:00 PM
03/21/2024,11,17300,03/21/2024 4:00:00 PM
03/21/2024,12,17208,03/21/2024 5:00:00 PM
03/21/2024,13,16991,03/21/2024 6:00:00 PM
03/21/2024,14,16973,03/21/2024 7:00:00 PM
03/21/2024,15,17003,03/21/2024 8:00:00 PM
03/21/2024,16,16896,03/21/2024 9:00:00 PM
03/21/2024,17,17034,03/21/2024 10:00:00 PM
03/21/2024,18,17124,03/21/2024 11:00:00 PM
03/21/2024,19,17519,03/22/2024 12:00:00 AM
03/21/2024,20,17892,03/22/2024 1:00:00 AM
03/21/2024,21,17870,03/22/2024 2:00:00 AM
03/21/2024,22,17522,03/22/2024 3:00:00 AM
03/21/2024,23,16599,03/22/2024 4:00:00 AM
03/21/2024,24,15703,03/22/2024 5:00:00 AM
03/22/2024,1,15140,03/22/2024 6:00:00 AM
03/22/2024,2,14749,03/22/2024 7:00:00 AM
03/22/2024,3,14562,03/22/2024 8:00:00 AM
03/22/2024,4,14508,03/22/2024 9:00:00 AM
03/22/2024,5,14669,03/22/2024 10:00:00 AM
03/22/2024,6,15392,03/22/2024 11:00:00 AM
03/22/2024,7,16467,03/22/2024 12:00:00 PM
03/22/2024,8,16963,03/22/2024 1:00:00 PM
03/22/2024,9,17236,03/22/2024 2:00:00 PM
03/22/2024,10,17378,03/22/2024 3:00:00 PM
03/22/2024,11,17354,03/22/2024 4:00:00 PM
03/22/2024,12,17212,03/22/2024 5:00:00 PM
03/22/2024,13,17192,03/22/2024 6:00:00 PM
03/22/2024,14,17072,03/22/2024 7:00:00 PM
03/22/2024,15,17087,03/22/2024 8:00:00 PM
03/22/2024,16,17296,03/22/2024 9:00:00 PM
03/22/2024,17,17372,03/22/2024 10:00:00 PM
03/22/2024,18,17415,03/22/2024 11:00:00 PM
03/22/2024,19,17399,03/23/2024 12:00:00 AM
03/22/2024,20,17369,03/23/2024 1:00:00 AM
03/22/2024,21,17537,03/23/2024 2:00:00 AM
03/22/2024,22,17307,03/23/2024 3:00:00 AM
03/22/2024,23,16649,03/23/2024 4:00:00 AM
03/22/2024,24,16016,03/23/2024 5:00:00 AM
03/23/2024,1,15395,03/23/2024 6:00:00 AM
03/23/2024,2,15000,03/23/2024 7:00:00 AM
03/23/2024,3,14755,03/23/2024 8:00:00 AM
03/23/2024,4,14686,03/23/2024 9:00:00 AM
03/23/2024,5,14813,03/23/2024 10:00:00 AM
03/23/2024,6,15161,03/23/2024 11:00:00 AM
03/23/2024,7,15670,03/23/2024 12:00:00 PM
03/23/2024,8,16241,03/23/2024 1:00:00 PM
03/23/2024,9,16745,03/23/2024 2:00:00 PM
03/23/2024,10,17048,03/23/2024 3:00:00 PM
03/23/2024,11,17072,03/23/2024 4:00:00 PM
03/23/2024,12,16754,03/23/2024 5:00:00 PM
03/23/2024,13,16525,03/23/2024 6:00:00 PM
03/23/2024,14,16368,03/23/2024 7:00:00 PM
03/23/2024,15,16324,03/23/2024 8:00:00 PM
03/23/2024,16,16355,03/23/2024 9:00:00 PM
03/23/2024,17,16553,03/23/2024 10:00:00 PM
03/23/2024,18,16588,03/23/2024 11:00:00 PM
03/23/2024,19,16711,03/24/2024 12:00:00 AM
03/23/2024,20,16933,03/24/2024 1:00:00 AM
03/23/2024,21,17246,03/24/2024 2:00:00 AM
03/23/2024,22,17016,03/24/2024 3:00:00 AM
03/23/2024,23,16547,03/24/2024 4:00:00 AM
03/23/2024,24,15865,03/24/2024 5:00:00 AM
03/24/2024,1,15156,03/24/2024 6:00:00 AM
03/24/2024,2,15003,03/24/2024 7:00:00 AM
03/24/2024,3,14879,03/24/2024 8:00:00 AM
03/24/2024,4,14757,03/24/2024 9:00:00 AM
03/24/2024,5,14909,03/24/2024 10:00:00 AM
03/24/2024,6,15116,03/24/2024 11:00:00 AM
03/24/2024,7,15635,03/24/2024 12:00:00 PM
03/24/2024,8,16281,03/24/2024 1:00:00 PM
03/24/2024,9,16994,03/24/2024 2:00:00 PM
03/24/2024,10,17204,03/24/2024 3:00:00 PM
03/24/2024,11,16973,03/24/2024 4:00:00 PM
03/24/2024,12,16762,03/24/2024 5:00:00 PM
03/24/2024,13,16476,03/24/2024 6:00:00 PM
03/24/2024,14,16372,03/24/2024 7:00:00 PM
03/24/2024,15,16154,03/24/2024 8:00:00 PM
03/24/2024,16,15993,03/24/2024 9:00:00 PM
03/24/2024,17,16203,03/24/2024 10:00:00 PM
03/24/2024,18,16345,03/24/2024 11:00:00 PM
03/24/2024,19,16652,03/25/2024 12:00:00 AM
03/24/2024,20,17128,03/25/2024 1:00:00 AM
03/24/2024,21,17584,03/25/2024 2:00:00 AM
03/24/2024,22,17222,03/25/2024 3:00:00 AM
03/24/2024,23,16376,03/25/2024 4:00:00 AM
03/24/2024,24,15639,03/25/2024 5:00:00 AM
03/25/2024,1,14944,03/25/2024 6:00:00 AM
03/25/2024,2,14683,03/25/2024 7:00:00 AM
03/25/2024,3,14485,03/25/2024 8:00:00 AM
03/25/2024,4,14425,03/25/2024 9:00:00 AM
03/25/2024,5,14699,03/25/2024 10:00:00 AM
03/25/2024,6,15306,03/25/2024 11:00:00 AM
03/25/2024,7,16345,03/25/2024 12:00:00 PM
03/25/2024,8,16798,03/25/2024 1:00:00 PM
03/25/2024,9,16991,03/25/2024 2:00:00 PM
03/25/2024,10,17237,03/25/2024 3:00:00 PM
03/25/2024,11,17427,03/25/2024 4:00:00 PM
03/25/2024,12,17518,03/25/2024 5:00:00 PM
03/25/2024,13,17663,03/25/2024 6:00:00 PM
03/25/2024,14,17752,03/25/2024 7:00:00 PM
03/25/2024,15,17796,03/25/2024 8:00:00 PM
03/25/2024,16,17700,03/25/2024 9:00:00 PM
03/25/2024,17,17846,03/25/2024 10:00:00 PM
03/25/2024,18,17890,03/25/2024 11:00:00 PM
03/25/2024,19,18057,03/26/2024 12:00:00 AM
03/25/2024,20,18277,03/26/2024 1:00:00 AM
03/25/2024,21,18450,03/26/2024 2:00:00 AM
03/25/2024,22,17957,03/26/2024 3:00:00 AM
03/25/2024,23,17150,03/26/2024 4:00:00 AM
03/25/2024,24,16276,03/26/2024 5:00:00 AM
03/26/2024,1,15567,03/26/2024 6:00:00 AM
03/26/2024,2,15263,03/26/2024 7:00:00 AM
03/26/2024,3,14941,03/26/2024 8:00:00 AM
03/26/2024,4,14964,03/26/2024 9:00:00 AM
03/26/2024,5,15057,03/26/2024 10:00:00 AM
03/26/2024,6,15630,03/26/2024 11:00:00 AM
03/26/2024,7,16850,03/26/2024 12:00:00 PM
03/26/2024,8,17387,03/26/2024 1:00:00 PM
03/26/2024,9,17597,03/26/2024 2:00:00 PM
03/26/2024,10,17635,03/26/2024 3:00:00 PM
03/26/2024,11,17622,03/26/2024 4:00:00 PM
03/26/2024,12,17378,03/26/2024 5:00:00 PM
03/26/2024,13,17246,03/26/2024 6:00:00 PM
03/26/2024,14,17285,03/26/2024 7:00:00 PM
03/26/2024,15,17246,03/26/2024 8:00:00 PM
03/26/2024,16,17318,03/26/2024 9:00:00 PM
03/26/2024,17,17597,03/26/2024 10:00:00 PM
03/26/2024,18,17823,03/26/2024 11:00:00 PM
03/26/2024,19,17906,03/27/2024 12:00:00 AM
03/26/2024,20,18202,03/27/2024 1:00:00 AM
03/26/2024,21,18446,03/27/2024 2:00:00 AM
03/26/2024,22,17949,03/27/2024 3:00:00 AM
03/26/2024,23,17085,03/27/2024 4:00:00 AM
03/26/2024,24,16208,03/27/2024 5:00:00 AM
03/27/2024,1,15581,03/27/2024 6:00:00 AM
03/27/2024,2,15388,03/27/2024 7:00:00 AM
03/27/2024,3,15316,03/27/2024 8:00:00 AM
03/27/2024,4,15362,03/27/2024 9:00:00 AM
03/27/2024,5,15641,03/27/2024 10:00:00 AM
03/27/2024,6,16540,03/27/2024 11:00:00 AM
03/27/2024,7,17862,03/27/2024 12:00:00 PM
03/27/2024,8,18426,03/27/2024 1:00:00 PM
03/27/2024,9,18229,03/27/2024 2:00:00 PM
03/27/2024,10,17964,03/27/2024 3:00:00 PM
03/27/2024,11,17554,03/27/2024 4:00:00 PM
03/27/2024,12,17244,03/27/2024 5:00:00 PM
03/27/2024,13,17022,03/27/2024 6:00:00 PM
03/27/2024,14,16901,03/27/2024 7:00:00 PM
03/27/2024,15,16744,03/27/2024 8:00:00 PM
03/27/2024,16,16626,03/27/2024 9:00:00 PM
03/27/2024,17,16732,03/27/2024 10:00:00 PM
03/27/2024,18,16808,03/27/2024 11:00:00 PM
03/27/2024,19,17028,03/28/2024 12:00:00 AM
03/27/2024,20,17562,03/28/2024 1:00:00 AM
03/27/2024,21,18131,03/28/2024 2:00:00 AM
03/27/2024,22,17907,03/28/2024 3:00:00 AM
03/27/2024,23,17235,03/28/2024 4:00:00 AM
03/27/2024,24,16417,03/28/2024 5:00:00 AM
03/28/2024,1,15948,03/28/2024 6:00:00 AM
03/28/2024,2,15740,03/28/2024 7:00:00 AM
03/28/2024,3,15763,03/28/2024 8:00:00 AM
03/28/2024,4,15812,03/28/2024 9:00:00 AM
03/28/2024,5,16235,03/28/2024 10:00:00 AM
03/28/2024,6,17125,03/28/2024 11:00:00 AM
03/28/2024,7,18513,03/28/2024 12:00:00 PM
03/28/2024,8,18988,03/28/2024 1:00:00 PM
03/28/2024,9,18601,03/28/2024 2:00:00 PM
03/28/2024,10,18029,03/28/2024 3:00:00 PM
03/28/2024,11,17627,03/28/2024 4:00:00 PM
03/28/2024,12,17174,03/28/2024 5:00:00 PM
03/28/2024,13,16701,03/28/2024 6:00:00 PM
03/28/2024,14,16713,03/28/2024 7:00:00 PM
03/28/2024,15,16654,03/28/2024 8:00:00 PM
03/28/2024,16,16808,03/28/2024 9:00:00 PM
03/28/2024,17,17035,03/28/2024 10:00:00 PM
03/28/2024,18,17216,03/28/2024 11:00:00 PM
03/28/2024,19,17131,03/29/2024 12:00:00 AM
03/28/2024,20,17292,03/29/2024 1:00:00 AM
03/28/2024,21,17511,03/29/2024 2:00:00 AM
03/28/2024,22,17321,03/29/2024 3:00:00 AM
03/28/2024,23,16580,03/29/2024 4:00:00 AM
03/28/2024,24,15878,03/29/2024 5:00:00 AM
03/29/2024,1,15384,03/29/2024 6:00:00 AM
03/29/2024,2,15021,03/29/2024 7:00:00 AM
03/29/2024,3,14950,03/29/2024 8:00:00 AM
03/29/2024,4,15024,03/29/2024 9:00:00 AM
03/29/2024,5,15396,03/29/2024 10:00:00 AM
03/29/2024,6,15923,03/29/2024 11:00:00 AM
03/29/2024,7,16750,03/29/2024 12:00:00 PM
03/29/2024,8,17317,03/29/2024 1:00:00 PM
03/29/2024,9,17586,03/29/2024 2:00:00 PM
03/29/2024,10,17259,03/29/2024 3:00:00 PM
03/29/2024,11,16886,03/29/2024 4:00:00 PM
03/29/2024,12,16567,03/29/2024 5:00:00 PM
03/29/2024,13,16407,03/29/2024 6:00:00 PM
03/29/2024,14,16381,03/29/2024 7:00:00 PM
03/29/2024,15,16482,03/29/2024 8:00:00 PM
03/29/2024,16,16699,03/29/2024 9:00:00 PM
03/29/2024,17,16894,03/29/2024 10:00:00 PM
03/29/2024,18,17012,03/29/2024 11:00:00 PM
03/29/2024,19,16880,03/30/2024 12:00:00 AM
03/29/2024,20,16921,03/30/2024 1:00:00 AM
03/29/2024,21,16971,03/30/2024 2:00:00 AM
03/29/2024,22,16681,03/30/2024 3:00:00 AM
03/29/2024,23,16168,03/30/2024 4:00:00 AM
03/29/2024,24,15416,03/30/2024 5:00:00 AM
03/30/2024,1,14808,03/30/2024 6:00:00 AM
03/30/2024,2,14264,03/30/2024 7:00:00 AM
03/30/2024,3,14132,03/30/2024 8:00:00 AM
03/30/2024,4,14129,03/30/2024 9:00:00 AM
03/30/2024,5,14091,03/30/2024 10:00:00 AM
03/30/2024,6,14310,03/30/2024 11:00:00 AM
03/30/2024,7,14671,03/30/2024 12:00:00 PM
03/30/2024,8,15082,03/30/2024 1:00:00 PM
03/30/2024,9,15707,03/30/2024 2:00:00 PM
03/30/2024,10,15999,03/30/2024 3:00:00 PM
03/30/2024,11,16258,03/30/2024 4:00:00 PM
03/30/2024,12,16504,03/30/2024 5:00:00 PM
03/30/2024,13,16766,03/30/2024 6:00:00 PM
03/30/2024,14,17099,03/30/2024 7:00:00 PM
03/30/2024,15,17397,03/30/2024 8:00:00 PM
03/30/2024,16,17556,03/30/2024 9:00:00 PM
03/30/2024,17,17825,03/30/2024 10:00:00 PM
03/30/2024,18,17933,03/30/2024 11:00:00 PM
03/30/2024,19,17832,03/31/2024 12:00:00 AM
03/30/2024,20,17722,03/31/2024 1:00:00 AM
03/30/2024,21,17896,03/31/2024 2:00:00 AM
03/30/2024,22,17453,03/31/2024 3:00:00 AM
03/30/2024,23,16792,03/31/2024 4:00:00 AM
03/30/2024,24,15811,03/31/2024 5:00:00 AM
03/31/2024,1,15157,03/31/2024 6:00:00 AM
03/31/2024,2,14710,03/31/2024 7:00:00 AM
03/31/2024,3,14514,03/31/2024 8:00:00 AM
03/31/2024,4,14174,03/31/2024 9:00:00 AM
03/31/2024,5,14107,03/31/2024 10:00:00 AM
03/31/2024,6,14338,03/31/2024 11:00:00 AM
03/31/2024,7,14620,03/31/2024 12:00:00 PM
03/31/2024,8,14946,03/31/2024 1:00:00 PM
03/31/2024,9,15645,03/31/2024 2:00:00 PM
03/31/2024,10,16294,03/31/2024 3:00:00 PM
03/31/2024,11,16537,03/31/2024 4:00:00 PM
03/31/2024,12,16925,03/31/2024 5:00:00 PM
03/31/2024,13,17305,03/31/2024 6:00:00 PM
03/31/2024,14,17501,03/31/2024 7:00:00 PM
03/31/2024,15,17688,03/31/2024 8:00:00 PM
03/31/2024,16,17788,03/31/2024 9:00:00 PM
03/31/2024,17,17812,03/31/2024 10:00:00 PM
03/31/2024,18,17902,03/31/2024 11:00:00 PM
03/31/2024,19,17947,04/01/2024 12:00:00 AM
03/31/2024,20,18152,04/01/2024 1:00:00 AM
03/31/2024,21,18451,04/01/2024 2:00:00 AM
03/31/2024,22,18017,04/01/2024 3:00:00 AM
03/31/2024,23,17398,04/01/2024 4:00:00 AM
03/31/2024,24,16385,04/01/2024 5:00:00 AM
04/01/2024,1,15694,04/01/2024 6:00:00 AM
04/01/2024,2,15276,04/01/2024 7:00:00 AM
04/01/2024,3,15015,04/01/2024 8:00:00 AM
04/01/2024,4,14827,04/01/2024 9:00:00 AM
04/01/2024,5,15036,04/01/2024 10:00:00 AM
04/01/2024,6,15443,04/01/2024 11:00:00 AM
04/01/2024,7,16161,04/01/2024 12:00:00 PM
04/01/2024,8,16752,04/01/2024 1:00:00 PM
04/01/2024,9,17167,04/01/2024 2:00:00 PM
04/01/2024,10,17682,04/01/2024 3:00:00 PM
04/01/2024,11,18235,04/01/2024 4:00:00 PM
04/01/2024,12,18718,04/01/2024 5:00:00 PM
04/01/2024,13,18993,04/01/2024 6:00:00 PM
04/01/2024,14,19382,04/01/2024 7:00:00 PM
04/01/2024,15,19690,04/01/2024 8:00:00 PM
04/01/2024,16,19779,04/01/2024 9:00:00 PM
04/01/2024,17,19847,04/01/2024 10:00:00 PM
04/01/2024,18,19882,04/01/2024 11:00:00 PM
04/01/2024,19,19858,04/02/2024 12:00:00 AM
04/01/2024,20,19880,04/02/2024 1:00:00 AM
04/01/2024,21,20234,04/02/2024 2:00:00 AM
04/01/2024,22,19837,04/02/2024 3:00:00 AM
04/01/2024,23,18689,04/02/2024 4:00:00 AM
04/01/2024,24,17838,04/02/2024 5:00:00 AM
04/02/2024,1,17105,04/02/2024 6:00:00 AM
04/02/2024,2,16463,04/02/2024 7:00:00 AM
04/02/2024,3,16151,04/02/2024 8:00:00 AM
04/02/2024,4,15788,04/02/2024 9:00:00 AM
04/02/2024,5,15865,04/02/2024 10:00:00 AM
04/02/2024,6,16254,04/02/2024 11:00:00 AM
04/02/2024,7,17037,04/02/2024 12:00:00 PM
04/02/2024,8,17216,04/02/2024 1:00:00 PM
04/02/2024,9,17452,04/02/2024 2:00:00 PM
04/02/2024,10,17895,04/02/2024 3:00:00 PM
04/02/2024,11,18554,04/02/2024 4:00:00 PM
04/02/2024,12,19043,04/02/2024 5:00:00 PM
04/02/2024,13,19466,04/02/2024 6:00:00 PM
04/02/2024,14,19724,04/02/2024 7:00:00 PM
04/02/2024,15,19630,04/02/2024 8:00:00 PM
04/02/2024,16,19822,04/02/2024 9:00:00 PM
04/02/2024,17,19678,04/02/2024 10:00:00 PM
04/02/2024,18,19587,04/02/2024 11:00:00 PM
04/02/2024,19,19257,04/03/2024 12:00:00 AM
04/02/2024,20,19248,04/03/2024 1:00:00 AM
04/02/2024,21,19209,04/03/2024 2:00:00 AM
04/02/2024,22,18504,04/03/2024 3:00:00 AM
04/02/2024,23,17499,04/03/2024 4:00:00 AM
04/02/2024,24,16368,04/03/2024 5:00:00 AM
04/03/2024,1,15473,04/03/2024 6:00:00 AM
04/03/2024,2,14862,04/03/2024 7:00:00 AM
04/03/2024,3,14421,04/03/2024 8:00:00 AM
04/03/2024,4,14161,04/03/2024 9:00:00 AM
04/03/2024,5,14327,04/03/2024 10:00:00 AM
04/03/2024,6,14770,04/03/2024 11:00:00 AM
04/03/2024,7,15814,04/03/2024 12:00:00 PM
04/03/2024,8,16350,04/03/2024 1:00:00 PM
04/03/2024,9,16314,04/03/2024 2:00:00 PM
04/03/2024,10,16293,04/03/2024 3:00:00 PM
04/03/2024,11,16316,04/03/2024 4:00:00 PM
04/03/2024,12,16260,04/03/2024 5:00:00 PM
04/03/2024,13,16208,04/03/2024 6:00:00 PM
04/03/2024,14,16348,04/03/2024 7:00:00 PM
04/03/2024,15,16518,04/03/2024 8:00:00 PM
04/03/2024,16,16714,04/03/2024 9:00:00 PM
04/03/2024,17,17100,04/03/2024 10:00:00 PM
04/03/2024,18,17157,04/03/2024 11:00:00 PM
04/03/2024,19,17305,04/04/2024 12:00:00 AM
04/03/2024,20,17412,04/04/2024 1:00:00 AM
04/03/2024,21,17818,04/04/2024 2:00:00 AM
04/03/2024,22,17387,04/04/2024 3:00:00 AM
04/03/2024,23,16530,04/04/2024 4:00:00 AM
04/03/2024,24,15682,04/04/2024 5:00:00 AM
04/04/2024,1,15071,04/04/2024 6:00:00 AM
04/04/2024,2,14699,04/04/2024 7:00:00 AM
04/04/2024,3,14514,04/04/2024 8:00:00 AM
04/04/2024,4,14602,04/04/2024 9:00:00 AM
04/04/2024,5,14911,04/04/2024 10:00:00 AM
04/04/2024,6,15618,04/04/2024 11:00:00 AM
04/04/2024,7,17003,04/04/2024 12:00:00 PM
04/04/2024,8,17568,04/04/2024 1:00:00 PM
04/04/2024,9,17375,04/04/2024 2:00:00 PM
04/04/2024,10,17011,04/04/2024 3:00:00 PM
04/04/2024,11,16778,04/04/2024 4:00:00 PM
04/04/2024,12,16523,04/04/2024 5:00:00 PM
04/04/2024,13,16364,04/04/2024 6:00:00 PM
04/04/2024,14,16487,04/04/2024 7:00:00 PM
04/04/2024,15,16619,04/04/2024 8:00:00 PM
04/04/2024,16,16878,04/04/2024 9:00:00 PM
04/04/2024,17,17171,04/04/2024 10:00:00 PM
04/04/2024,18,17374,04/04/2024 11:00:00 PM
04/04/2024,19,17521,04/05/2024 12:00:00 AM
04/04/2024,20,17490,04/05/2024 1:00:00 AM
04/04/2024,21,17717,04/05/2024 2:00:00 AM
04/04/2024,22,17268,04/05/2024 3:00:00 AM
04/04/2024,23,16491,04/05/2024 4:00:00 AM
04/04/2024,24,15533,04/05/2024 5:00:00 AM
04/05/2024,1,14912,04/05/2024 6:00:00 AM
04/05/2024,2,14574,04/05/2024 7:00:00 AM
04/05/2024,3,14515,04/05/2024 8:00:00 AM
04/05/2024,4,14470,04/05/2024 9:00:00 AM
04/05/2024,5,14640,04/05/2024 10:00:00 AM
04/05/2024,6,15492,04/05/2024 11:00:00 AM
04/05/2024,7,16569,04/05/2024 12:00:00 PM
04/05/2024,8,17039,04/05/2024 1:00:00 PM
04/05/2024,9,17002,04/05/2024 2:00:00 PM
04/05/2024,10,16823,04/05/2024 3:00:00 PM
04/05/2024,11,16742,04/05/2024 4:00:00 PM
04/05/2024,12,16782,04/05/2024 5:00:00 PM
04/05/2024,13,17016,04/05/2024 6:00:00 PM
04/05/2024,14,17299,04/05/2024 7:00:00 PM
04/05/2024,15,17617,04/05/2024 8:00:00 PM
04/05/2024,16,18137,04/05/2024 9:00:00 PM
04/05/2024,17,18475,04/05/2024 10:00:00 PM
04/05/2024,18,18735,04/05/2024 11:00:00 PM
04/05/2024,19,18519,04/06/2024 12:00:00 AM
04/05/2024,20,18123,04/06/2024 1:00:00 AM
04/05/2024,21,18163,04/06/2024 2:00:00 AM
04/05/2024,22,17563,04/06/2024 3:00:00 AM
04/05/2024,23,16649,04/06/2024 4:00:00 AM
04/05/2024,24,15838,04/06/2024 5:00:00 AM
04/06/2024,1,15054,04/06/2024 6:00:00 AM
04/06/2024,2,14628,04/06/2024 7:00:00 AM
04/06/2024,3,14298,04/06/2024 8:00:00 AM
04/06/2024,4,14090,04/06/2024 9:00:00 AM
04/06/2024,5,14141,04/06/2024 10:00:00 AM
04/06/2024,6,14355,04/06/2024 11:00:00 AM
04/06/2024,7,14677,04/06/2024 12:00:00 PM
04/06/2024,8,15094,04/06/2024 1:00:00 PM
04/06/2024,9,15673,04/06/2024 2:00:00 PM
04/06/2024,10,15974,04/06/2024 3:00:00 PM
04/06/2024,11,16093,04/06/2024 4:00:00 PM
04/06/2024,12,16231,04/06/2024 5:00:00 PM
04/06/2024,13,16410,04/06/2024 6:00:00 PM
04/06/2024,14,16707,04/06/2024 7:00:00 PM
04/06/2024,15,16895,04/06/2024 8:00:00 PM
04/06/2024,16,17114,04/06/2024 9:00:00 PM
04/06/2024,17,17272,04/06/2024 10:00:00 PM
04/06/2024,18,17308,04/06/2024 11:00:00 PM
04/06/2024,19,17238,04/07/2024 12:00:00 AM
04/06/2024,20,17192,04/07/2024 1:00:00 AM
04/06/2024,21,17462,04/07/2024 2:00:00 AM
04/06/2024,22,17179,04/07/2024 3:00:00 AM
04/06/2024,23,16493,04/07/2024 4:00:00 AM
04/06/2024,24,15764,04/07/2024 5:00:00 AM
04/07/2024,1,15118,04/07/2024 6:00:00 AM
04/07/2024,2,14631,04/07/2024 7:00:00 AM
04/07/2024,3,14355,04/07/2024 8:00:00 AM
04/07/2024,4,14161,04/07/2024 9:00:00 AM
04/07/2024,5,14137,04/07/2024 10:00:00 AM
04/07/2024,6,14317,04/07/2024 11:00:00 AM
04/07/2024,7,14471,04/07/2024 12:00:00 PM
04/07/2024,8,14726,04/07/2024 1:00:00 PM
04/07/2024,9,15236,04/07/2024 2:00:00 PM
04/07/2024,10,15987,04/07/2024 3:00:00 PM
04/07/2024,11,16443,04/07/2024 4:00:00 PM
04/07/2024,12,16920,04/07/2024 5:00:00 PM
04/07/2024,13,17594,04/07/2024 6:00:00 PM
04/07/2024,14,17983,04/07/2024 7:00:00 PM
04/07/2024,15,18299,04/07/2024 8:00:00 PM
04/07/2024,16,18511,04/07/2024 9:00:00 PM
04/07/2024,17,18680,04/07/2024 10:00:00 PM
04/07/2024,18,18831,04/07/2024 11:00:00 PM
04/07/2024,19,18707,04/08/2024 12:00:00 AM
04/07/2024,20,18723,04/08/2024 1:00:00 AM
04/07/2024,21,18945,04/08/2024 2:00:00 AM
04/07/2024,22,18428,04/08/2024 3:00:00 AM
04/07/2024,23,17494,04/08/2024 4:00:00 AM
04/07/2024,24,16487,04/08/2024 5:00:00 AM
04/08/2024,1,15658,04/08/2024 6:00:00 AM
04/08/2024,2,15140,04/08/2024 7:00:00 AM
04/08/2024,3,14798,04/08/2024 8:00:00 AM
04/08/2024,4,14687,04/08/2024 9:00:00 AM
04/08/2024,5,14895,04/08/2024 10:00:00 AM
04/08/2024,6,15436,04/08/2024 11:00:00 AM
04/08/2024,7,16398,04/08/2024 12:00:00 PM
04/08/2024,8,16772,04/08/2024 1:00:00 PM
04/08/2024,9,17078,04/08/2024 2:00:00 PM
04/08/2024,10,17426,04/08/2024 3:00:00 PM
04/08/2024,11,17760,04/08/2024 4:00:00 PM
04/08/2024,12,18094,04/08/2024 5:00:00 PM
04/08/2024,13,18256,04/08/2024 6:00:00 PM
04/08/2024,14,18209,04/08/2024 7:00:00 PM
04/08/2024,15,18030,04/08/2024 8:00:00 PM
04/08/2024,16,18180,04/08/2024 9:00:00 PM
04/08/2024,17,18259,04/08/2024 10:00:00 PM
04/08/2024,18,18456,04/08/2024 11:00:00 PM
04/08/2024,19,18650,04/09/2024 12:00:00 AM
04/08/2024,20,18759,04/09/2024 1:00:00 AM
04/08/2024,21,18876,04/09/2024 2:00:00 AM
04/08/2024,22,18304,04/09/2024 3:00:00 AM
04/08/2024,23,17471,04/09/2024 4:00:00 AM
04/08/2024,24,16479,04/09/2024 5:00:00 AM
04/09/2024,1,15778,04/09/2024 6:00:00 AM
04/09/2024,2,15314,04/09/2024 7:00:00 AM
04/09/2024,3,14994,04/09/2024 8:00:00 AM
04/09/2024,4,14844,04/09/2024 9:00:00 AM
04/09/2024,5,14872,04/09/2024 10:00:00 AM
04/09/2024,6,15434,04/09/2024 11:00:00 AM
04/09/2024,7,16538,04/09/2024 12:00:00 PM
04/09/2024,8,16858,04/09/2024 1:00:00 PM
04/09/2024,9,17071,04/09/2024 2:00:00 PM
04/09/2024,10,17519,04/09/2024 3:00:00 PM
04/09/2024,11,17835,04/09/2024 4:00:00 PM
04/09/2024,12,17983,04/09/2024 5:00:00 PM
04/09/2024,13,18162,04/09/2024 6:00:00 PM
04/09/2024,14,18331,04/09/2024 7:00:00 PM
04/09/2024,15,18370,04/09/2024 8:00:00 PM
04/09/2024,16,18375,04/09/2024 9:00:00 PM
04/09/2024,17,18411,04/09/2024 10:00:00 PM
04/09/2024,18,18583,04/09/2024 11:00:00 PM
04/09/2024,19,18567,04/10/2024 12:00:00 AM
04/09/2024,20,18691,04/10/2024 1:00:00 AM
04/09/2024,21,18825,04/10/2024 2:00:00 AM
04/09/2024,22,18323,04/10/2024 3:00:00 AM
04/09/2024,23,17529,04/10/2024 4:00:00 AM
04/09/2024,24,16674,04/10/2024 5:00:00 AM
04/10/2024,1,15960,04/10/2024 6:00:00 AM
04/10/2024,2,15482,04/10/2024 7:00:00 AM
04/10/2024,3,15129,04/10/2024 8:00:00 AM
04/10/2024,4,14990,04/10/2024 9:00:00 AM
04/10/2024,5,15071,04/10/2024 10:00:00 AM
04/10/2024,6,15408,04/10/2024 11:00:00 AM
04/10/2024,7,15962,04/10/2024 12:00:00 PM
04/10/2024,8,16367,04/10/2024 1:00:00 PM
04/10/2024,9,16542,04/10/2024 2:00:00 PM
04/10/2024,10,16655,04/10/2024 3:00:00 PM
04/10/2024,11,16659,04/10/2024 4:00:00 PM
04/10/2024,12,16831,04/10/2024 5:00:00 PM
04/10/2024,13,16830,04/10/2024 6:00:00 PM
04/10/2024,14,16920,04/10/2024 7:00:00 PM
04/10/2024,15,17030,04/10/2024 8:00:00 PM
04/10/2024,16,17298,04/10/2024 9:00:00 PM
04/10/2024,17,17566,04/10/2024 10:00:00 PM
04/10/2024,18,17599,04/10/2024 11:00:00 PM
04/10/2024,19,17548,04/11/2024 12:00:00 AM
04/10/2024,20,17605,04/11/2024 1:00:00 AM
04/10/2024,21,17812,04/11/2024 2:00:00 AM
04/10/2024,22,17394,04/11/2024 3:00:00 AM
04/10/2024,23,16592,04/11/2024 4:00:00 AM
04/10/2024,24,15596,04/11/2024 5:00:00 AM
04/11/2024,1,14897,04/11/2024 6:00:00 AM
04/11/2024,2,14464,04/11/2024 7:00:00 AM
04/11/2024,3,14105,04/11/2024 8:00:00 AM
04/11/2024,4,13939,04/11/2024 9:00:00 AM
04/11/2024,5,14000,04/11/2024 10:00:00 AM
04/11/2024,6,14548,04/11/2024 11:00:00 AM
04/11/2024,7,15634,04/11/2024 12:00:00 PM
04/11/2024,8,15965,04/11/2024 1:00:00 PM
04/11/2024,9,15979,04/11/2024 2:00:00 PM
04/11/2024,10,16149,04/11/2024 3:00:00 PM
04/11/2024,11,16259,04/11/2024 4:00:00 PM
04/11/2024,12,16222,04/11/2024 5:00:00 PM
04/11/2024,13,16264,04/11/2024 6:00:00 PM
04/11/2024,14,16355,04/11/2024 7:00:00 PM
04/11/2024,15,16449,04/11/2024 8:00:00 PM
04/11/2024,16,16684,04/11/2024 9:00:00 PM
04/11/2024,17,16914,04/11/2024 10:00:00 PM
04/11/2024,18,17136,04/11/2024 11:00:00 PM
04/11/2024,19,17228,04/12/2024 12:00:00 AM
04/11/2024,20,17162,04/12/2024 1:00:00 AM
04/11/2024,21,17562,04/12/2024 2:00:00 AM
04/11/2024,22,17085,04/12/2024 3:00:00 AM
04/11/2024,23,16135,04/12/2024 4:00:00 AM
04/11/2024,24,15186,04/12/2024 5:00:00 AM
04/12/2024,1,14566,04/12/2024 6:00:00 AM
04/12/2024,2,14220,04/12/2024 7:00:00 AM
04/12/2024,3,14100,04/12/2024 8:00:00 AM
04/12/2024,4,14080,04/12/2024 9:00:00 AM
04/12/2024,5,14268,04/12/2024 10:00:00 AM
04/12/2024,6,14952,04/12/2024 11:00:00 AM
04/12/2024,7,16257,04/12/2024 12:00:00 PM
04/12/2024,8,16683,04/12/2024 1:00:00 PM
04/12/2024,9,16604,04/12/2024 2:00:00 PM
04/12/2024,10,16586,04/12/2024 3:00:00 PM
04/12/2024,11,16495,04/12/2024 4:00:00 PM
04/12/2024,12,16511,04/12/2024 5:00:00 PM
04/12/2024,13,16572,04/12/2024 6:00:00 PM
04/12/2024,14,16751,04/12/2024 7:00:00 PM
04/12/2024,15,17152,04/12/2024 8:00:00 PM
04/12/2024,16,17580,04/12/2024 9:00:00 PM
04/12/2024,17,17914,04/12/2024 10:00:00 PM
04/12/2024,18,18121,04/12/2024 11:00:00 PM
04/12/2024,19,18064,04/13/2024 12:00:00 AM
04/12/2024,20,17725,04/13/2024 1:00:00 AM
04/12/2024,21,17632,04/13/2024 2:00:00 AM
04/12/2024,22,17038,04/13/2024 3:00:00 AM
04/12/2024,23,16360,04/13/2024 4:00:00 AM
04/12/2024,24,15465,04/13/2024 5:00:00 AM
04/13/2024,1,14833,04/13/2024 6:00:00 AM
04/13/2024,2,14307,04/13/2024 7:00:00 AM
04/13/2024,3,14055,04/13/2024 8:00:00 AM
04/13/2024,4,13996,04/13/2024 9:00:00 AM
04/13/2024,5,14028,04/13/2024 10:00:00 AM
04/13/2024,6,14258,04/13/2024 11:00:00 AM
04/13/2024,7,14696,04/13/2024 12:00:00 PM
04/13/2024,8,15013,04/13/2024 1:00:00 PM
04/13/2024,9,15479,04/13/2024 2:00:00 PM
04/13/2024,10,15825,04/13/2024 3:00:00 PM
04/13/2024,11,16065,04/13/2024 4:00:00 PM
04/13/2024,12,16344,04/13/2024 5:00:00 PM
04/13/2024,13,16786,04/13/2024 6:00:00 PM
04/13/2024,14,17327,04/13/2024 7:00:00 PM
04/13/2024,15,17730,04/13/2024 8:00:00 PM
04/13/2024,16,18297,04/13/2024 9:00:00 PM
04/13/2024,17,18789,04/13/2024 10:00:00 PM
04/13/2024,18,18961,04/13/2024 11:00:00 PM
04/13/2024,19,18719,04/14/2024 12:00:00 AM
04/13/2024,20,18246,04/14/2024 1:00:00 AM
04/13/2024,21,18010,04/14/2024 2:00:00 AM
04/13/2024,22,17328,04/14/2024 3:00:00 AM
04/13/2024,23,16667,04/14/2024 4:00:00 AM
04/13/2024,24,15829,04/14/2024 5:00:00 AM
04/14/2024,1,14979,04/14/2024 6:00:00 AM
04/14/2024,2,14530,04/14/2024 7:00:00 AM
04/14/2024,3,14150,04/14/2024 8:00:00 AM
04/14/2024,4,14081,04/14/2024 9:00:00 AM
04/14/2024,5,13916,04/14/2024 10:00:00 AM
04/14/2024,6,13974,04/14/2024 11:00:00 AM
04/14/2024,7,14195,04/14/2024 12:00:00 PM
04/14/2024,8,14478,04/14/2024 1:00:00 PM
04/14/2024,9,15084,04/14/2024 2:00:00 PM
04/14/2024,10,15712,04/14/2024 3:00:00 PM
04/14/2024,11,16204,04/14/2024 4:00:00 PM
04/14/2024,12,16753,04/14/2024 5:00:00 PM
04/14/2024,13,17469,04/14/2024 6:00:00 PM
04/14/2024,14,18104,04/14/2024 7:00:00 PM
04/14/2024,15,18588,04/14/2024 8:00:00 PM
04/14/2024,16,19080,04/14/2024 9:00:00 PM
04/14/2024,17,19546,04/14/2024 10:00:00 PM
04/14/2024,18,19732,04/14/2024 11:00:00 PM
04/14/2024,19,19551,04/15/2024 12:00:00 AM
04/14/2024,20,19216,04/15/2024 1:00:00 AM
04/14/2024,21,19287,04/15/2024 2:00:00 AM
04/14/2024,22,18768,04/15/2024 3:00:00 AM
04/14/2024,23,17590,04/15/2024 4:00:00 AM
04/14/2024,24,16464,04/15/2024 5:00:00 AM
04/15/2024,1,15609,04/15/2024 6:00:00 AM
04/15/2024,2,15073,04/15/2024 7:00:00 AM
04/15/2024,3,14656,04/15/2024 8:00:00 AM
04/15/2024,4,14518,04/15/2024 9:00:00 AM
04/15/2024,5,14436,04/15/2024 10:00:00 AM
04/15/2024,6,15051,04/15/2024 11:00:00 AM
04/15/2024,7,16045,04/15/2024 12:00:00 PM
04/15/2024,8,16417,04/15/2024 1:00:00 PM
04/15/2024,9,16660,04/15/2024 2:00:00 PM
04/15/2024,10,17337,04/15/2024 3:00:00 PM
04/15/2024,11,17980,04/15/2024 4:00:00 PM
04/15/2024,12,18468,04/15/2024 5:00:00 PM
04/15/2024,13,19063,04/15/2024 6:00:00 PM
04/15/2024,14,19858,04/15/2024 7:00:00 PM
04/15/2024,15,20346,04/15/2024 8:00:00 PM
04/15/2024,16,20764,04/15/2024 9:00:00 PM
04/15/2024,17,20835,04/15/2024 10:00:00 PM
04/15/2024,18,20788,04/15/2024 11:00:00 PM
04/15/2024,19,20483,04/16/2024 12:00:00 AM
04/15/2024,20,20260,04/16/2024 1:00:00 AM
04/15/2024,21,20329,04/16/2024 2:00:00 AM
04/15/2024,22,19704,04/16/2024 3:00:00 AM
04/15/2024,23,18599,04/16/2024 4:00:00 AM
04/15/2024,24,17414,04/16/2024 5:00:00 AM
04/16/2024,1,16512,04/16/2024 6:00:00 AM
04/16/2024,2,15926,04/16/2024 7:00:00 AM
04/16/2024,3,15610,04/16/2024 8:00:00 AM
04/16/2024,4,15451,04/16/2024 9:00:00 AM
04/16/2024,5,15483,04/16/2024 10:00:00 AM
04/16/2024,6,15978,04/16/2024 11:00:00 AM
04/16/2024,7,16923,04/16/2024 12:00:00 PM
04/16/2024,8,17130,04/16/2024 1:00:00 PM
04/16/2024,9,17387,04/16/2024 2:00:00 PM
04/16/2024,10,17815,04/16/2024 3:00:00 PM
04/16/2024,11,18433,04/16/2024 4:00:00 PM
04/16/2024,12,19162,04/16/2024 5:00:00 PM
04/16/2024,13,19776,04/16/2024 6:00:00 PM
04/16/2024,14,20399,04/16/2024 7:00:00 PM
04/16/2024,15,20767,04/16/2024 8:00:00 PM
04/16/2024,16,21031,04/16/2024 9:00:00 PM
04/16/2024,17,21110,04/16/2024 10:00:00 PM
04/16/2024,18,21060,04/16/2024 11:00:00 PM
04/16/2024,19,20659,04/17/2024 12:00:00 AM
04/16/2024,20,20526,04/17/2024 1:00:00 AM
04/16/2024,21,20630,04/17/2024 2:00:00 AM
04/16/2024,22,19944,04/17/2024 3:00:00 AM
04/16/2024,23,18891,04/17/2024 4:00:00 AM
04/16/2024,24,17711,04/17/2024 5:00:00 AM
04/17/2024,1,16920,04/17/2024 6:00:00 AM
04/17/2024,2,16286,04/17/2024 7:00:00 AM
04/17/2024,3,15961,04/17/2024 8:00:00 AM
04/17/2024,4,15766,04/17/2024 9:00:00 AM
04/17/2024,5,15718,04/17/2024 10:00:00 AM
04/17/2024,6,16194,04/17/2024 11:00:00 AM
04/17/2024,7,17107,04/17/2024 12:00:00 PM
04/17/2024,8,17333,04/17/2024 1:00:00 PM
04/17/2024,9,17545,04/17/2024 2:00:00 PM
04/17/2024,10,17866,04/17/2024 3:00:00 PM
04/17/2024,11,18375,04/17/2024 4:00:00 PM
04/17/2024,12,18863,04/17/2024 5:00:00 PM
04/17/2024,13,19320,04/17/2024 6:00:00 PM
04/17/2024,14,20016,04/17/2024 7:00:00 PM
04/17/2024,15,20364,04/17/2024 8:00:00 PM
04/17/2024,16,20554,04/17/2024 9:00:00 PM
04/17/2024,17,20624,04/17/2024 10:00:00 PM
04/17/2024,18,20715,04/17/2024 11:00:00 PM
04/17/2024,19,20544,04/18/2024 12:00:00 AM
04/17/2024,20,20361,04/18/2024 1:00:00 AM
04/17/2024,21,20577,04/18/2024 2:00:00 AM
04/17/2024,22,20010,04/18/2024 3:00:00 AM
04/17/2024,23,18809,04/18/2024 4:00:00 AM
04/17/2024,24,17620,04/18/2024 5:00:00 AM
04/18/2024,1,16702,04/18/2024 6:00:00 AM
04/18/2024,2,16086,04/18/2024 7:00:00 AM
04/18/2024,3,15740,04/18/2024 8:00:00 AM
04/18/2024,4,15622,04/18/2024 9:00:00 AM
04/18/2024,5,15713,04/18/2024 10:00:00 AM
04/18/2024,6,16243,04/18/2024 11:00:00 AM
04/18/2024,7,17377,04/18/2024 12:00:00 PM
04/18/2024,8,17716,04/18/2024 1:00:00 PM
04/18/2024,9,17926,04/18/2024 2:00:00 PM
04/18/2024,10,18313,04/18/2024 3:00:00 PM
04/18/2024,11,18946,04/18/2024 4:00:00 PM
04/18/2024,12,19516,04/18/2024 5:00:00 PM
04/18/2024,13,19975,04/18/2024 6:00:00 PM
04/18/2024,14,20408,04/18/2024 7:00:00 PM
04/18/2024,15,20756,04/18/2024 8:00:00 PM
04/18/2024,16,21013,04/18/2024 9:00:00 PM
04/18/2024,17,21275,04/18/2024 10:00:00 PM
04/18/2024,18,21195,04/18/2024 11:00:00 PM
04/18/2024,19,20919,04/19/2024 12:00:00 AM
04/18/2024,20,20790,04/19/2024 1:00:00 AM
04/18/2024,21,20745,04/19/2024 2:00:00 AM
04/18/2024,22,20109,04/19/2024 3:00:00 AM
04/18/2024,23,19023,04/19/2024 4:00:00 AM
04/18/2024,24,17802,04/19/2024 5:00:00 AM
04/19/2024,1,16918,04/19/2024 6:00:00 AM
04/19/2024,2,16202,04/19/2024 7:00:00 AM
04/19/2024,3,15798,04/19/2024 8:00:00 AM
04/19/2024,4,15562,04/19/2024 9:00:00 AM
04/19/2024,5,15618,04/19/2024 10:00:00 AM
04/19/2024,6,16079,04/19/2024 11:00:00 AM
04/19/2024,7,16851,04/19/2024 12:00:00 PM
04/19/2024,8,17175,04/19/2024 1:00:00 PM
04/19/2024,9,17471,04/19/2024 2:00:00 PM
04/19/2024,10,17897,04/19/2024 3:00:00 PM
04/19/2024,11,18587,04/19/2024 4:00:00 PM
04/19/2024,12,19222,04/19/2024 5:00:00 PM
04/19/2024,13,19864,04/19/2024 6:00:00 PM
04/19/2024,14,20505,04/19/2024 7:00:00 PM
04/19/2024,15,20949,04/19/2024 8:00:00 PM
04/19/2024,16,21100,04/19/2024 9:00:00 PM
04/19/2024,17,21163,04/19/2024 10:00:00 PM
04/19/2024,18,20906,04/19/2024 11:00:00 PM
04/19/2024,19,20385,04/20/2024 12:00:00 AM
04/19/2024,20,19968,04/20/2024 1:00:00 AM
04/19/2024,21,19885,04/20/2024 2:00:00 AM
04/19/2024,22,19309,04/20/2024 3:00:00 AM
04/19/2024,23,18457,04/20/2024 4:00:00 AM
04/19/2024,24,17411,04/20/2024 5:00:00 AM
04/20/2024,1,16451,04/20/2024 6:00:00 AM
04/20/2024,2,15820,04/20/2024 7:00:00 AM
04/20/2024,3,15528,04/20/2024 8:00:00 AM
04/20/2024,4,15257,04/20/2024 9:00:00 AM
04/20/2024,5,15191,04/20/2024 10:00:00 AM
04/20/2024,6,15255,04/20/2024 11:00:00 AM
04/20/2024,7,15364,04/20/2024 12:00:00 PM
04/20/2024,8,15667,04/20/2024 1:00:00 PM
04/20/2024,9,16324,04/20/2024 2:00:00 PM
04/20/2024,10,17058,04/20/2024 3:00:00 PM
04/20/2024,11,17849,04/20/2024 4:00:00 PM
04/20/2024,12,18445,04/20/2024 5:00:00 PM
04/20/2024,13,18996,04/20/2024 6:00:00 PM
04/20/2024,14,19225,04/20/2024 7:00:00 PM
04/20/2024,15,19351,04/20/2024 8:00:00 PM
04/20/2024,16,19377,04/20/2024 9:00:00 PM
04/20/2024,17,19168,04/20/2024 10:00:00 PM
04/20/2024,18,18980,04/20/2024 11:00:00 PM
04/20/2024,19,18424,04/21/2024 12:00:00 AM
04/20/2024,20,17979,04/21/2024 1:00:00 AM
04/20/2024,21,18079,04/21/2024 2:00:00 AM
04/20/2024,22,17596,04/21/2024 3:00:00 AM
04/20/2024,23,16781,04/21/2024 4:00:00 AM
04/20/2024,24,16075,04/21/2024 5:00:00 AM
04/21/2024,1,15341,04/21/2024 6:00:00 AM
04/21/2024,2,14825,04/21/2024 7:00:00 AM
04/21/2024,3,14473,04/21/2024 8:00:00 AM
04/21/2024,4,14166,04/21/2024 9:00:00 AM
04/21/2024,5,14032,04/21/2024 10:00:00 AM
04/21/2024,6,14124,04/21/2024 11:00:00 AM
04/21/2024,7,14396,04/21/2024 12:00:00 PM
04/21/2024,8,14754,04/21/2024 1:00:00 PM
04/21/2024,9,15209,04/21/2024 2:00:00 PM
04/21/2024,10,15456,04/21/2024 3:00:00 PM
04/21/2024,11,15682,04/21/2024 4:00:00 PM
04/21/2024,12,15634,04/21/2024 5:00:00 PM
04/21/2024,13,15666,04/21/2024 6:00:00 PM
04/21/2024,14,15708,04/21/2024 7:00:00 PM
04/21/2024,15,15829,04/21/2024 8:00:00 PM
04/21/2024,16,15975,04/21/2024 9:00:00 PM
04/21/2024,17,16306,04/21/2024 10:00:00 PM
04/21/2024,18,16574,04/21/2024 11:00:00 PM
04/21/2024,19,16655,04/22/2024 12:00:00 AM
04/21/2024,20,16604,04/22/2024 1:00:00 AM
04/21/2024,21,17150,04/22/2024 2:00:00 AM
04/21/2024,22,16923,04/22/2024 3:00:00 AM
04/21/2024,23,16039,04/22/2024 4:00:00 AM
04/21/2024,24,15081,04/22/2024 5:00:00 AM
04/22/2024,1,14454,04/22/2024 6:00:00 AM
04/22/2024,2,14227,04/22/2024 7:00:00 AM
04/22/2024,3,14104,04/22/2024 8:00:00 AM
04/22/2024,4,14233,04/22/2024 9:00:00 AM
04/22/2024,5,14510,04/22/2024 10:00:00 AM
04/22/2024,6,15386,04/22/2024 11:00:00 AM
04/22/2024,7,16641,04/22/2024 12:00:00 PM
04/22/2024,8,17219,04/22/2024 1:00:00 PM
04/22/2024,9,16979,04/22/2024 2:00:00 PM
04/22/2024,10,16644,04/22/2024 3:00:00 PM
04/22/2024,11,16523,04/22/2024 4:00:00 PM
04/22/2024,12,16204,04/22/2024 5:00:00 PM
04/22/2024,13,16138,04/22/2024 6:00:00 PM
04/22/2024,14,16273,04/22/2024 7:00:00 PM
04/22/2024,15,16312,04/22/2024 8:00:00 PM
04/22/2024,16,16586,04/22/2024 9:00:00 PM
04/22/2024,17,17001,04/22/2024 10:00:00 PM
04/22/2024,18,17262,04/22/2024 11:00:00 PM
04/22/2024,19,17384,04/23/2024 12:00:00 AM
04/22/2024,20,17310,04/23/2024 1:00:00 AM
04/22/2024,21,17599,04/23/2024 2:00:00 AM
04/22/2024,22,17134,04/23/2024 3:00:00 AM
04/22/2024,23,16079,04/23/2024 4:00:00 AM
04/22/2024,24,15165,04/23/2024 5:00:00 AM
04/23/2024,1,14615,04/23/2024 6:00:00 AM
04/23/2024,2,14209,04/23/2024 7:00:00 AM
04/23/2024,3,14104,04/23/2024 8:00:00 AM
04/23/2024,4,14127,04/23/2024 9:00:00 AM
04/23/2024,5,14371,04/23/2024 10:00:00 AM
04/23/2024,6,15106,04/23/2024 11:00:00 AM
04/23/2024,7,16380,04/23/2024 12:00:00 PM
04/23/2024,8,16809,04/23/2024 1:00:00 PM
04/23/2024,9,16536,04/23/2024 2:00:00 PM
04/23/2024,10,16318,04/23/2024 3:00:00 PM
04/23/2024,11,16329,04/23/2024 4:00:00 PM
04/23/2024,12,16332,04/23/2024 5:00:00 PM
04/23/2024,13,16433,04/23/2024 6:00:00 PM
04/23/2024,14,16827,04/23/2024 7:00:00 PM
04/23/2024,15,17206,04/23/2024 8:00:00 PM
04/23/2024,16,17597,04/23/2024 9:00:00 PM
04/23/2024,17,18028,04/23/2024 10:00:00 PM
04/23/2024,18,18276,04/23/2024 11:00:00 PM
04/23/2024,19,18326,04/24/2024 12:00:00 AM
04/23/2024,20,18152,04/24/2024 1:00:00 AM
04/23/2024,21,18334,04/24/2024 2:00:00 AM
04/23/2024,22,17874,04/24/2024 3:00:00 AM
04/23/2024,23,16830,04/24/2024 4:00:00 AM
04/23/2024,24,15733,04/24/2024 5:00:00 AM
04/24/2024,1,15002,04/24/2024 6:00:00 AM
04/24/2024,2,14617,04/24/2024 7:00:00 AM
04/24/2024,3,14285,04/24/2024 8:00:00 AM
04/24/2024,4,14194,04/24/2024 9:00:00 AM
04/24/2024,5,14307,04/24/2024 10:00:00 AM
04/24/2024,6,14764,04/24/2024 11:00:00 AM
04/24/2024,7,15751,04/24/2024 12:00:00 PM
04/24/2024,8,16064,04/24/2024 1:00:00 PM
04/24/2024,9,16176,04/24/2024 2:00:00 PM
04/24/2024,10,16560,04/24/2024 3:00:00 PM
04/24/2024,11,17039,04/24/2024 4:00:00 PM
04/24/2024,12,17684,04/24/2024 5:00:00 PM
04/24/2024,13,18244,04/24/2024 6:00:00 PM
04/24/2024,14,19038,04/24/2024 7:00:00 PM
04/24/2024,15,19603,04/24/2024 8:00:00 PM
04/24/2024,16,20041,04/24/2024 9:00:00 PM
04/24/2024,17,20374,04/24/2024 10:00:00 PM
04/24/2024,18,20388,04/24/2024 11:00:00 PM
04/24/2024,19,20153,04/25/2024 12:00:00 AM
04/24/2024,20,19679,04/25/2024 1:00:00 AM
04/24/2024,21,19687,04/25/2024 2:00:00 AM
04/24/2024,22,19014,04/25/2024 3:00:00 AM
04/24/2024,23,17707,04/25/2024 4:00:00 AM
04/24/2024,24,16430,04/25/2024 5:00:00 AM
04/25/2024,1,15519,04/25/2024 6:00:00 AM
04/25/2024,2,14915,04/25/2024 7:00:00 AM
04/25/2024,3,14534,04/25/2024 8:00:00 AM
04/25/2024,4,14254,04/25/2024 9:00:00 AM
04/25/2024,5,14415,04/25/2024 10:00:00 AM
04/25/2024,6,14965,04/25/2024 11:00:00 AM
04/25/2024,7,15863,04/25/2024 12:00:00 PM
04/25/2024,8,16277,04/25/2024 1:00:00 PM
04/25/2024,9,16582,04/25/2024 2:00:00 PM
04/25/2024,10,17138,04/25/2024 3:00:00 PM
04/25/2024,11,17703,04/25/2024 4:00:00 PM
04/25/2024,12,18330,04/25/2024 5:00:00 PM
04/25/2024,13,18881,04/25/2024 6:00:00 PM
04/25/2024,14,19464,04/25/2024 7:00:00 PM
04/25/2024,15,20003,04/25/2024 8:00:00 PM
04/25/2024,16,20369,04/25/2024 9:00:00 PM
04/25/2024,17,20636,04/25/2024 10:00:00 PM
04/25/2024,18,20561,04/25/2024 11:00:00 PM
04/25/2024,19,20285,04/26/2024 12:00:00 AM
04/25/2024,20,19889,04/26/2024 1:00:00 AM
04/25/2024,21,19875,04/26/2024 2:00:00 AM
04/25/2024,22,19321,04/26/2024 3:00:00 AM
04/25/2024,23,18246,04/26/2024 4:00:00 AM
04/25/2024,24,17077,04/26/2024 5:00:00 AM
04/26/2024,1,16170,04/26/2024 6:00:00 AM
04/26/2024,2,15624,04/26/2024 7:00:00 AM
04/26/2024,3,15226,04/26/2024 8:00:00 AM
04/26/2024,4,15146,04/26/2024 9:00:00 AM
04/26/2024,5,15259,04/26/2024 10:00:00 AM
04/26/2024,6,15696,04/26/2024 11:00:00 AM
04/26/2024,7,16537,04/26/2024 12:00:00 PM
04/26/2024,8,16929,04/26/2024 1:00:00 PM
04/26/2024,9,17306,04/26/2024 2:00:00 PM
04/26/2024,10,17987,04/26/2024 3:00:00 PM
04/26/2024,11,18521,04/26/2024 4:00:00 PM
04/26/2024,12,19232,04/26/2024 5:00:00 PM
04/26/2024,13,19840,04/26/2024 6:00:00 PM
04/26/2024,14,20407,04/26/2024 7:00:00 PM
04/26/2024,15,20817,04/26/2024 8:00:00 PM
04/26/2024,16,21012,04/26/2024 9:00:00 PM
04/26/2024,17,21215,04/26/2024 10:00:00 PM
04/26/2024,18,21019,04/26/2024 11:00:00 PM
04/26/2024,19,20500,04/27/2024 12:00:00 AM
04/26/2024,20,19963,04/27/2024 1:00:00 AM
04/26/2024,21,20008,04/27/2024 2:00:00 AM
04/26/2024,22,19633,04/27/2024 3:00:00 AM
04/26/2024,23,18805,04/27/2024 4:00:00 AM
04/26/2024,24,17873,04/27/2024 5:00:00 AM
04/27/2024,1,17052,04/27/2024 6:00:00 AM
04/27/2024,2,16415,04/27/2024 7:00:00 AM
04/27/2024,3,16116,04/27/2024 8:00:00 AM
04/27/2024,4,15805,04/27/2024 9:00:00 AM
04/27/2024,5,15642,04/27/2024 10:00:00 AM
04/27/2024,6,15674,04/27/2024 11:00:00 AM
04/27/2024,7,15885,04/27/2024 12:00:00 PM
04/27/2024,8,16049,04/27/2024 1:00:00 PM
04/27/2024,9,17047,04/27/2024 2:00:00 PM
04/27/2024,10,17994,04/27/2024 3:00:00 PM
04/27/2024,11,18731,04/27/2024 4:00:00 PM
04/27/2024,12,19446,04/27/2024 5:00:00 PM
04/27/2024,13,20027,04/27/2024 6:00:00 PM
04/27/2024,14,20511,04/27/2024 7:00:00 PM
04/27/2024,15,20845,04/27/2024 8:00:00 PM
04/27/2024,16,21061,04/27/2024 9:00:00 PM
04/27/2024,17,21148,04/27/2024 10:00:00 PM
04/27/2024,18,21070,04/27/2024 11:00:00 PM
04/27/2024,19,20703,04/28/2024 12:00:00 AM
04/27/2024,20,20139,04/28/2024 1:00:00 AM
04/27/2024,21,19983,04/28/2024 2:00:00 AM
04/27/2024,22,19587,04/28/2024 3:00:00 AM
04/27/2024,23,18732,04/28/2024 4:00:00 AM
04/27/2024,24,17875,04/28/2024 5:00:00 AM
04/28/2024,1,17042,04/28/2024 6:00:00 AM
04/28/2024,2,16509,04/28/2024 7:00:00 AM
04/28/2024,3,16038,04/28/2024 8:00:00 AM
04/28/2024,4,15656,04/28/2024 9:00:00 AM
04/28/2024,5,15370,04/28/2024 10:00:00 AM
04/28/2024,6,15481,04/28/2024 11:00:00 AM
04/28/2024,7,15476,04/28/2024 12:00:00 PM
04/28/2024,8,15815,04/28/2024 1:00:00 PM
04/28/2024,9,16661,04/28/2024 2:00:00 PM
04/28/2024,10,17462,04/28/2024 3:00:00 PM
04/28/2024,11,18223,04/28/2024 4:00:00 PM
04/28/2024,12,18868,04/28/2024 5:00:00 PM
04/28/2024,13,19545,04/28/2024 6:00:00 PM
04/28/2024,14,20017,04/28/2024 7:00:00 PM
04/28/2024,15,20334,04/28/2024 8:00:00 PM
04/28/2024,16,20530,04/28/2024 9:00:00 PM
04/28/2024,17,20659,04/28/2024 10:00:00 PM
04/28/2024,18,20579,04/28/2024 11:00:00 PM
04/28/2024,19,20418,04/29/2024 12:00:00 AM
04/28/2024,20,20204,04/29/2024 1:00:00 AM
04/28/2024,21,20349,04/29/2024 2:00:00 AM
04/28/2024,22,20012,04/29/2024 3:00:00 AM
04/28/2024,23,19099,04/29/2024 4:00:00 AM
04/28/2024,24,17896,04/29/2024 5:00:00 AM
04/29/2024,1,17022,04/29/2024 6:00:00 AM
04/29/2024,2,16485,04/29/2024 7:00:00 AM
04/29/2024,3,16041,04/29/2024 8:00:00 AM
04/29/2024,4,15784,04/29/2024 9:00:00 AM
04/29/2024,5,15788,04/29/2024 10:00:00 AM
04/29/2024,6,16111,04/29/2024 11:00:00 AM
04/29/2024,7,17012,04/29/2024 12:00:00 PM
04/29/2024,8,17289,04/29/2024 1:00:00 PM
04/29/2024,9,17496,04/29/2024 2:00:00 PM
04/29/2024,10,17857,04/29/2024 3:00:00 PM
04/29/2024,11,17937,04/29/2024 4:00:00 PM
04/29/2024,12,17935,04/29/2024 5:00:00 PM
04/29/2024,13,17988,04/29/2024 6:00:00 PM
04/29/2024,14,18163,04/29/2024 7:00:00 PM
04/29/2024,15,18380,04/29/2024 8:00:00 PM
04/29/2024,16,18838,04/29/2024 9:00:00 PM
04/29/2024,17,19041,04/29/2024 10:00:00 PM
04/29/2024,18,19187,04/29/2024 11:00:00 PM
04/29/2024,19,19089,04/30/2024 12:00:00 AM
04/29/2024,20,19165,04/30/2024 1:00:00 AM
04/29/2024,21,19223,04/30/2024 2:00:00 AM
04/29/2024,22,18595,04/30/2024 3:00:00 AM
04/29/2024,23,17551,04/30/2024 4:00:00 AM
04/29/2024,24,16476,04/30/2024 5:00:00 AM
04/30/2024,1,15817,04/30/2024 6:00:00 AM
04/30/2024,2,15223,04/30/2024 7:00:00 AM
04/30/2024,3,14928,04/30/2024 8:00:00 AM
04/30/2024,4,14732,04/30/2024 9:00:00 AM
04/30/2024,5,14752,04/30/2024 10:00:00 AM
04/30/2024,6,15249,04/30/2024 11:00:00 AM
04/30/2024,7,16083,04/30/2024 12:00:00 PM
04/30/2024,8,16427,04/30/2024 1:00:00 PM
04/30/2024,9,16898,04/30/2024 2:00:00 PM
04/30/2024,10,17379,04/30/2024 3:00:00 PM
04/30/2024,11,18143,04/30/2024 4:00:00 PM
04/30/2024,12,18975,04/30/2024 5:00:00 PM
04/30/2024,13,19879,04/30/2024 6:00:00 PM
04/30/2024,14,20858,04/30/2024 7:00:00 PM
04/30/2024,15,21754,04/30/2024 8:00:00 PM
04/30/2024,16,22566,04/30/2024 9:00:00 PM
04/30/2024,17,23157,04/30/2024 10:00:00 PM
04/30/2024,18,23323,04/30/2024 11:00:00 PM
04/30/2024,19,23039,05/01/2024 12:00:00 AM
04/30/2024,20,22132,05/01/2024 1:00:00 AM
04/30/2024,21,21503,05/01/2024 2:00:00 AM
04/30/2024,22,20723,05/01/2024 3:00:00 AM
04/30/2024,23,19153,05/01/2024 4:00:00 AM
04/30/2024,24,17682,05/01/2024 5:00:00 AM
05/01/2024,1,16628,05/01/2024 6:00:00 AM
05/01/2024,2,16012,05/01/2024 7:00:00 AM
05/01/2024,3,15552,05/01/2024 8:00:00 AM
05/01/2024,4,15357,05/01/2024 9:00:00 AM
05/01/2024,5,15259,05/01/2024 10:00:00 AM
05/01/2024,6,15807,05/01/2024 11:00:00 AM
05/01/2024,7,16465,05/01/2024 12:00:00 PM
05/01/2024,8,16948,05/01/2024 1:00:00 PM
05/01/2024,9,17406,05/01/2024 2:00:00 PM
05/01/2024,10,18259,05/01/2024 3:00:00 PM
05/01/2024,11,19229,05/01/2024 4:00:00 PM
05/01/2024,12,20245,05/01/2024 5:00:00 PM
05/01/2024,13,21304,05/01/2024 6:00:00 PM
05/01/2024,14,22230,05/01/2024 7:00:00 PM
05/01/2024,15,23186,05/01/2024 8:00:00 PM
05/01/2024,16,23765,05/01/2024 9:00:00 PM
05/01/2024,17,24169,05/01/2024 10:00:00 PM
05/01/2024,18,24120,05/01/2024 11:00:00 PM
05/01/2024,19,23686,05/02/2024 12:00:00 AM
05/01/2024,20,22925,05/02/2024 1:00:00 AM
05/01/2024,21,22601,05/02/2024 2:00:00 AM
05/01/2024,22,21640,05/02/2024 3:00:00 AM
05/01/2024,23,20373,05/02/2024 4:00:00 AM
05/01/2024,24,19007,05/02/2024 5:00:00 AM
05/02/2024,1,17973,05/02/2024 6:00:00 AM
05/02/2024,2,17271,05/02/2024 7:00:00 AM
05/02/2024,3,16815,05/02/2024 8:00:00 AM
05/02/2024,4,16444,05/02/2024 9:00:00 AM
05/02/2024,5,16573,05/02/2024 10:00:00 AM
05/02/2024,6,17034,05/02/2024 11:00:00 AM
05/02/2024,7,17713,05/02/2024 12:00:00 PM
05/02/2024,8,17981,05/02/2024 1:00:00 PM
05/02/2024,9,18303,05/02/2024 2:00:00 PM
05/02/2024,10,18981,05/02/2024 3:00:00 PM
05/02/2024,11,19469,05/02/2024 4:00:00 PM
05/02/2024,12,19913,05/02/2024 5:00:00 PM
05/02/2024,13,20073,05/02/2024 6:00:00 PM
05/02/2024,14,20335,05/02/2024 7:00:00 PM
05/02/2024,15,20264,05/02/2024 8:00:00 PM
05/02/2024,16,20166,05/02/2024 9:00:00 PM
05/02/2024,17,20240,05/02/2024 10:00:00 PM
05/02/2024,18,20275,05/02/2024 11:00:00 PM
05/02/2024,19,20231,05/03/2024 12:00:00 AM
05/02/2024,20,20136,05/03/2024 1:00:00 AM
05/02/2024,21,20363,05/03/2024 2:00:00 AM
05/02/2024,22,20158,05/03/2024 3:00:00 AM
05/02/2024,23,19067,05/03/2024 4:00:00 AM
05/02/2024,24,17974,05/03/2024 5:00:00 AM
05/03/2024,1,17091,05/03/2024 6:00:00 AM
05/03/2024,2,16514,05/03/2024 7:00:00 AM
05/03/2024,3,16176,05/03/2024 8:00:00 AM
05/03/2024,4,15990,05/03/2024 9:00:00 AM
05/03/2024,5,16027,05/03/2024 10:00:00 AM
05/03/2024,6,16517,05/03/2024 11:00:00 AM
05/03/2024,7,17212,05/03/2024 12:00:00 PM
05/03/2024,8,17538,05/03/2024 1:00:00 PM
05/03/2024,9,17901,05/03/2024 2:00:00 PM
05/03/2024,10,18169,05/03/2024 3:00:00 PM
05/03/2024,11,18318,05/03/2024 4:00:00 PM
05/03/2024,12,18193,05/03/2024 5:00:00 PM
05/03/2024,13,18337,05/03/2024 6:00:00 PM
05/03/2024,14,18447,05/03/2024 7:00:00 PM
05/03/2024,15,18469,05/03/2024 8:00:00 PM
05/03/2024,16,18906,05/03/2024 9:00:00 PM
05/03/2024,17,19355,05/03/2024 10:00:00 PM
05/03/2024,18,19455,05/03/2024 11:00:00 PM
05/03/2024,19,19319,05/04/2024 12:00:00 AM
05/03/2024,20,19063,05/04/2024 1:00:00 AM
05/03/2024,21,19112,05/04/2024 2:00:00 AM
05/03/2024,22,18691,05/04/2024 3:00:00 AM
05/03/2024,23,17997,05/04/2024 4:00:00 AM
05/03/2024,24,17139,05/04/2024 5:00:00 AM
05/04/2024,1,16272,05/04/2024 6:00:00 AM
05/04/2024,2,15617,05/04/2024 7:00:00 AM
05/04/2024,3,15291,05/04/2024 8:00:00 AM
05/04/2024,4,15062,05/04/2024 9:00:00 AM
05/04/2024,5,14937,05/04/2024 10:00:00 AM
05/04/2024,6,15067,05/04/2024 11:00:00 AM
05/04/2024,7,15167,05/04/2024 12:00:00 PM
05/04/2024,8,15480,05/04/2024 1:00:00 PM
05/04/2024,9,16384,05/04/2024 2:00:00 PM
05/04/2024,10,17425,05/04/2024 3:00:00 PM
05/04/2024,11,18277,05/04/2024 4:00:00 PM
05/04/2024,12,19241,05/04/2024 5:00:00 PM
05/04/2024,13,20086,05/04/2024 6:00:00 PM
05/04/2024,14,20931,05/04/2024 7:00:00 PM
05/04/2024,15,21603,05/04/2024 8:00:00 PM
05/04/2024,16,21932,05/04/2024 9:00:00 PM
05/04/2024,17,22028,05/04/2024 10:00:00 PM
05/04/2024,18,21786,05/04/2024 11:00:00 PM
05/04/2024,19,21238,05/05/2024 12:00:00 AM
05/04/2024,20,20654,05/05/2024 1:00:00 AM
05/04/2024,21,20281,05/05/2024 2:00:00 AM
05/04/2024,22,19745,05/05/2024 3:00:00 AM
05/04/2024,23,18762,05/05/2024 4:00:00 AM
05/04/2024,24,17788,05/05/2024 5:00:00 AM
05/05/2024,1,16878,05/05/2024 6:00:00 AM
05/05/2024,2,16228,05/05/2024 7:00:00 AM
05/05/2024,3,15711,05/05/2024 8:00:00 AM
05/05/2024,4,15494,05/05/2024 9:00:00 AM
05/05/2024,5,15307,05/05/2024 10:00:00 AM
05/05/2024,6,15362,05/05/2024 11:00:00 AM
05/05/2024,7,15248,05/05/2024 12:00:00 PM
05/05/2024,8,15604,05/05/2024 1:00:00 PM
05/05/2024,9,16498,05/05/2024 2:00:00 PM
05/05/2024,10,17415,05/05/2024 3:00:00 PM
05/05/2024,11,18141,05/05/2024 4:00:00 PM
05/05/2024,12,18633,05/05/2024 5:00:00 PM
05/05/2024,13,19214,05/05/2024 6:00:00 PM
05/05/2024,14,19927,05/05/2024 7:00:00 PM
05/05/2024,15,20274,05/05/2024 8:00:00 PM
05/05/2024,16,20406,05/05/2024 9:00:00 PM
05/05/2024,17,20577,05/05/2024 10:00:00 PM
05/05/2024,18,20599,05/05/2024 11:00:00 PM
05/05/2024,19,20313,05/06/2024 12:00:00 AM
05/05/2024,20,19939,05/06/2024 1:00:00 AM
05/05/2024,21,20237,05/06/2024 2:00:00 AM
05/05/2024,22,19737,05/06/2024 3:00:00 AM
05/05/2024,23,18709,05/06/2024 4:00:00 AM
05/05/2024,24,17544,05/06/2024 5:00:00 AM
05/06/2024,1,16791,05/06/2024 6:00:00 AM
05/06/2024,2,16126,05/06/2024 7:00:00 AM
05/06/2024,3,15764,05/06/2024 8:00:00 AM
05/06/2024,4,15552,05/06/2024 9:00:00 AM
05/06/2024,5,15619,05/06/2024 10:00:00 AM
05/06/2024,6,16176,05/06/2024 11:00:00 AM
05/06/2024,7,16925,05/06/2024 12:00:00 PM
05/06/2024,8,17449,05/06/2024 1:00:00 PM
05/06/2024,9,17942,05/06/2024 2:00:00 PM
05/06/2024,10,18808,05/06/2024 3:00:00 PM
05/06/2024,11,19750,05/06/2024 4:00:00 PM
05/06/2024,12,20731,05/06/2024 5:00:00 PM
05/06/2024,13,21782,05/06/2024 6:00:00 PM
05/06/2024,14,22608,05/06/2024 7:00:00 PM
05/06/2024,15,23292,05/06/2024 8:00:00 PM
05/06/2024,16,23751,05/06/2024 9:00:00 PM
05/06/2024,17,23923,05/06/2024 10:00:00 PM
05/06/2024,18,23811,05/06/2024 11:00:00 PM
05/06/2024,19,23363,05/07/2024 12:00:00 AM
05/06/2024,20,22683,05/07/2024 1:00:00 AM
05/06/2024,21,22610,05/07/2024 2:00:00 AM
05/06/2024,22,21886,05/07/2024 3:00:00 AM
05/06/2024,23,20641,05/07/2024 4:00:00 AM
05/06/2024,24,19458,05/07/2024 5:00:00 AM
05/07/2024,1,18448,05/07/2024 6:00:00 AM
05/07/2024,2,17851,05/07/2024 7:00:00 AM
05/07/2024,3,17413,05/07/2024 8:00:00 AM
05/07/2024,4,17147,05/07/2024 9:00:00 AM
05/07/2024,5,17307,05/07/2024 10:00:00 AM
05/07/2024,6,17700,05/07/2024 11:00:00 AM
05/07/2024,7,18509,05/07/2024 12:00:00 PM
05/07/2024,8,18814,05/07/2024 1:00:00 PM
05/07/2024,9,19151,05/07/2024 2:00:00 PM
05/07/2024,10,19824,05/07/2024 3:00:00 PM
05/07/2024,11,20785,05/07/2024 4:00:00 PM
05/07/2024,12,21639,05/07/2024 5:00:00 PM
05/07/2024,13,22396,05/07/2024 6:00:00 PM
05/07/2024,14,23208,05/07/2024 7:00:00 PM
05/07/2024,15,23783,05/07/2024 8:00:00 PM
05/07/2024,16,24250,05/07/2024 9:00:00 PM
05/07/2024,17,24646,05/07/2024 10:00:00 PM
05/07/2024,18,24445,05/07/2024 11:00:00 PM
05/07/2024,19,24077,05/08/2024 12:00:00 AM
05/07/2024,20,23499,05/08/2024 1:00:00 AM
05/07/2024,21,23301,05/08/2024 2:00:00 AM
05/07/2024,22,22686,05/08/2024 3:00:00 AM
05/07/2024,23,21385,05/08/2024 4:00:00 AM
05/07/2024,24,20140,05/08/2024 5:00:00 AM
05/08/2024,1,19081,05/08/2024 6:00:00 AM
05/08/2024,2,18378,05/08/2024 7:00:00 AM
05/08/2024,3,17936,05/08/2024 8:00:00 AM
05/08/2024,4,17541,05/08/2024 9:00:00 AM
05/08/2024,5,17531,05/08/2024 10:00:00 AM
05/08/2024,6,17914,05/08/2024 11:00:00 AM
05/08/2024,7,18627,05/08/2024 12:00:00 PM
05/08/2024,8,18962,05/08/2024 1:00:00 PM
05/08/2024,9,19440,05/08/2024 2:00:00 PM
05/08/2024,10,20201,05/08/2024 3:00:00 PM
05/08/2024,11,21187,05/08/2024 4:00:00 PM
05/08/2024,12,21953,05/08/2024 5:00:00 PM
05/08/2024,13,22666,05/08/2024 6:00:00 PM
05/08/2024,14,23487,05/08/2024 7:00:00 PM
05/08/2024,15,24100,05/08/2024 8:00:00 PM
05/08/2024,16,24513,05/08/2024 9:00:00 PM
05/08/2024,17,24841,05/08/2024 10:00:00 PM
05/08/2024,18,24782,05/08/2024 11:00:00 PM
05/08/2024,19,24330,05/09/2024 12:00:00 AM
05/08/2024,20,23701,05/09/2024 1:00:00 AM
05/08/2024,21,23583,05/09/2024 2:00:00 AM
05/08/2024,22,22993,05/09/2024 3:00:00 AM
05/08/2024,23,21899,05/09/2024 4:00:00 AM
05/08/2024,24,20659,05/09/2024 5:00:00 AM
05/09/2024,1,19561,05/09/2024 6:00:00 AM
05/09/2024,2,18758,05/09/2024 7:00:00 AM
05/09/2024,3,18390,05/09/2024 8:00:00 AM
05/09/2024,4,18029,05/09/2024 9:00:00 AM
05/09/2024,5,17894,05/09/2024 10:00:00 AM
05/09/2024,6,18256,05/09/2024 11:00:00 AM
05/09/2024,7,18876,05/09/2024 12:00:00 PM
05/09/2024,8,19316,05/09/2024 1:00:00 PM
05/09/2024,9,19831,05/09/2024 2:00:00 PM
05/09/2024,10,20673,05/09/2024 3:00:00 PM
05/09/2024,11,21641,05/09/2024 4:00:00 PM
05/09/2024,12,22664,05/09/2024 5:00:00 PM
05/09/2024,13,23640,05/09/2024 6:00:00 PM
05/09/2024,14,24553,05/09/2024 7:00:00 PM
05/09/2024,15,25092,05/09/2024 8:00:00 PM
05/09/2024,16,25454,05/09/2024 9:00:00 PM
05/09/2024,17,25377,05/09/2024 10:00:00 PM
05/09/2024,18,25092,05/09/2024 11:00:00 PM
05/09/2024,19,24454,05/10/2024 12:00:00 AM
05/09/2024,20,23909,05/10/2024 1:00:00 AM
05/09/2024,21,23518,05/10/2024 2:00:00 AM
05/09/2024,22,22643,05/10/2024 3:00:00 AM
05/09/2024,23,21238,05/10/2024 4:00:00 AM
05/09/2024,24,19659,05/10/2024 5:00:00 AM
05/10/2024,1,18519,05/10/2024 6:00:00 AM
05/10/2024,2,17713,05/10/2024 7:00:00 AM
05/10/2024,3,17123,05/10/2024 8:00:00 AM
05/10/2024,4,16745,05/10/2024 9:00:00 AM
05/10/2024,5,16615,05/10/2024 10:00:00 AM
05/10/2024,6,16835,05/10/2024 11:00:00 AM
05/10/2024,7,17368,05/10/2024 12:00:00 PM
05/10/2024,8,17669,05/10/2024 1:00:00 PM
05/10/2024,9,18179,05/10/2024 2:00:00 PM
05/10/2024,10,18901,05/10/2024 3:00:00 PM
05/10/2024,11,19866,05/10/2024 4:00:00 PM
05/10/2024,12,20655,05/10/2024 5:00:00 PM
05/10/2024,13,21284,05/10/2024 6:00:00 PM
05/10/2024,14,22149,05/10/2024 7:00:00 PM
05/10/2024,15,22858,05/10/2024 8:00:00 PM
05/10/2024,16,23187,05/10/2024 9:00:00 PM
05/10/2024,17,23446,05/10/2024 10:00:00 PM
05/10/2024,18,23248,05/10/2024 11:00:00 PM
05/10/2024,19,22624,05/11/2024 12:00:00 AM
05/10/2024,20,21579,05/11/2024 1:00:00 AM
05/10/2024,21,20929,05/11/2024 2:00:00 AM
05/10/2024,22,20281,05/11/2024 3:00:00 AM
05/10/2024,23,19199,05/11/2024 4:00:00 AM
05/10/2024,24,18082,05/11/2024 5:00:00 AM
05/11/2024,1,16957,05/11/2024 6:00:00 AM
05/11/2024,2,16277,05/11/2024 7:00:00 AM
05/11/2024,3,15708,05/11/2024 8:00:00 AM
05/11/2024,4,15208,05/11/2024 9:00:00 AM
05/11/2024,5,15202,05/11/2024 10:00:00 AM
05/11/2024,6,15139,05/11/2024 11:00:00 AM
05/11/2024,7,15011,05/11/2024 12:00:00 PM
05/11/2024,8,15276,05/11/2024 1:00:00 PM
05/11/2024,9,15980,05/11/2024 2:00:00 PM
05/11/2024,10,16756,05/11/2024 3:00:00 PM
05/11/2024,11,17499,05/11/2024 4:00:00 PM
05/11/2024,12,18415,05/11/2024 5:00:00 PM
05/11/2024,13,19142,05/11/2024 6:00:00 PM
05/11/2024,14,19856,05/11/2024 7:00:00 PM
05/11/2024,15,20753,05/11/2024 8:00:00 PM
05/11/2024,16,21349,05/11/2024 9:00:00 PM
05/11/2024,17,21579,05/11/2024 10:00:00 PM
05/11/2024,18,21379,05/11/2024 11:00:00 PM
05/11/2024,19,20892,05/12/2024 12:00:00 AM
05/11/2024,20,20221,05/12/2024 1:00:00 AM
05/11/2024,21,19809,05/12/2024 2:00:00 AM
05/11/2024,22,19287,05/12/2024 3:00:00 AM
05/11/2024,23,18461,05/12/2024 4:00:00 AM
05/11/2024,24,17619,05/12/2024 5:00:00 AM
05/12/2024,1,16674,05/12/2024 6:00:00 AM
05/12/2024,2,16058,05/12/2024 7:00:00 AM
05/12/2024,3,15534,05/12/2024 8:00:00 AM
05/12/2024,4,15450,05/12/2024 9:00:00 AM
05/12/2024,5,15258,05/12/2024 10:00:00 AM
05/12/2024,6,15203,05/12/2024 11:00:00 AM
05/12/2024,7,15227,05/12/2024 12:00:00 PM
05/12/2024,8,15605,05/12/2024 1:00:00 PM
05/12/2024,9,16360,05/12/2024 2:00:00 PM
05/12/2024,10,17137,05/12/2024 3:00:00 PM
05/12/2024,11,17730,05/12/2024 4:00:00 PM
05/12/2024,12,18261,05/12/2024 5:00:00 PM
05/12/2024,13,18722,05/12/2024 6:00:00 PM
05/12/2024,14,19083,05/12/2024 7:00:00 PM
05/12/2024,15,19085,05/12/2024 8:00:00 PM
05/12/2024,16,19004,05/12/2024 9:00:00 PM
05/12/2024,17,18677,05/12/2024 10:00:00 PM
05/12/2024,18,18758,05/12/2024 11:00:00 PM
05/12/2024,19,18755,05/13/2024 12:00:00 AM
05/12/2024,20,18599,05/13/2024 1:00:00 AM
05/12/2024,21,19002,05/13/2024 2:00:00 AM
05/12/2024,22,18747,05/13/2024 3:00:00 AM
05/12/2024,23,18177,05/13/2024 4:00:00 AM
05/12/2024,24,17181,05/13/2024 5:00:00 AM
05/13/2024,1,16493,05/13/2024 6:00:00 AM
05/13/2024,2,16127,05/13/2024 7:00:00 AM
05/13/2024,3,15963,05/13/2024 8:00:00 AM
05/13/2024,4,15792,05/13/2024 9:00:00 AM
05/13/2024,5,15970,05/13/2024 10:00:00 AM
05/13/2024,6,16447,05/13/2024 11:00:00 AM
05/13/2024,7,17349,05/13/2024 12:00:00 PM
05/13/2024,8,17790,05/13/2024 1:00:00 PM
05/13/2024,9,18255,05/13/2024 2:00:00 PM
05/13/2024,10,18563,05/13/2024 3:00:00 PM
05/13/2024,11,19101,05/13/2024 4:00:00 PM
05/13/2024,12,19687,05/13/2024 5:00:00 PM
05/13/2024,13,19785,05/13/2024 6:00:00 PM
05/13/2024,14,20201,05/13/2024 7:00:00 PM
05/13/2024,15,20277,05/13/2024 8:00:00 PM
05/13/2024,16,20158,05/13/2024 9:00:00 PM
05/13/2024,17,20085,05/13/2024 10:00:00 PM
05/13/2024,18,19629,05/13/2024 11:00:00 PM
05/13/2024,19,19429,05/14/2024 12:00:00 AM
05/13/2024,20,19165,05/14/2024 1:00:00 AM
05/13/2024,21,18887,05/14/2024 2:00:00 AM
05/13/2024,22,18374,05/14/2024 3:00:00 AM
05/13/2024,23,17595,05/14/2024 4:00:00 AM
05/13/2024,24,16566,05/14/2024 5:00:00 AM
05/14/2024,1,15891,05/14/2024 6:00:00 AM
05/14/2024,2,15499,05/14/2024 7:00:00 AM
05/14/2024,3,15293,05/14/2024 8:00:00 AM
05/14/2024,4,15023,05/14/2024 9:00:00 AM
05/14/2024,5,15171,05/14/2024 10:00:00 AM
05/14/2024,6,15497,05/14/2024 11:00:00 AM
05/14/2024,7,16370,05/14/2024 12:00:00 PM
05/14/2024,8,16766,05/14/2024 1:00:00 PM
05/14/2024,9,17287,05/14/2024 2:00:00 PM
05/14/2024,10,17988,05/14/2024 3:00:00 PM
05/14/2024,11,18707,05/14/2024 4:00:00 PM
05/14/2024,12,19489,05/14/2024 5:00:00 PM
05/14/2024,13,20274,05/14/2024 6:00:00 PM
05/14/2024,14,21062,05/14/2024 7:00:00 PM
05/14/2024,15,21765,05/14/2024 8:00:00 PM
05/14/2024,16,22311,05/14/2024 9:00:00 PM
05/14/2024,17,22842,05/14/2024 10:00:00 PM
05/14/2024,18,22883,05/14/2024 11:00:00 PM
05/14/2024,19,22577,05/15/2024 12:00:00 AM
05/14/2024,20,21855,05/15/2024 1:00:00 AM
05/14/2024,21,21315,05/15/2024 2:00:00 AM
05/14/2024,22,20494,05/15/2024 3:00:00 AM
05/14/2024,23,19256,05/15/2024 4:00:00 AM
05/14/2024,24,17966,05/15/2024 5:00:00 AM
05/15/2024,1,16809,05/15/2024 6:00:00 AM
05/15/2024,2,16013,05/15/2024 7:00:00 AM
05/15/2024,3,15529,05/15/2024 8:00:00 AM
05/15/2024,4,15305,05/15/2024 9:00:00 AM
05/15/2024,5,15236,05/15/2024 10:00:00 AM
05/15/2024,6,15585,05/15/2024 11:00:00 AM
05/15/2024,7,16072,05/15/2024 12:00:00 PM
05/15/2024,8,16642,05/15/2024 1:00:00 PM
05/15/2024,9,17326,05/15/2024 2:00:00 PM
05/15/2024,10,18097,05/15/2024 3:00:00 PM
05/15/2024,11,19091,05/15/2024 4:00:00 PM
05/15/2024,12,20041,05/15/2024 5:00:00 PM
05/15/2024,13,20997,05/15/2024 6:00:00 PM
05/15/2024,14,22033,05/15/2024 7:00:00 PM
05/15/2024,15,23052,05/15/2024 8:00:00 PM
05/15/2024,16,23718,05/15/2024 9:00:00 PM
05/15/2024,17,24215,05/15/2024 10:00:00 PM
05/15/2024,18,24392,05/15/2024 11:00:00 PM
05/15/2024,19,24089,05/16/2024 12:00:00 AM
05/15/2024,20,22945,05/16/2024 1:00:00 AM
05/15/2024,21,22406,05/16/2024 2:00:00 AM
05/15/2024,22,21374,05/16/2024 3:00:00 AM
05/15/2024,23,19923,05/16/2024 4:00:00 AM
05/15/2024,24,18495,05/16/2024 5:00:00 AM
05/16/2024,1,17300,05/16/2024 6:00:00 AM
05/16/2024,2,16619,05/16/2024 7:00:00 AM
05/16/2024,3,16090,05/16/2024 8:00:00 AM
05/16/2024,4,15822,05/16/2024 9:00:00 AM
05/16/2024,5,15839,05/16/2024 10:00:00 AM
05/16/2024,6,16072,05/16/2024 11:00:00 AM
05/16/2024,7,16641,05/16/2024 12:00:00 PM
05/16/2024,8,17214,05/16/2024 1:00:00 PM
05/16/2024,9,17993,05/16/2024 2:00:00 PM
05/16/2024,10,19110,05/16/2024 3:00:00 PM
05/16/2024,11,20336,05/16/2024 4:00:00 PM
05/16/2024,12,21466,05/16/2024 5:00:00 PM
05/16/2024,13,22492,05/16/2024 6:00:00 PM
05/16/2024,14,23298,05/16/2024 7:00:00 PM
05/16/2024,15,23518,05/16/2024 8:00:00 PM
05/16/2024,16,23632,05/16/2024 9:00:00 PM
05/16/2024,17,23358,05/16/2024 10:00:00 PM
05/16/2024,18,22707,05/16/2024 11:00:00 PM
05/16/2024,19,21832,05/17/2024 12:00:00 AM
05/16/2024,20,21212,05/17/2024 1:00:00 AM
05/16/2024,21,20895,05/17/2024 2:00:00 AM
05/16/2024,22,20076,05/17/2024 3:00:00 AM
05/16/2024,23,18850,05/17/2024 4:00:00 AM
05/16/2024,24,17594,05/17/2024 5:00:00 AM
05/17/2024,1,16321,05/17/2024 6:00:00 AM
05/17/2024,2,15754,05/17/2024 7:00:00 AM
05/17/2024,3,15330,05/17/2024 8:00:00 AM
05/17/2024,4,15182,05/17/2024 9:00:00 AM
05/17/2024,5,15195,05/17/2024 10:00:00 AM
05/17/2024,6,15518,05/17/2024 11:00:00 AM
05/17/2024,7,16303,05/17/2024 12:00:00 PM
05/17/2024,8,16914,05/17/2024 1:00:00 PM
05/17/2024,9,17347,05/17/2024 2:00:00 PM
05/17/2024,10,18056,05/17/2024 3:00:00 PM
05/17/2024,11,18665,05/17/2024 4:00:00 PM
05/17/2024,12,19176,05/17/2024 5:00:00 PM
05/17/2024,13,19633,05/17/2024 6:00:00 PM
05/17/2024,14,19985,05/17/2024 7:00:00 PM
05/17/2024,15,20429,05/17/2024 8:00:00 PM
05/17/2024,16,20728,05/17/2024 9:00:00 PM
05/17/2024,17,21073,05/17/2024 10:00:00 PM
05/17/2024,18,20978,05/17/2024 11:00:00 PM
05/17/2024,19,20646,05/18/2024 12:00:00 AM
05/17/2024,20,20227,05/18/2024 1:00:00 AM
05/17/2024,21,20104,05/18/2024 2:00:00 AM
05/17/2024,22,19740,05/18/2024 3:00:00 AM
05/17/2024,23,18977,05/18/2024 4:00:00 AM
05/17/2024,24,18066,05/18/2024 5:00:00 AM
05/18/2024,1,17213,05/18/2024 6:00:00 AM
05/18/2024,2,16542,05/18/2024 7:00:00 AM
05/18/2024,3,15939,05/18/2024 8:00:00 AM
05/18/2024,4,15635,05/18/2024 9:00:00 AM
05/18/2024,5,15438,05/18/2024 10:00:00 AM
05/18/2024,6,15377,05/18/2024 11:00:00 AM
05/18/2024,7,15412,05/18/2024 12:00:00 PM
05/18/2024,8,15763,05/18/2024 1:00:00 PM
05/18/2024,9,16378,05/18/2024 2:00:00 PM
05/18/2024,10,17346,05/18/2024 3:00:00 PM
05/18/2024,11,18220,05/18/2024 4:00:00 PM
05/18/2024,12,19460,05/18/2024 5:00:00 PM
05/18/2024,13,20671,05/18/2024 6:00:00 PM
05/18/2024,14,21682,05/18/2024 7:00:00 PM
05/18/2024,15,22511,05/18/2024 8:00:00 PM
05/18/2024,16,23273,05/18/2024 9:00:00 PM
05/18/2024,17,23847,05/18/2024 10:00:00 PM
05/18/2024,18,23902,05/18/2024 11:00:00 PM
05/18/2024,19,23359,05/19/2024 12:00:00 AM
05/18/2024,20,22519,05/19/2024 1:00:00 AM
05/18/2024,21,21763,05/19/2024 2:00:00 AM
05/18/2024,22,21143,05/19/2024 3:00:00 AM
05/18/2024,23,20017,05/19/2024 4:00:00 AM
05/18/2024,24,18748,05/19/2024 5:00:00 AM
05/19/2024,1,17512,05/19/2024 6:00:00 AM
05/19/2024,2,16825,05/19/2024 7:00:00 AM
05/19/2024,3,16230,05/19/2024 8:00:00 AM
05/19/2024,4,15737,05/19/2024 9:00:00 AM
05/19/2024,5,15534,05/19/2024 10:00:00 AM
05/19/2024,6,15456,05/19/2024 11:00:00 AM
05/19/2024,7,15336,05/19/2024 12:00:00 PM
05/19/2024,8,15969,05/19/2024 1:00:00 PM
05/19/2024,9,17288,05/19/2024 2:00:00 PM
05/19/2024,10,18875,05/19/2024 3:00:00 PM
05/19/2024,11,20451,05/19/2024 4:00:00 PM
05/19/2024,12,21877,05/19/2024 5:00:00 PM
05/19/2024,13,23077,05/19/2024 6:00:00 PM
05/19/2024,14,24068,05/19/2024 7:00:00 PM
05/19/2024,15,24836,05/19/2024 8:00:00 PM
05/19/2024,16,25355,05/19/2024 9:00:00 PM
05/19/2024,17,25737,05/19/2024 10:00:00 PM
05/19/2024,18,25898,05/19/2024 11:00:00 PM
05/19/2024,19,25547,05/20/2024 12:00:00 AM
05/19/2024,20,24414,05/20/2024 1:00:00 AM
05/19/2024,21,23620,05/20/2024 2:00:00 AM
05/19/2024,22,22668,05/20/2024 3:00:00 AM
05/19/2024,23,21181,05/20/2024 4:00:00 AM
05/19/2024,24,19623,05/20/2024 5:00:00 AM
05/20/2024,1,18427,05/20/2024 6:00:00 AM
05/20/2024,2,17532,05/20/2024 7:00:00 AM
05/20/2024,3,16828,05/20/2024 8:00:00 AM
05/20/2024,4,16504,05/20/2024 9:00:00 AM
05/20/2024,5,16306,05/20/2024 10:00:00 AM
05/20/2024,6,16694,05/20/2024 11:00:00 AM
05/20/2024,7,17252,05/20/2024 12:00:00 PM
05/20/2024,8,17800,05/20/2024 1:00:00 PM
05/20/2024,9,18811,05/20/2024 2:00:00 PM
05/20/2024,10,20100,05/20/2024 3:00:00 PM
05/20/2024,11,21516,05/20/2024 4:00:00 PM
05/20/2024,12,22729,05/20/2024 5:00:00 PM
05/20/2024,13,24006,05/20/2024 6:00:00 PM
05/20/2024,14,24929,05/20/2024 7:00:00 PM
05/20/2024,15,25567,05/20/2024 8:00:00 PM
05/20/2024,16,26106,05/20/2024 9:00:00 PM
05/20/2024,17,26397,05/20/2024 10:00:00 PM
05/20/2024,18,26365,05/20/2024 11:00:00 PM
05/20/2024,19,25818,05/21/2024 12:00:00 AM
05/20/2024,20,24802,05/21/2024 1:00:00 AM
05/20/2024,21,24088,05/21/2024 2:00:00 AM
05/20/2024,22,23167,05/21/2024 3:00:00 AM
05/20/2024,23,21701,05/21/2024 4:00:00 AM
05/20/2024,24,20032,05/21/2024 5:00:00 AM
05/21/2024,1,18920,05/21/2024 6:00:00 AM
05/21/2024,2,17991,05/21/2024 7:00:00 AM
05/21/2024,3,17423,05/21/2024 8:00:00 AM
05/21/2024,4,16940,05/21/2024 9:00:00 AM
05/21/2024,5,16774,05/21/2024 10:00:00 AM
05/21/2024,6,17166,05/21/2024 11:00:00 AM
05/21/2024,7,17608,05/21/2024 12:00:00 PM
05/21/2024,8,18230,05/21/2024 1:00:00 PM
05/21/2024,9,18935,05/21/2024 2:00:00 PM
05/21/2024,10,20064,05/21/2024 3:00:00 PM
05/21/2024,11,21335,05/21/2024 4:00:00 PM
05/21/2024,12,22518,05/21/2024 5:00:00 PM
05/21/2024,13,23838,05/21/2024 6:00:00 PM
05/21/2024,14,24949,05/21/2024 7:00:00 PM
05/21/2024,15,25530,05/21/2024 8:00:00 PM
05/21/2024,16,25815,05/21/2024 9:00:00 PM
05/21/2024,17,25813,05/21/2024 10:00:00 PM
05/21/2024,18,25523,05/21/2024 11:00:00 PM
05/21/2024,19,24955,05/22/2024 12:00:00 AM
05/21/2024,20,24147,05/22/2024 1:00:00 AM
05/21/2024,21,23739,05/22/2024 2:00:00 AM
05/21/2024,22,22985,05/22/2024 3:00:00 AM
05/21/2024,23,21624,05/22/2024 4:00:00 AM
05/21/2024,24,20256,05/22/2024 5:00:00 AM
05/22/2024,1,19115,05/22/2024 6:00:00 AM
05/22/2024,2,18159,05/22/2024 7:00:00 AM
05/22/2024,3,17602,05/22/2024 8:00:00 AM
05/22/2024,4,17439,05/22/2024 9:00:00 AM
05/22/2024,5,17372,05/22/2024 10:00:00 AM
05/22/2024,6,17631,05/22/2024 11:00:00 AM
05/22/2024,7,18073,05/22/2024 12:00:00 PM
05/22/2024,8,18556,05/22/2024 1:00:00 PM
05/22/2024,9,19340,05/22/2024 2:00:00 PM
05/22/2024,10,20447,05/22/2024 3:00:00 PM
05/22/2024,11,21566,05/22/2024 4:00:00 PM
05/22/2024,12,22668,05/22/2024 5:00:00 PM
05/22/2024,13,23564,05/22/2024 6:00:00 PM
05/22/2024,14,24281,05/22/2024 7:00:00 PM
05/22/2024,15,24645,05/22/2024 8:00:00 PM
05/22/2024,16,24968,05/22/2024 9:00:00 PM
05/22/2024,17,24964,05/22/2024 10:00:00 PM
05/22/2024,18,24827,05/22/2024 11:00:00 PM
05/22/2024,19,24259,05/23/2024 12:00:00 AM
05/22/2024,20,23508,05/23/2024 1:00:00 AM
05/22/2024,21,23055,05/23/2024 2:00:00 AM
05/22/2024,22,22271,05/23/2024 3:00:00 AM
05/22/2024,23,21119,05/23/2024 4:00:00 AM
05/22/2024,24,19832,05/23/2024 5:00:00 AM
05/23/2024,1,18840,05/23/2024 6:00:00 AM
05/23/2024,2,18104,05/23/2024 7:00:00 AM
05/23/2024,3,17685,05/23/2024 8:00:00 AM
05/23/2024,4,17332,05/23/2024 9:00:00 AM
05/23/2024,5,17357,05/23/2024 10:00:00 AM
05/23/2024,6,17562,05/23/2024 11:00:00 AM
05/23/2024,7,18047,05/23/2024 12:00:00 PM
05/23/2024,8,18502,05/23/2024 1:00:00 PM
05/23/2024,9,19382,05/23/2024 2:00:00 PM
05/23/2024,10,20336,05/23/2024 3:00:00 PM
05/23/2024,11,21420,05/23/2024 4:00:00 PM
05/23/2024,12,22425,05/23/2024 5:00:00 PM
05/23/2024,13,23168,05/23/2024 6:00:00 PM
05/23/2024,14,24110,05/23/2024 7:00:00 PM
05/23/2024,15,24913,05/23/2024 8:00:00 PM
05/23/2024,16,25465,05/23/2024 9:00:00 PM
05/23/2024,17,25682,05/23/2024 10:00:00 PM
05/23/2024,18,25378,05/23/2024 11:00:00 PM
05/23/2024,19,24816,05/24/2024 12:00:00 AM
05/23/2024,20,23996,05/24/2024 1:00:00 AM
05/23/2024,21,23620,05/24/2024 2:00:00 AM
05/23/2024,22,22902,05/24/2024 3:00:00 AM
05/23/2024,23,21736,05/24/2024 4:00:00 AM
05/23/2024,24,20465,05/24/2024 5:00:00 AM
05/24/2024,1,19444,05/24/2024 6:00:00 AM
05/24/2024,2,18653,05/24/2024 7:00:00 AM
05/24/2024,3,18215,05/24/2024 8:00:00 AM
05/24/2024,4,18030,05/24/2024 9:00:00 AM
05/24/2024,5,18030,05/24/2024 10:00:00 AM
05/24/2024,6,18201,05/24/2024 11:00:00 AM
05/24/2024,7,18629,05/24/2024 12:00:00 PM
05/24/2024,8,19011,05/24/2024 1:00:00 PM
05/24/2024,9,19938,05/24/2024 2:00:00 PM
05/24/2024,10,21039,05/24/2024 3:00:00 PM
05/24/2024,11,22351,05/24/2024 4:00:00 PM
05/24/2024,12,23511,05/24/2024 5:00:00 PM
05/24/2024,13,24637,05/24/2024 6:00:00 PM
05/24/2024,14,25456,05/24/2024 7:00:00 PM
05/24/2024,15,25996,05/24/2024 8:00:00 PM
05/24/2024,16,26306,05/24/2024 9:00:00 PM
05/24/2024,17,26179,05/24/2024 10:00:00 PM
05/24/2024,18,25877,05/24/2024 11:00:00 PM
05/24/2024,19,25185,05/25/2024 12:00:00 AM
05/24/2024,20,24241,05/25/2024 1:00:00 AM
05/24/2024,21,23604,05/25/2024 2:00:00 AM
05/24/2024,22,22832,05/25/2024 3:00:00 AM
05/24/2024,23,21795,05/25/2024 4:00:00 AM
05/24/2024,24,20519,05/25/2024 5:00:00 AM
05/25/2024,1,19493,05/25/2024 6:00:00 AM
05/25/2024,2,18630,05/25/2024 7:00:00 AM
05/25/2024,3,18064,05/25/2024 8:00:00 AM
05/25/2024,4,17736,05/25/2024 9:00:00 AM
05/25/2024,5,17452,05/25/2024 10:00:00 AM
05/25/2024,6,17387,05/25/2024 11:00:00 AM
05/25/2024,7,17239,05/25/2024 12:00:00 PM
05/25/2024,8,17733,05/25/2024 1:00:00 PM
05/25/2024,9,18898,05/25/2024 2:00:00 PM
05/25/2024,10,20297,05/25/2024 3:00:00 PM
05/25/2024,11,21803,05/25/2024 4:00:00 PM
05/25/2024,12,23196,05/25/2024 5:00:00 PM
05/25/2024,13,24475,05/25/2024 6:00:00 PM
05/25/2024,14,25548,05/25/2024 7:00:00 PM
05/25/2024,15,26259,05/25/2024 8:00:00 PM
05/25/2024,16,26743,05/25/2024 9:00:00 PM
05/25/2024,17,26944,05/25/2024 10:00:00 PM
05/25/2024,18,26767,05/25/2024 11:00:00 PM
05/25/2024,19,26163,05/26/2024 12:00:00 AM
05/25/2024,20,25132,05/26/2024 1:00:00 AM
05/25/2024,21,24402,05/26/2024 2:00:00 AM
05/25/2024,22,23620,05/26/2024 3:00:00 AM
05/25/2024,23,22465,05/26/2024 4:00:00 AM
05/25/2024,24,21482,05/26/2024 5:00:00 AM
05/26/2024,1,20431,05/26/2024 6:00:00 AM
05/26/2024,2,19644,05/26/2024 7:00:00 AM
05/26/2024,3,19087,05/26/2024 8:00:00 AM
05/26/2024,4,18641,05/26/2024 9:00:00 AM
05/26/2024,5,18344,05/26/2024 10:00:00 AM
05/26/2024,6,18173,05/26/2024 11:00:00 AM
05/26/2024,7,17941,05/26/2024 12:00:00 PM
05/26/2024,8,18430,05/26/2024 1:00:00 PM
05/26/2024,9,19540,05/26/2024 2:00:00 PM
05/26/2024,10,20801,05/26/2024 3:00:00 PM
05/26/2024,11,22075,05/26/2024 4:00:00 PM
05/26/2024,12,23199,05/26/2024 5:00:00 PM
05/26/2024,13,24389,05/26/2024 6:00:00 PM
05/26/2024,14,25226,05/26/2024 7:00:00 PM
05/26/2024,15,25939,05/26/2024 8:00:00 PM
05/26/2024,16,26221,05/26/2024 9:00:00 PM
05/26/2024,17,26465,05/26/2024 10:00:00 PM
05/26/2024,18,26501,05/26/2024 11:00:00 PM
05/26/2024,19,25912,05/27/2024 12:00:00 AM
05/26/2024,20,24849,05/27/2024 1:00:00 AM
05/26/2024,21,24351,05/27/2024 2:00:00 AM
05/26/2024,22,23749,05/27/2024 3:00:00 AM
05/26/2024,23,22667,05/27/2024 4:00:00 AM
05/26/2024,24,21618,05/27/2024 5:00:00 AM
05/27/2024,1,20561,05/27/2024 6:00:00 AM
05/27/2024,2,19681,05/27/2024 7:00:00 AM
05/27/2024,3,19023,05/27/2024 8:00:00 AM
05/27/2024,4,18546,05/27/2024 9:00:00 AM
05/27/2024,5,18214,05/27/2024 10:00:00 AM
05/27/2024,6,18192,05/27/2024 11:00:00 AM
05/27/2024,7,18054,05/27/2024 12:00:00 PM
05/27/2024,8,18276,05/27/2024 1:00:00 PM
05/27/2024,9,19387,05/27/2024 2:00:00 PM
05/27/2024,10,20809,05/27/2024 3:00:00 PM
05/27/2024,11,22485,05/27/2024 4:00:00 PM
05/27/2024,12,24062,05/27/2024 5:00:00 PM
05/27/2024,13,25355,05/27/2024 6:00:00 PM
05/27/2024,14,26318,05/27/2024 7:00:00 PM
05/27/2024,15,27144,05/27/2024 8:00:00 PM
05/27/2024,16,27528,05/27/2024 9:00:00 PM
05/27/2024,17,28012,05/27/2024 10:00:00 PM
05/27/2024,18,27851,05/27/2024 11:00:00 PM
05/27/2024,19,27380,05/28/2024 12:00:00 AM
05/27/2024,20,26243,05/28/2024 1:00:00 AM
05/27/2024,21,25367,05/28/2024 2:00:00 AM
05/27/2024,22,24388,05/28/2024 3:00:00 AM
05/27/2024,23,22985,05/28/2024 4:00:00 AM
05/27/2024,24,21436,05/28/2024 5:00:00 AM
05/28/2024,1,20125,05/28/2024 6:00:00 AM
05/28/2024,2,19197,05/28/2024 7:00:00 AM
05/28/2024,3,18633,05/28/2024 8:00:00 AM
05/28/2024,4,18165,05/28/2024 9:00:00 AM
05/28/2024,5,18124,05/28/2024 10:00:00 AM
05/28/2024,6,18311,05/28/2024 11:00:00 AM
05/28/2024,7,18477,05/28/2024 12:00:00 PM
05/28/2024,8,19246,05/28/2024 1:00:00 PM
05/28/2024,9,20286,05/28/2024 2:00:00 PM
05/28/2024,10,21737,05/28/2024 3:00:00 PM
05/28/2024,11,23046,05/28/2024 4:00:00 PM
05/28/2024,12,24276,05/28/2024 5:00:00 PM
05/28/2024,13,25031,05/28/2024 6:00:00 PM
05/28/2024,14,25050,05/28/2024 7:00:00 PM
05/28/2024,15,24897,05/28/2024 8:00:00 PM
05/28/2024,16,24250,05/28/2024 9:00:00 PM
05/28/2024,17,23639,05/28/2024 10:00:00 PM
05/28/2024,18,23040,05/28/2024 11:00:00 PM
05/28/2024,19,22611,05/29/2024 12:00:00 AM
05/28/2024,20,21691,05/29/2024 1:00:00 AM
05/28/2024,21,21325,05/29/2024 2:00:00 AM
05/28/2024,22,20749,05/29/2024 3:00:00 AM
05/28/2024,23,19774,05/29/2024 4:00:00 AM
05/28/2024,24,18466,05/29/2024 5:00:00 AM
05/29/2024,1,17499,05/29/2024 6:00:00 AM
05/29/2024,2,16789,05/29/2024 7:00:00 AM
05/29/2024,3,16344,05/29/2024 8:00:00 AM
05/29/2024,4,15995,05/29/2024 9:00:00 AM
05/29/2024,5,16054,05/29/2024 10:00:00 AM
05/29/2024,6,16159,05/29/2024 11:00:00 AM
05/29/2024,7,16594,05/29/2024 12:00:00 PM
05/29/2024,8,17286,05/29/2024 1:00:00 PM
05/29/2024,9,18202,05/29/2024 2:00:00 PM
05/29/2024,10,19178,05/29/2024 3:00:00 PM
05/29/2024,11,20588,05/29/2024 4:00:00 PM
05/29/2024,12,22079,05/29/2024 5:00:00 PM
05/29/2024,13,23486,05/29/2024 6:00:00 PM
05/29/2024,14,24591,05/29/2024 7:00:00 PM
05/29/2024,15,25425,05/29/2024 8:00:00 PM
05/29/2024,16,25539,05/29/2024 9:00:00 PM
05/29/2024,17,25141,05/29/2024 10:00:00 PM
05/29/2024,18,24551,05/29/2024 11:00:00 PM
05/29/2024,19,23620,05/30/2024 12:00:00 AM
05/29/2024,20,22704,05/30/2024 1:00:00 AM
05/29/2024,21,22118,05/30/2024 2:00:00 AM
05/29/2024,22,21504,05/30/2024 3:00:00 AM
05/29/2024,23,20420,05/30/2024 4:00:00 AM
05/29/2024,24,19149,05/30/2024 5:00:00 AM
05/30/2024,1,18132,05/30/2024 6:00:00 AM
05/30/2024,2,17522,05/30/2024 7:00:00 AM
05/30/2024,3,17018,05/30/2024 8:00:00 AM
05/30/2024,4,16737,05/30/2024 9:00:00 AM
05/30/2024,5,16792,05/30/2024 10:00:00 AM
05/30/2024,6,17150,05/30/2024 11:00:00 AM
05/30/2024,7,17404,05/30/2024 12:00:00 PM
05/30/2024,8,17998,05/30/2024 1:00:00 PM
05/30/2024,9,18992,05/30/2024 2:00:00 PM
05/30/2024,10,19857,05/30/2024 3:00:00 PM
05/30/2024,11,21175,05/30/2024 4:00:00 PM
05/30/2024,12,22124,05/30/2024 5:00:00 PM
05/30/2024,13,22873,05/30/2024 6:00:00 PM
05/30/2024,14,23648,05/30/2024 7:00:00 PM
05/30/2024,15,24023,05/30/2024 8:00:00 PM
05/30/2024,16,24693,05/30/2024 9:00:00 PM
05/30/2024,17,24948,05/30/2024 10:00:00 PM
05/30/2024,18,24810,05/30/2024 11:00:00 PM
05/30/2024,19,24107,05/31/2024 12:00:00 AM
05/30/2024,20,23227,05/31/2024 1:00:00 AM
05/30/2024,21,22668,05/31/2024 2:00:00 AM
05/30/2024,22,21750,05/31/2024 3:00:00 AM
05/30/2024,23,20467,05/31/2024 4:00:00 AM
05/30/2024,24,19155,05/31/2024 5:00:00 AM
05/31/2024,1,18100,05/31/2024 6:00:00 AM
05/31/2024,2,17426,05/31/2024 7:00:00 AM
05/31/2024,3,16875,05/31/2024 8:00:00 AM
05/31/2024,4,16458,05/31/2024 9:00:00 AM
05/31/2024,5,16365,05/31/2024 10:00:00 AM
05/31/2024,6,16721,05/31/2024 11:00:00 AM
05/31/2024,7,17135,05/31/2024 12:00:00 PM
05/31/2024,8,17561,05/31/2024 1:00:00 PM
05/31/2024,9,18381,05/31/2024 2:00:00 PM
05/31/2024,10,19175,05/31/2024 3:00:00 PM
05/31/2024,11,19915,05/31/2024 4:00:00 PM
05/31/2024,12,20699,05/31/2024 5:00:00 PM
05/31/2024,13,20954,05/31/2024 6:00:00 PM
05/31/2024,14,21026,05/31/2024 7:00:00 PM
05/31/2024,15,20871,05/31/2024 8:00:00 PM
05/31/2024,16,20781,05/31/2024 9:00:00 PM
05/31/2024,17,20697,05/31/2024 10:00:00 PM
05/31/2024,18,20556,05/31/2024 11:00:00 PM
05/31/2024,19,20253,06/01/2024 12:00:00 AM
05/31/2024,20,19902,06/01/2024 1:00:00 AM
05/31/2024,21,19849,06/01/2024 2:00:00 AM
05/31/2024,22,19664,06/01/2024 3:00:00 AM
05/31/2024,23,19001,06/01/2024 4:00:00 AM
05/31/2024,24,18226,06/01/2024 5:00:00 AM
06/01/2024,1,17513,06/01/2024 6:00:00 AM
06/01/2024,2,16976,06/01/2024 7:00:00 AM
06/01/2024,3,16493,06/01/2024 8:00:00 AM
06/01/2024,4,16265,06/01/2024 9:00:00 AM
06/01/2024,5,16146,06/01/2024 10:00:00 AM
06/01/2024,6,16274,06/01/2024 11:00:00 AM
06/01/2024,7,16220,06/01/2024 12:00:00 PM
06/01/2024,8,16842,06/01/2024 1:00:00 PM
06/01/2024,9,17955,06/01/2024 2:00:00 PM
06/01/2024,10,19146,06/01/2024 3:00:00 PM
06/01/2024,11,20636,06/01/2024 4:00:00 PM
06/01/2024,12,22022,06/01/2024 5:00:00 PM
06/01/2024,13,23132,06/01/2024 6:00:00 PM
06/01/2024,14,23905,06/01/2024 7:00:00 PM
06/01/2024,15,24053,06/01/2024 8:00:00 PM
06/01/2024,16,23872,06/01/2024 9:00:00 PM
06/01/2024,17,23633,06/01/2024 10:00:00 PM
06/01/2024,18,23097,06/01/2024 11:00:00 PM
06/01/2024,19,22528,06/02/2024 12:00:00 AM
06/01/2024,20,21814,06/02/2024 1:00:00 AM
06/01/2024,21,21381,06/02/2024 2:00:00 AM
06/01/2024,22,20782,06/02/2024 3:00:00 AM
06/01/2024,23,19891,06/02/2024 4:00:00 AM
06/01/2024,24,18839,06/02/2024 5:00:00 AM
06/02/2024,1,18049,06/02/2024 6:00:00 AM
06/02/2024,2,17310,06/02/2024 7:00:00 AM
06/02/2024,3,16827,06/02/2024 8:00:00 AM
06/02/2024,4,16306,06/02/2024 9:00:00 AM
06/02/2024,5,16080,06/02/2024 10:00:00 AM
06/02/2024,6,16071,06/02/2024 11:00:00 AM
06/02/2024,7,16059,06/02/2024 12:00:00 PM
06/02/2024,8,16591,06/02/2024 1:00:00 PM
06/02/2024,9,17487,06/02/2024 2:00:00 PM
06/02/2024,10,18553,06/02/2024 3:00:00 PM
06/02/2024,11,19625,06/02/2024 4:00:00 PM
06/02/2024,12,20898,06/02/2024 5:00:00 PM
06/02/2024,13,22095,06/02/2024 6:00:00 PM
06/02/2024,14,22979,06/02/2024 7:00:00 PM
06/02/2024,15,23743,06/02/2024 8:00:00 PM
06/02/2024,16,24265,06/02/2024 9:00:00 PM
06/02/2024,17,24560,06/02/2024 10:00:00 PM
06/02/2024,18,24601,06/02/2024 11:00:00 PM
06/02/2024,19,24075,06/03/2024 12:00:00 AM
06/02/2024,20,23338,06/03/2024 1:00:00 AM
06/02/2024,21,23096,06/03/2024 2:00:00 AM
06/02/2024,22,22520,06/03/2024 3:00:00 AM
06/02/2024,23,21223,06/03/2024 4:00:00 AM
06/02/2024,24,20154,06/03/2024 5:00:00 AM
06/03/2024,1,19012,06/03/2024 6:00:00 AM
06/03/2024,2,18181,06/03/2024 7:00:00 AM
06/03/2024,3,17819,06/03/2024 8:00:00 AM
06/03/2024,4,17348,06/03/2024 9:00:00 AM
06/03/2024,5,17119,06/03/2024 10:00:00 AM
06/03/2024,6,17538,06/03/2024 11:00:00 AM
06/03/2024,7,18014,06/03/2024 12:00:00 PM
06/03/2024,8,18560,06/03/2024 1:00:00 PM
06/03/2024,9,19475,06/03/2024 2:00:00 PM
06/03/2024,10,20591,06/03/2024 3:00:00 PM
06/03/2024,11,21858,06/03/2024 4:00:00 PM
06/03/2024,12,22967,06/03/2024 5:00:00 PM
06/03/2024,13,24062,06/03/2024 6:00:00 PM
06/03/2024,14,25037,06/03/2024 7:00:00 PM
06/03/2024,15,25649,06/03/2024 8:00:00 PM
06/03/2024,16,26190,06/03/2024 9:00:00 PM
06/03/2024,17,26245,06/03/2024 10:00:00 PM
06/03/2024,18,26146,06/03/2024 11:00:00 PM
06/03/2024,19,25550,06/04/2024 12:00:00 AM
06/03/2024,20,24439,06/04/2024 1:00:00 AM
06/03/2024,21,23565,06/04/2024 2:00:00 AM
06/03/2024,22,22803,06/04/2024 3:00:00 AM
06/03/2024,23,21494,06/04/2024 4:00:00 AM
06/03/2024,24,20244,06/04/2024 5:00:00 AM
06/04/2024,1,19129,06/04/2024 6:00:00 AM
06/04/2024,2,18455,06/04/2024 7:00:00 AM
06/04/2024,3,17921,06/04/2024 8:00:00 AM
06/04/2024,4,17491,06/04/2024 9:00:00 AM
06/04/2024,5,17422,06/04/2024 10:00:00 AM
06/04/2024,6,17624,06/04/2024 11:00:00 AM
06/04/2024,7,17905,06/04/2024 12:00:00 PM
06/04/2024,8,18609,06/04/2024 1:00:00 PM
06/04/2024,9,19349,06/04/2024 2:00:00 PM
06/04/2024,10,20574,06/04/2024 3:00:00 PM
06/04/2024,11,21759,06/04/2024 4:00:00 PM
06/04/2024,12,22910,06/04/2024 5:00:00 PM
06/04/2024,13,24049,06/04/2024 6:00:00 PM
06/04/2024,14,24868,06/04/2024 7:00:00 PM
06/04/2024,15,25173,06/04/2024 8:00:00 PM
06/04/2024,16,25318,06/04/2024 9:00:00 PM
06/04/2024,17,25053,06/04/2024 10:00:00 PM
06/04/2024,18,24077,06/04/2024 11:00:00 PM
06/04/2024,19,23149,06/05/2024 12:00:00 AM
06/04/2024,20,22109,06/05/2024 1:00:00 AM
06/04/2024,21,21663,06/05/2024 2:00:00 AM
06/04/2024,22,21257,06/05/2024 3:00:00 AM
06/04/2024,23,20256,06/05/2024 4:00:00 AM
06/04/2024,24,18887,06/05/2024 5:00:00 AM
06/05/2024,1,18186,06/05/2024 6:00:00 AM
06/05/2024,2,17457,06/05/2024 7:00:00 AM
06/05/2024,3,17032,06/05/2024 8:00:00 AM
06/05/2024,4,17007,06/05/2024 9:00:00 AM
06/05/2024,5,16852,06/05/2024 10:00:00 AM
06/05/2024,6,17317,06/05/2024 11:00:00 AM
06/05/2024,7,17808,06/05/2024 12:00:00 PM
06/05/2024,8,18537,06/05/2024 1:00:00 PM
06/05/2024,9,19396,06/05/2024 2:00:00 PM
06/05/2024,10,20102,06/05/2024 3:00:00 PM
06/05/2024,11,20737,06/05/2024 4:00:00 PM
06/05/2024,12,21483,06/05/2024 5:00:00 PM
06/05/2024,13,22221,06/05/2024 6:00:00 PM
06/05/2024,14,22862,06/05/2024 7:00:00 PM
06/05/2024,15,23149,06/05/2024 8:00:00 PM
06/05/2024,16,23085,06/05/2024 9:00:00 PM
06/05/2024,17,23255,06/05/2024 10:00:00 PM
06/05/2024,18,23343,06/05/2024 11:00:00 PM
06/05/2024,19,23487,06/06/2024 12:00:00 AM
06/05/2024,20,23008,06/06/2024 1:00:00 AM
06/05/2024,21,22669,06/06/2024 2:00:00 AM
06/05/2024,22,22221,06/06/2024 3:00:00 AM
06/05/2024,23,21130,06/06/2024 4:00:00 AM
06/05/2024,24,19885,06/06/2024 5:00:00 AM
06/06/2024,1,18744,06/06/2024 6:00:00 AM
06/06/2024,2,17994,06/06/2024 7:00:00 AM
06/06/2024,3,17368,06/06/2024 8:00:00 AM
06/06/2024,4,17133,06/06/2024 9:00:00 AM
06/06/2024,5,16991,06/06/2024 10:00:00 AM
06/06/2024,6,17224,06/06/2024 11:00:00 AM
06/06/2024,7,17536,06/06/2024 12:00:00 PM
06/06/2024,8,18154,06/06/2024 1:00:00 PM
06/06/2024,9,19022,06/06/2024 2:00:00 PM
06/06/2024,10,20102,06/06/2024 3:00:00 PM
06/06/2024,11,21366,06/06/2024 4:00:00 PM
06/06/2024,12,22566,06/06/2024 5:00:00 PM
06/06/2024,13,23608,06/06/2024 6:00:00 PM
06/06/2024,14,24799,06/06/2024 7:00:00 PM
06/06/2024,15,25559,06/06/2024 8:00:00 PM
06/06/2024,16,26285,06/06/2024 9:00:00 PM
06/06/2024,17,26770,06/06/2024 10:00:00 PM
06/06/2024,18,26677,06/06/2024 11:00:00 PM
06/06/2024,19,26482,06/07/2024 12:00:00 AM
06/06/2024,20,25763,06/07/2024 1:00:00 AM
06/06/2024,21,24902,06/07/2024 2:00:00 AM
06/06/2024,22,24005,06/07/2024 3:00:00 AM
06/06/2024,23,22704,06/07/2024 4:00:00 AM
06/06/2024,24,20989,06/07/2024 5:00:00 AM
06/07/2024,1,19696,06/07/2024 6:00:00 AM
06/07/2024,2,18719,06/07/2024 7:00:00 AM
06/07/2024,3,18007,06/07/2024 8:00:00 AM
06/07/2024,4,17676,06/07/2024 9:00:00 AM
06/07/2024,5,17329,06/07/2024 10:00:00 AM
06/07/2024,6,17521,06/07/2024 11:00:00 AM
06/07/2024,7,17879,06/07/2024 12:00:00 PM
06/07/2024,8,18705,06/07/2024 1:00:00 PM
06/07/2024,9,19932,06/07/2024 2:00:00 PM
06/07/2024,10,21243,06/07/2024 3:00:00 PM
06/07/2024,11,22938,06/07/2024 4:00:00 PM
06/07/2024,12,24352,06/07/2024 5:00:00 PM
06/07/2024,13,25705,06/07/2024 6:00:00 PM
06/07/2024,14,26794,06/07/2024 7:00:00 PM
06/07/2024,15,27638,06/07/2024 8:00:00 PM
06/07/2024,16,28164,06/07/2024 9:00:00 PM
06/07/2024,17,28626,06/07/2024 10:00:00 PM
06/07/2024,18,28519,06/07/2024 11:00:00 PM
06/07/2024,19,27942,06/08/2024 12:00:00 AM
06/07/2024,20,26656,06/08/2024 1:00:00 AM
06/07/2024,21,25504,06/08/2024 2:00:00 AM
06/07/2024,22,24386,06/08/2024 3:00:00 AM
06/07/2024,23,22934,06/08/2024 4:00:00 AM
06/07/2024,24,21419,06/08/2024 5:00:00 AM
06/08/2024,1,20071,06/08/2024 6:00:00 AM
06/08/2024,2,18960,06/08/2024 7:00:00 AM
06/08/2024,3,18082,06/08/2024 8:00:00 AM
06/08/2024,4,17533,06/08/2024 9:00:00 AM
06/08/2024,5,17169,06/08/2024 10:00:00 AM
06/08/2024,6,17101,06/08/2024 11:00:00 AM
06/08/2024,7,16934,06/08/2024 12:00:00 PM
06/08/2024,8,17486,06/08/2024 1:00:00 PM
06/08/2024,9,18788,06/08/2024 2:00:00 PM
06/08/2024,10,20283,06/08/2024 3:00:00 PM
06/08/2024,11,21821,06/08/2024 4:00:00 PM
06/08/2024,12,23397,06/08/2024 5:00:00 PM
06/08/2024,13,24629,06/08/2024 6:00:00 PM
06/08/2024,14,25925,06/08/2024 7:00:00 PM
06/08/2024,15,26878,06/08/2024 8:00:00 PM
06/08/2024,16,27666,06/08/2024 9:00:00 PM
06/08/2024,17,28136,06/08/2024 10:00:00 PM
06/08/2024,18,28157,06/08/2024 11:00:00 PM
06/08/2024,19,27748,06/09/2024 12:00:00 AM
06/08/2024,20,26592,06/09/2024 1:00:00 AM
06/08/2024,21,25502,06/09/2024 2:00:00 AM
06/08/2024,22,24606,06/09/2024 3:00:00 AM
06/08/2024,23,23402,06/09/2024 4:00:00 AM
06/08/2024,24,21962,06/09/2024 5:00:00 AM
06/09/2024,1,20863,06/09/2024 6:00:00 AM
06/09/2024,2,19838,06/09/2024 7:00:00 AM
06/09/2024,3,19106,06/09/2024 8:00:00 AM
06/09/2024,4,18507,06/09/2024 9:00:00 AM
06/09/2024,5,18114,06/09/2024 10:00:00 AM
06/09/2024,6,17877,06/09/2024 11:00:00 AM
06/09/2024,7,17543,06/09/2024 12:00:00 PM
06/09/2024,8,18314,06/09/2024 1:00:00 PM
06/09/2024,9,19891,06/09/2024 2:00:00 PM
06/09/2024,10,21519,06/09/2024 3:00:00 PM
06/09/2024,11,23077,06/09/2024 4:00:00 PM
06/09/2024,12,24483,06/09/2024 5:00:00 PM
06/09/2024,13,25887,06/09/2024 6:00:00 PM
06/09/2024,14,26890,06/09/2024 7:00:00 PM
06/09/2024,15,27724,06/09/2024 8:00:00 PM
06/09/2024,16,28125,06/09/2024 9:00:00 PM
06/09/2024,17,28274,06/09/2024 10:00:00 PM
06/09/2024,18,28078,06/09/2024 11:00:00 PM
06/09/2024,19,27353,06/10/2024 12:00:00 AM
06/09/2024,20,26288,06/10/2024 1:00:00 AM
06/09/2024,21,25429,06/10/2024 2:00:00 AM
06/09/2024,22,24405,06/10/2024 3:00:00 AM
06/09/2024,23,23154,06/10/2024 4:00:00 AM
06/09/2024,24,21464,06/10/2024 5:00:00 AM
06/10/2024,1,20152,06/10/2024 6:00:00 AM
06/10/2024,2,19151,06/10/2024 7:00:00 AM
06/10/2024,3,18586,06/10/2024 8:00:00 AM
06/10/2024,4,18150,06/10/2024 9:00:00 AM
06/10/2024,5,18058,06/10/2024 10:00:00 AM
06/10/2024,6,18234,06/10/2024 11:00:00 AM
06/10/2024,7,18538,06/10/2024 12:00:00 PM
06/10/2024,8,19299,06/10/2024 1:00:00 PM
06/10/2024,9,20367,06/10/2024 2:00:00 PM
06/10/2024,10,21773,06/10/2024 3:00:00 PM
06/10/2024,11,23235,06/10/2024 4:00:00 PM
06/10/2024,12,24583,06/10/2024 5:00:00 PM
06/10/2024,13,25665,06/10/2024 6:00:00 PM
06/10/2024,14,26650,06/10/2024 7:00:00 PM
06/10/2024,15,27290,06/10/2024 8:00:00 PM
06/10/2024,16,27546,06/10/2024 9:00:00 PM
06/10/2024,17,27705,06/10/2024 10:00:00 PM
06/10/2024,18,27337,06/10/2024 11:00:00 PM
06/10/2024,19,26623,06/11/2024 12:00:00 AM
06/10/2024,20,25506,06/11/2024 1:00:00 AM
06/10/2024,21,24620,06/11/2024 2:00:00 AM
06/10/2024,22,23789,06/11/2024 3:00:00 AM
06/10/2024,23,22356,06/11/2024 4:00:00 AM
06/10/2024,24,20850,06/11/2024 5:00:00 AM
06/11/2024,1,19693,06/11/2024 6:00:00 AM
06/11/2024,2,18909,06/11/2024 7:00:00 AM
06/11/2024,3,18278,06/11/2024 8:00:00 AM
06/11/2024,4,17844,06/11/2024 9:00:00 AM
06/11/2024,5,17631,06/11/2024 10:00:00 AM
06/11/2024,6,17777,06/11/2024 11:00:00 AM
06/11/2024,7,18006,06/11/2024 12:00:00 PM
06/11/2024,8,18639,06/11/2024 1:00:00 PM
06/11/2024,9,19671,06/11/2024 2:00:00 PM
06/11/2024,10,20802,06/11/2024 3:00:00 PM
06/11/2024,11,22230,06/11/2024 4:00:00 PM
06/11/2024,12,23655,06/11/2024 5:00:00 PM
06/11/2024,13,24811,06/11/2024 6:00:00 PM
06/11/2024,14,25991,06/11/2024 7:00:00 PM
06/11/2024,15,26722,06/11/2024 8:00:00 PM
06/11/2024,16,27119,06/11/2024 9:00:00 PM
06/11/2024,17,27312,06/11/2024 10:00:00 PM
06/11/2024,18,27042,06/11/2024 11:00:00 PM
06/11/2024,19,26564,06/12/2024 12:00:00 AM
06/11/2024,20,25452,06/12/2024 1:00:00 AM
06/11/2024,21,24438,06/12/2024 2:00:00 AM
06/11/2024,22,23624,06/12/2024 3:00:00 AM
06/11/2024,23,22158,06/12/2024 4:00:00 AM
06/11/2024,24,20679,06/12/2024 5:00:00 AM
06/12/2024,1,19415,06/12/2024 6:00:00 AM
06/12/2024,2,18547,06/12/2024 7:00:00 AM
06/12/2024,3,17819,06/12/2024 8:00:00 AM
06/12/2024,4,17430,06/12/2024 9:00:00 AM
06/12/2024,5,17372,06/12/2024 10:00:00 AM
06/12/2024,6,17455,06/12/2024 11:00:00 AM
06/12/2024,7,17750,06/12/2024 12:00:00 PM
06/12/2024,8,18275,06/12/2024 1:00:00 PM
06/12/2024,9,19099,06/12/2024 2:00:00 PM
06/12/2024,10,20197,06/12/2024 3:00:00 PM
06/12/2024,11,21599,06/12/2024 4:00:00 PM
06/12/2024,12,22891,06/12/2024 5:00:00 PM
06/12/2024,13,24199,06/12/2024 6:00:00 PM
06/12/2024,14,25484,06/12/2024 7:00:00 PM
06/12/2024,15,26344,06/12/2024 8:00:00 PM
06/12/2024,16,26817,06/12/2024 9:00:00 PM
06/12/2024,17,27003,06/12/2024 10:00:00 PM
06/12/2024,18,27107,06/12/2024 11:00:00 PM
06/12/2024,19,26725,06/13/2024 12:00:00 AM
06/12/2024,20,25786,06/13/2024 1:00:00 AM
06/12/2024,21,24691,06/13/2024 2:00:00 AM
06/12/2024,22,23766,06/13/2024 3:00:00 AM
06/12/2024,23,22402,06/13/2024 4:00:00 AM
06/12/2024,24,20837,06/13/2024 5:00:00 AM
06/13/2024,1,19537,06/13/2024 6:00:00 AM
06/13/2024,2,18629,06/13/2024 7:00:00 AM
06/13/2024,3,17969,06/13/2024 8:00:00 AM
06/13/2024,4,17493,06/13/2024 9:00:00 AM
06/13/2024,5,17291,06/13/2024 10:00:00 AM
06/13/2024,6,17444,06/13/2024 11:00:00 AM
06/13/2024,7,17881,06/13/2024 12:00:00 PM
06/13/2024,8,18596,06/13/2024 1:00:00 PM
06/13/2024,9,19628,06/13/2024 2:00:00 PM
06/13/2024,10,20882,06/13/2024 3:00:00 PM
06/13/2024,11,22455,06/13/2024 4:00:00 PM
06/13/2024,12,23903,06/13/2024 5:00:00 PM
06/13/2024,13,25272,06/13/2024 6:00:00 PM
06/13/2024,14,26503,06/13/2024 7:00:00 PM
06/13/2024,15,27501,06/13/2024 8:00:00 PM
06/13/2024,16,28084,06/13/2024 9:00:00 PM
06/13/2024,17,28595,06/13/2024 10:00:00 PM
06/13/2024,18,28389,06/13/2024 11:00:00 PM
06/13/2024,19,28001,06/14/2024 12:00:00 AM
06/13/2024,20,27096,06/14/2024 1:00:00 AM
06/13/2024,21,26036,06/14/2024 2:00:00 AM
06/13/2024,22,24941,06/14/2024 3:00:00 AM
06/13/2024,23,23244,06/14/2024 4:00:00 AM
06/13/2024,24,21712,06/14/2024 5:00:00 AM
06/14/2024,1,20367,06/14/2024 6:00:00 AM
06/14/2024,2,19303,06/14/2024 7:00:00 AM
06/14/2024,3,18642,06/14/2024 8:00:00 AM
06/14/2024,4,18095,06/14/2024 9:00:00 AM
06/14/2024,5,17964,06/14/2024 10:00:00 AM
06/14/2024,6,18093,06/14/2024 11:00:00 AM
06/14/2024,7,18252,06/14/2024 12:00:00 PM
06/14/2024,8,19018,06/14/2024 1:00:00 PM
06/14/2024,9,20296,06/14/2024 2:00:00 PM
06/14/2024,10,21833,06/14/2024 3:00:00 PM
06/14/2024,11,23605,06/14/2024 4:00:00 PM
06/14/2024,12,25338,06/14/2024 5:00:00 PM
06/14/2024,13,26619,06/14/2024 6:00:00 PM
06/14/2024,14,27786,06/14/2024 7:00:00 PM
06/14/2024,15,28609,06/14/2024 8:00:00 PM
06/14/2024,16,28914,06/14/2024 9:00:00 PM
06/14/2024,17,29249,06/14/2024 10:00:00 PM
06/14/2024,18,29143,06/14/2024 11:00:00 PM
06/14/2024,19,28645,06/15/2024 12:00:00 AM
06/14/2024,20,27675,06/15/2024 1:00:00 AM
06/14/2024,21,26639,06/15/2024 2:00:00 AM
06/14/2024,22,25727,06/15/2024 3:00:00 AM
06/14/2024,23,24271,06/15/2024 4:00:00 AM
06/14/2024,24,22668,06/15/2024 5:00:00 AM
06/15/2024,1,21528,06/15/2024 6:00:00 AM
06/15/2024,2,20383,06/15/2024 7:00:00 AM
06/15/2024,3,19595,06/15/2024 8:00:00 AM
06/15/2024,4,19078,06/15/2024 9:00:00 AM
06/15/2024,5,18639,06/15/2024 10:00:00 AM
06/15/2024,6,18438,06/15/2024 11:00:00 AM
06/15/2024,7,18352,06/15/2024 12:00:00 PM
06/15/2024,8,19064,06/15/2024 1:00:00 PM
06/15/2024,9,20558,06/15/2024 2:00:00 PM
06/15/2024,10,22497,06/15/2024 3:00:00 PM
06/15/2024,11,24449,06/15/2024 4:00:00 PM
06/15/2024,12,26091,06/15/2024 5:00:00 PM
06/15/2024,13,27576,06/15/2024 6:00:00 PM
06/15/2024,14,28489,06/15/2024 7:00:00 PM
06/15/2024,15,29022,06/15/2024 8:00:00 PM
06/15/2024,16,29571,06/15/2024 9:00:00 PM
06/15/2024,17,29660,06/15/2024 10:00:00 PM
06/15/2024,18,29605,06/15/2024 11:00:00 PM
06/15/2024,19,29141,06/16/2024 12:00:00 AM
06/15/2024,20,28228,06/16/2024 1:00:00 AM
06/15/2024,21,26952,06/16/2024 2:00:00 AM
06/15/2024,22,25960,06/16/2024 3:00:00 AM
06/15/2024,23,24538,06/16/2024 4:00:00 AM
06/15/2024,24,23091,06/16/2024 5:00:00 AM
06/16/2024,1,21773,06/16/2024 6:00:00 AM
06/16/2024,2,20727,06/16/2024 7:00:00 AM
06/16/2024,3,20017,06/16/2024 8:00:00 AM
06/16/2024,4,19493,06/16/2024 9:00:00 AM
06/16/2024,5,19107,06/16/2024 10:00:00 AM
06/16/2024,6,18903,06/16/2024 11:00:00 AM
06/16/2024,7,18678,06/16/2024 12:00:00 PM
06/16/2024,8,19415,06/16/2024 1:00:00 PM
06/16/2024,9,21093,06/16/2024 2:00:00 PM
06/16/2024,10,22851,06/16/2024 3:00:00 PM
06/16/2024,11,24364,06/16/2024 4:00:00 PM
06/16/2024,12,25724,06/16/2024 5:00:00 PM
06/16/2024,13,26651,06/16/2024 6:00:00 PM
06/16/2024,14,27300,06/16/2024 7:00:00 PM
06/16/2024,15,27125,06/16/2024 8:00:00 PM
06/16/2024,16,26816,06/16/2024 9:00:00 PM
06/16/2024,17,26444,06/16/2024 10:00:00 PM
06/16/2024,18,26109,06/16/2024 11:00:00 PM
06/16/2024,19,26110,06/17/2024 12:00:00 AM
06/16/2024,20,25391,06/17/2024 1:00:00 AM
06/16/2024,21,25017,06/17/2024 2:00:00 AM
06/16/2024,22,24479,06/17/2024 3:00:00 AM
06/16/2024,23,23537,06/17/2024 4:00:00 AM
06/16/2024,24,22253,06/17/2024 5:00:00 AM
06/17/2024,1,21282,06/17/2024 6:00:00 AM
06/17/2024,2,20494,06/17/2024 7:00:00 AM
06/17/2024,3,19920,06/17/2024 8:00:00 AM
06/17/2024,4,19550,06/17/2024 9:00:00 AM
06/17/2024,5,19439,06/17/2024 10:00:00 AM
06/17/2024,6,19650,06/17/2024 11:00:00 AM
06/17/2024,7,20014,06/17/2024 12:00:00 PM
06/17/2024,8,20517,06/17/2024 1:00:00 PM
06/17/2024,9,21262,06/17/2024 2:00:00 PM
06/17/2024,10,22287,06/17/2024 3:00:00 PM
06/17/2024,11,23450,06/17/2024 4:00:00 PM
06/17/2024,12,24213,06/17/2024 5:00:00 PM
06/17/2024,13,24794,06/17/2024 6:00:00 PM
06/17/2024,14,25158,06/17/2024 7:00:00 PM
06/17/2024,15,25294,06/17/2024 8:00:00 PM
06/17/2024,16,24945,06/17/2024 9:00:00 PM
06/17/2024,17,24744,06/17/2024 10:00:00 PM
06/17/2024,18,24380,06/17/2024 11:00:00 PM
06/17/2024,19,24044,06/18/2024 12:00:00 AM
06/17/2024,20,23576,06/18/2024 1:00:00 AM
06/17/2024,21,23265,06/18/2024 2:00:00 AM
06/17/2024,22,22678,06/18/2024 3:00:00 AM
06/17/2024,23,21719,06/18/2024 4:00:00 AM
06/17/2024,24,20529,06/18/2024 5:00:00 AM
06/18/2024,1,19497,06/18/2024 6:00:00 AM
06/18/2024,2,18870,06/18/2024 7:00:00 AM
06/18/2024,3,18458,06/18/2024 8:00:00 AM
06/18/2024,4,18175,06/18/2024 9:00:00 AM
06/18/2024,5,18214,06/18/2024 10:00:00 AM
06/18/2024,6,18428,06/18/2024 11:00:00 AM
06/18/2024,7,19042,06/18/2024 12:00:00 PM
06/18/2024,8,19639,06/18/2024 1:00:00 PM
06/18/2024,9,20104,06/18/2024 2:00:00 PM
06/18/2024,10,20929,06/18/2024 3:00:00 PM
06/18/2024,11,21915,06/18/2024 4:00:00 PM
06/18/2024,12,22721,06/18/2024 5:00:00 PM
06/18/2024,13,23442,06/18/2024 6:00:00 PM
06/18/2024,14,23960,06/18/2024 7:00:00 PM
06/18/2024,15,24257,06/18/2024 8:00:00 PM
06/18/2024,16,24393,06/18/2024 9:00:00 PM
06/18/2024,17,24322,06/18/2024 10:00:00 PM
06/18/2024,18,24212,06/18/2024 11:00:00 PM
06/18/2024,19,24026,06/19/2024 12:00:00 AM
06/18/2024,20,23620,06/19/2024 1:00:00 AM
06/18/2024,21,23206,06/19/2024 2:00:00 AM
06/18/2024,22,22835,06/19/2024 3:00:00 AM
06/18/2024,23,21805,06/19/2024 4:00:00 AM
06/18/2024,24,20577,06/19/2024 5:00:00 AM
06/19/2024,1,19665,06/19/2024 6:00:00 AM
06/19/2024,2,18980,06/19/2024 7:00:00 AM
06/19/2024,3,18487,06/19/2024 8:00:00 AM
06/19/2024,4,18188,06/19/2024 9:00:00 AM
06/19/2024,5,18094,06/19/2024 10:00:00 AM
06/19/2024,6,18385,06/19/2024 11:00:00 AM
06/19/2024,7,18648,06/19/2024 12:00:00 PM
06/19/2024,8,19092,06/19/2024 1:00:00 PM
06/19/2024,9,19812,06/19/2024 2:00:00 PM
06/19/2024,10,20730,06/19/2024 3:00:00 PM
06/19/2024,11,21883,06/19/2024 4:00:00 PM
06/19/2024,12,23232,06/19/2024 5:00:00 PM
06/19/2024,13,24352,06/19/2024 6:00:00 PM
06/19/2024,14,25583,06/19/2024 7:00:00 PM
06/19/2024,15,26371,06/19/2024 8:00:00 PM
06/19/2024,16,26828,06/19/2024 9:00:00 PM
06/19/2024,17,26868,06/19/2024 10:00:00 PM
06/19/2024,18,26433,06/19/2024 11:00:00 PM
06/19/2024,19,25963,06/20/2024 12:00:00 AM
06/19/2024,20,25199,06/20/2024 1:00:00 AM
06/19/2024,21,24604,06/20/2024 2:00:00 AM
06/19/2024,22,24004,06/20/2024 3:00:00 AM
06/19/2024,23,22879,06/20/2024 4:00:00 AM
06/19/2024,24,21619,06/20/2024 5:00:00 AM
06/20/2024,1,20539,06/20/2024 6:00:00 AM
06/20/2024,2,19802,06/20/2024 7:00:00 AM
06/20/2024,3,19114,06/20/2024 8:00:00 AM
06/20/2024,4,18684,06/20/2024 9:00:00 AM
06/20/2024,5,18569,06/20/2024 10:00:00 AM
06/20/2024,6,18776,06/20/2024 11:00:00 AM
06/20/2024,7,19127,06/20/2024 12:00:00 PM
06/20/2024,8,19823,06/20/2024 1:00:00 PM
06/20/2024,9,20894,06/20/2024 2:00:00 PM
06/20/2024,10,22171,06/20/2024 3:00:00 PM
06/20/2024,11,23457,06/20/2024 4:00:00 PM
06/20/2024,12,24693,06/20/2024 5:00:00 PM
06/20/2024,13,25892,06/20/2024 6:00:00 PM
06/20/2024,14,26858,06/20/2024 7:00:00 PM
06/20/2024,15,27510,06/20/2024 8:00:00 PM
06/20/2024,16,27859,06/20/2024 9:00:00 PM
06/20/2024,17,27774,06/20/2024 10:00:00 PM
06/20/2024,18,27403,06/20/2024 11:00:00 PM
06/20/2024,19,26878,06/21/2024 12:00:00 AM
06/20/2024,20,26241,06/21/2024 1:00:00 AM
06/20/2024,21,25307,06/21/2024 2:00:00 AM
06/20/2024,22,24433,06/21/2024 3:00:00 AM
06/20/2024,23,23119,06/21/2024 4:00:00 AM
06/20/2024,24,21642,06/21/2024 5:00:00 AM
06/21/2024,1,20443,06/21/2024 6:00:00 AM
06/21/2024,2,19565,06/21/2024 7:00:00 AM
06/21/2024,3,18940,06/21/2024 8:00:00 AM
06/21/2024,4,18545,06/21/2024 9:00:00 AM
06/21/2024,5,18383,06/21/2024 10:00:00 AM
06/21/2024,6,18537,06/21/2024 11:00:00 AM
06/21/2024,7,18764,06/21/2024 12:00:00 PM
06/21/2024,8,19563,06/21/2024 1:00:00 PM
06/21/2024,9,20895,06/21/2024 2:00:00 PM
06/21/2024,10,22497,06/21/2024 3:00:00 PM
06/21/2024,11,24039,06/21/2024 4:00:00 PM
06/21/2024,12,25569,06/21/2024 5:00:00 PM
06/21/2024,13,26797,06/21/2024 6:00:00 PM
06/21/2024,14,27838,06/21/2024 7:00:00 PM
06/21/2024,15,28461,06/21/2024 8:00:00 PM
06/21/2024,16,28749,06/21/2024 9:00:00 PM
06/21/2024,17,28703,06/21/2024 10:00:00 PM
06/21/2024,18,28344,06/21/2024 11:00:00 PM
06/21/2024,19,27830,06/22/2024 12:00:00 AM
06/21/2024,20,26904,06/22/2024 1:00:00 AM
06/21/2024,21,25723,06/22/2024 2:00:00 AM
06/21/2024,22,24719,06/22/2024 3:00:00 AM
06/21/2024,23,23375,06/22/2024 4:00:00 AM
06/21/2024,24,21885,06/22/2024 5:00:00 AM
06/22/2024,1,20711,06/22/2024 6:00:00 AM
06/22/2024,2,19699,06/22/2024 7:00:00 AM
06/22/2024,3,18903,06/22/2024 8:00:00 AM
06/22/2024,4,18397,06/22/2024 9:00:00 AM
06/22/2024,5,18095,06/22/2024 10:00:00 AM
06/22/2024,6,18185,06/22/2024 11:00:00 AM
06/22/2024,7,17871,06/22/2024 12:00:00 PM
06/22/2024,8,18643,06/22/2024 1:00:00 PM
06/22/2024,9,20068,06/22/2024 2:00:00 PM
06/22/2024,10,22017,06/22/2024 3:00:00 PM
06/22/2024,11,23701,06/22/2024 4:00:00 PM
06/22/2024,12,25296,06/22/2024 5:00:00 PM
06/22/2024,13,26465,06/22/2024 6:00:00 PM
06/22/2024,14,27465,06/22/2024 7:00:00 PM
06/22/2024,15,28268,06/22/2024 8:00:00 PM
06/22/2024,16,28744,06/22/2024 9:00:00 PM
06/22/2024,17,28866,06/22/2024 10:00:00 PM
06/22/2024,18,28911,06/22/2024 11:00:00 PM
06/22/2024,19,28398,06/23/2024 12:00:00 AM
06/22/2024,20,27436,06/23/2024 1:00:00 AM
06/22/2024,21,26251,06/23/2024 2:00:00 AM
06/22/2024,22,25360,06/23/2024 3:00:00 AM
06/22/2024,23,24059,06/23/2024 4:00:00 AM
06/22/2024,24,22645,06/23/2024 5:00:00 AM
06/23/2024,1,21411,06/23/2024 6:00:00 AM
06/23/2024,2,20309,06/23/2024 7:00:00 AM
06/23/2024,3,19609,06/23/2024 8:00:00 AM
06/23/2024,4,18952,06/23/2024 9:00:00 AM
06/23/2024,5,18640,06/23/2024 10:00:00 AM
06/23/2024,6,18320,06/23/2024 11:00:00 AM
06/23/2024,7,18276,06/23/2024 12:00:00 PM
06/23/2024,8,18943,06/23/2024 1:00:00 PM
06/23/2024,9,20535,06/23/2024 2:00:00 PM
06/23/2024,10,22294,06/23/2024 3:00:00 PM
06/23/2024,11,23957,06/23/2024 4:00:00 PM
06/23/2024,12,25667,06/23/2024 5:00:00 PM
06/23/2024,13,27053,06/23/2024 6:00:00 PM
06/23/2024,14,28150,06/23/2024 7:00:00 PM
06/23/2024,15,29041,06/23/2024 8:00:00 PM
06/23/2024,16,29297,06/23/2024 9:00:00 PM
06/23/2024,17,29657,06/23/2024 10:00:00 PM
06/23/2024,18,29585,06/23/2024 11:00:00 PM
06/23/2024,19,29405,06/24/2024 12:00:00 AM
06/23/2024,20,28699,06/24/2024 1:00:00 AM
06/23/2024,21,27706,06/24/2024 2:00:00 AM
06/23/2024,22,26774,06/24/2024 3:00:00 AM
06/23/2024,23,25407,06/24/2024 4:00:00 AM
06/23/2024,24,23859,06/24/2024 5:00:00 AM
06/24/2024,1,22487,06/24/2024 6:00:00 AM
06/24/2024,2,21477,06/24/2024 7:00:00 AM
06/24/2024,3,20590,06/24/2024 8:00:00 AM
06/24/2024,4,20071,06/24/2024 9:00:00 AM
06/24/2024,5,19920,06/24/2024 10:00:00 AM
06/24/2024,6,20150,06/24/2024 11:00:00 AM
06/24/2024,7,20482,06/24/2024 12:00:00 PM
06/24/2024,8,21202,06/24/2024 1:00:00 PM
06/24/2024,9,22758,06/24/2024 2:00:00 PM
06/24/2024,10,24307,06/24/2024 3:00:00 PM
06/24/2024,11,26198,06/24/2024 4:00:00 PM
06/24/2024,12,27906,06/24/2024 5:00:00 PM
06/24/2024,13,29289,06/24/2024 6:00:00 PM
06/24/2024,14,30392,06/24/2024 7:00:00 PM
06/24/2024,15,30747,06/24/2024 8:00:00 PM
06/24/2024,16,31105,06/24/2024 9:00:00 PM
06/24/2024,17,31251,06/24/2024 10:00:00 PM
06/24/2024,18,30962,06/24/2024 11:00:00 PM
06/24/2024,19,30481,06/25/2024 12:00:00 AM
06/24/2024,20,29588,06/25/2024 1:00:00 AM
06/24/2024,21,28425,06/25/2024 2:00:00 AM
06/24/2024,22,27398,06/25/2024 3:00:00 AM
06/24/2024,23,25857,06/25/2024 4:00:00 AM
06/24/2024,24,24275,06/25/2024 5:00:00 AM
06/25/2024,1,22925,06/25/2024 6:00:00 AM
06/25/2024,2,21850,06/25/2024 7:00:00 AM
06/25/2024,3,21065,06/25/2024 8:00:00 AM
06/25/2024,4,20472,06/25/2024 9:00:00 AM
06/25/2024,5,20152,06/25/2024 10:00:00 AM
06/25/2024,6,20484,06/25/2024 11:00:00 AM
06/25/2024,7,20876,06/25/2024 12:00:00 PM
06/25/2024,8,21647,06/25/2024 1:00:00 PM
06/25/2024,9,23133,06/25/2024 2:00:00 PM
06/25/2024,10,24798,06/25/2024 3:00:00 PM
06/25/2024,11,26612,06/25/2024 4:00:00 PM
06/25/2024,12,28142,06/25/2024 5:00:00 PM
06/25/2024,13,29449,06/25/2024 6:00:00 PM
06/25/2024,14,30377,06/25/2024 7:00:00 PM
06/25/2024,15,30841,06/25/2024 8:00:00 PM
06/25/2024,16,31237,06/25/2024 9:00:00 PM
06/25/2024,17,31346,06/25/2024 10:00:00 PM
06/25/2024,18,31081,06/25/2024 11:00:00 PM
06/25/2024,19,30810,06/26/2024 12:00:00 AM
06/25/2024,20,29906,06/26/2024 1:00:00 AM
06/25/2024,21,29010,06/26/2024 2:00:00 AM
06/25/2024,22,28036,06/26/2024 3:00:00 AM
06/25/2024,23,26544,06/26/2024 4:00:00 AM
06/25/2024,24,24929,06/26/2024 5:00:00 AM
06/26/2024,1,23640,06/26/2024 6:00:00 AM
06/26/2024,2,22652,06/26/2024 7:00:00 AM
06/26/2024,3,22006,06/26/2024 8:00:00 AM
06/26/2024,4,21481,06/26/2024 9:00:00 AM
06/26/2024,5,21281,06/26/2024 10:00:00 AM
06/26/2024,6,21405,06/26/2024 11:00:00 AM
06/26/2024,7,21615,06/26/2024 12:00:00 PM
06/26/2024,8,22306,06/26/2024 1:00:00 PM
06/26/2024,9,23386,06/26/2024 2:00:00 PM
06/26/2024,10,24545,06/26/2024 3:00:00 PM
06/26/2024,11,25896,06/26/2024 4:00:00 PM
06/26/2024,12,26867,06/26/2024 5:00:00 PM
06/26/2024,13,27770,06/26/2024 6:00:00 PM
06/26/2024,14,28671,06/26/2024 7:00:00 PM
06/26/2024,15,29005,06/26/2024 8:00:00 PM
06/26/2024,16,29225,06/26/2024 9:00:00 PM
06/26/2024,17,28866,06/26/2024 10:00:00 PM
06/26/2024,18,28422,06/26/2024 11:00:00 PM
06/26/2024,19,27775,06/27/2024 12:00:00 AM
06/26/2024,20,26896,06/27/2024 1:00:00 AM
06/26/2024,21,26170,06/27/2024 2:00:00 AM
06/26/2024,22,25549,06/27/2024 3:00:00 AM
06/26/2024,23,24227,06/27/2024 4:00:00 AM
06/26/2024,24,22837,06/27/2024 5:00:00 AM
06/27/2024,1,21559,06/27/2024 6:00:00 AM
06/27/2024,2,20705,06/27/2024 7:00:00 AM
06/27/2024,3,20245,06/27/2024 8:00:00 AM
06/27/2024,4,19802,06/27/2024 9:00:00 AM
06/27/2024,5,19673,06/27/2024 10:00:00 AM
06/27/2024,6,19800,06/27/2024 11:00:00 AM
06/27/2024,7,20050,06/27/2024 12:00:00 PM
06/27/2024,8,20559,06/27/2024 1:00:00 PM
06/27/2024,9,21378,06/27/2024 2:00:00 PM
06/27/2024,10,22412,06/27/2024 3:00:00 PM
06/27/2024,11,23840,06/27/2024 4:00:00 PM
06/27/2024,12,25179,06/27/2024 5:00:00 PM
06/27/2024,13,26395,06/27/2024 6:00:00 PM
06/27/2024,14,27543,06/27/2024 7:00:00 PM
06/27/2024,15,28345,06/27/2024 8:00:00 PM
06/27/2024,16,29054,06/27/2024 9:00:00 PM
06/27/2024,17,29253,06/27/2024 10:00:00 PM
06/27/2024,18,29107,06/27/2024 11:00:00 PM
06/27/2024,19,28720,06/28/2024 12:00:00 AM
06/27/2024,20,27858,06/28/2024 1:00:00 AM
06/27/2024,21,26652,06/28/2024 2:00:00 AM
06/27/2024,22,25817,06/28/2024 3:00:00 AM
06/27/2024,23,24500,06/28/2024 4:00:00 AM
06/27/2024,24,22980,06/28/2024 5:00:00 AM
06/28/2024,1,21623,06/28/2024 6:00:00 AM
06/28/2024,2,20803,06/28/2024 7:00:00 AM
06/28/2024,3,20165,06/28/2024 8:00:00 AM
06/28/2024,4,19663,06/28/2024 9:00:00 AM
06/28/2024,5,19640,06/28/2024 10:00:00 AM
06/28/2024,6,19838,06/28/2024 11:00:00 AM
06/28/2024,7,20039,06/28/2024 12:00:00 PM
06/28/2024,8,20701,06/28/2024 1:00:00 PM
06/28/2024,9,21568,06/28/2024 2:00:00 PM
06/28/2024,10,22829,06/28/2024 3:00:00 PM
06/28/2024,11,24540,06/28/2024 4:00:00 PM
06/28/2024,12,26050,06/28/2024 5:00:00 PM
06/28/2024,13,27060,06/28/2024 6:00:00 PM
06/28/2024,14,27917,06/28/2024 7:00:00 PM
06/28/2024,15,28643,06/28/2024 8:00:00 PM
06/28/2024,16,29069,06/28/2024 9:00:00 PM
06/28/2024,17,29179,06/28/2024 10:00:00 PM
06/28/2024,18,28683,06/28/2024 11:00:00 PM
06/28/2024,19,28250,06/29/2024 12:00:00 AM
06/28/2024,20,27510,06/29/2024 1:00:00 AM
06/28/2024,21,26575,06/29/2024 2:00:00 AM
06/28/2024,22,25947,06/29/2024 3:00:00 AM
06/28/2024,23,24794,06/29/2024 4:00:00 AM
06/28/2024,24,23613,06/29/2024 5:00:00 AM
06/29/2024,1,22620,06/29/2024 6:00:00 AM
06/29/2024,2,21712,06/29/2024 7:00:00 AM
06/29/2024,3,21094,06/29/2024 8:00:00 AM
06/29/2024,4,20738,06/29/2024 9:00:00 AM
06/29/2024,5,20421,06/29/2024 10:00:00 AM
06/29/2024,6,20233,06/29/2024 11:00:00 AM
06/29/2024,7,20088,06/29/2024 12:00:00 PM
06/29/2024,8,20717,06/29/2024 1:00:00 PM
06/29/2024,9,21996,06/29/2024 2:00:00 PM
06/29/2024,10,23687,06/29/2024 3:00:00 PM
06/29/2024,11,25545,06/29/2024 4:00:00 PM
06/29/2024,12,27124,06/29/2024 5:00:00 PM
06/29/2024,13,28464,06/29/2024 6:00:00 PM
06/29/2024,14,29503,06/29/2024 7:00:00 PM
06/29/2024,15,30171,06/29/2024 8:00:00 PM
06/29/2024,16,30324,06/29/2024 9:00:00 PM
06/29/2024,17,30353,06/29/2024 10:00:00 PM
06/29/2024,18,30253,06/29/2024 11:00:00 PM
06/29/2024,19,29738,06/30/2024 12:00:00 AM
06/29/2024,20,28735,06/30/2024 1:00:00 AM
06/29/2024,21,27759,06/30/2024 2:00:00 AM
06/29/2024,22,26978,06/30/2024 3:00:00 AM
06/29/2024,23,25693,06/30/2024 4:00:00 AM
06/29/2024,24,24398,06/30/2024 5:00:00 AM
06/30/2024,1,23228,06/30/2024 6:00:00 AM
06/30/2024,2,22287,06/30/2024 7:00:00 AM
06/30/2024,3,21509,06/30/2024 8:00:00 AM
06/30/2024,4,20946,06/30/2024 9:00:00 AM
06/30/2024,5,20507,06/30/2024 10:00:00 AM
06/30/2024,6,20230,06/30/2024 11:00:00 AM
06/30/2024,7,19999,06/30/2024 12:00:00 PM
06/30/2024,8,20635,06/30/2024 1:00:00 PM
06/30/2024,9,22204,06/30/2024 2:00:00 PM
06/30/2024,10,23899,06/30/2024 3:00:00 PM
06/30/2024,11,25535,06/30/2024 4:00:00 PM
06/30/2024,12,27197,06/30/2024 5:00:00 PM
06/30/2024,13,28434,06/30/2024 6:00:00 PM
06/30/2024,14,29296,06/30/2024 7:00:00 PM
06/30/2024,15,29625,06/30/2024 8:00:00 PM
06/30/2024,16,29617,06/30/2024 9:00:00 PM
06/30/2024,17,29652,06/30/2024 10:00:00 PM
06/30/2024,18,29261,06/30/2024 11:00:00 PM
06/30/2024,19,28490,07/01/2024 12:00:00 AM
06/30/2024,20,27465,07/01/2024 1:00:00 AM
06/30/2024,21,26824,07/01/2024 2:00:00 AM
06/30/2024,22,26117,07/01/2024 3:00:00 AM
06/30/2024,23,24827,07/01/2024 4:00:00 AM
06/30/2024,24,23509,07/01/2024 5:00:00 AM
07/01/2024,1,,07/01/2024 6:00:00 AM
07/01/2024,2,,07/01/2024 7:00:00 AM
07/01/2024,3,,07/01/2024 8:00:00 AM
07/01/2024,4,,07/01/2024 9:00:00 AM
07/01/2024,5,,07/01/2024 10:00:00 AM
07/01/2024,6,,07/01/2024 11:00:00 AM
07/01/2024,7,,07/01/2024 12:00:00 PM
07/01/2024,8,,07/01/2024 1:00:00 PM
07/01/2024,9,,07/01/2024 2:00:00 PM
07/01/2024,10,,07/01/2024 3:00:00 PM
07/01/2024,11,,07/01/2024 4:00:00 PM
07/01/2024,12,,07/01/2024 5:00:00 PM
07/01/2024,13,,07/01/2024 6:00:00 PM
07/01/2024,14,,07/01/2024 7:00:00 PM
07/01/2024,15,,07/01/2024 8:00:00 PM
07/01/2024,16,,07/01/2024 9:00:00 PM
07/01/2024,17,,07/01/2024 10:00:00 PM
07/01/2024,18,,07/01/2024 11:00:00 PM
07/01/2024,19,,07/02/2024 12:00:00 AM
07/01/2024,20,,07/02/2024 1:00:00 AM
07/01/2024,21,,07/02/2024 2:00:00 AM
07/01/2024,22,,07/02/2024 3:00:00 AM
07/01/2024,23,,07/02/2024 4:00:00 AM
07/01/2024,24,,07/02/2024 5:00:00 AM
07/02/2024,1,22427,07/02/2024 6:00:00 AM
07/02/2024,2,21370,07/02/2024 7:00:00 AM
07/02/2024,3,20702,07/02/2024 8:00:00 AM
07/02/2024,4,20186,07/02/2024 9:00:00 AM
07/02/2024,5,19870,07/02/2024 10:00:00 AM
07/02/2024,6,19971,07/02/2024 11:00:00 AM
07/02/2024,7,20196,07/02/2024 12:00:00 PM
07/02/2024,8,20866,07/02/2024 1:00:00 PM
07/02/2024,9,22007,07/02/2024 2:00:00 PM
07/02/2024,10,23777,07/02/2024 3:00:00 PM
07/02/2024,11,25716,07/02/2024 4:00:00 PM
07/02/2024,12,27632,07/02/2024 5:00:00 PM
07/02/2024,13,29215,07/02/2024 6:00:00 PM
07/02/2024,14,30452,07/02/2024 7:00:00 PM
07/02/2024,15,31354,07/02/2024 8:00:00 PM
07/02/2024,16,31889,07/02/2024 9:00:00 PM
07/02/2024,17,31926,07/02/2024 10:00:00 PM
07/02/2024,18,31814,07/02/2024 11:00:00 PM
07/02/2024,19,31473,07/03/2024 12:00:00 AM
07/02/2024,20,30634,07/03/2024 1:00:00 AM
07/02/2024,21,29753,07/03/2024 2:00:00 AM
07/02/2024,22,28645,07/03/2024 3:00:00 AM
07/02/2024,23,27152,07/03/2024 4:00:00 AM
07/02/2024,24,25546,07/03/2024 5:00:00 AM
07/03/2024,1,24205,07/03/2024 6:00:00 AM
07/03/2024,2,23136,07/03/2024 7:00:00 AM
07/03/2024,3,22329,07/03/2024 8:00:00 AM
07/03/2024,4,21775,07/03/2024 9:00:00 AM
07/03/2024,5,21496,07/03/2024 10:00:00 AM
07/03/2024,6,21639,07/03/2024 11:00:00 AM
07/03/2024,7,21623,07/03/2024 12:00:00 PM
07/03/2024,8,22230,07/03/2024 1:00:00 PM
07/03/2024,9,23462,07/03/2024 2:00:00 PM
07/03/2024,10,25085,07/03/2024 3:00:00 PM
07/03/2024,11,26756,07/03/2024 4:00:00 PM
07/03/2024,12,28392,07/03/2024 5:00:00 PM
07/03/2024,13,29449,07/03/2024 6:00:00 PM
07/03/2024,14,30265,07/03/2024 7:00:00 PM
07/03/2024,15,30501,07/03/2024 8:00:00 PM
07/03/2024,16,30434,07/03/2024 9:00:00 PM
07/03/2024,17,30323,07/03/2024 10:00:00 PM
07/03/2024,18,29921,07/03/2024 11:00:00 PM
07/03/2024,19,29267,07/04/2024 12:00:00 AM
07/03/2024,20,28569,07/04/2024 1:00:00 AM
07/03/2024,21,27857,07/04/2024 2:00:00 AM
07/03/2024,22,27025,07/04/2024 3:00:00 AM
07/03/2024,23,25867,07/04/2024 4:00:00 AM
07/03/2024,24,24657,07/04/2024 5:00:00 AM
07/04/2024,1,23500,07/04/2024 6:00:00 AM
07/04/2024,2,22654,07/04/2024 7:00:00 AM
07/04/2024,3,21810,07/04/2024 8:00:00 AM
07/04/2024,4,21380,07/04/2024 9:00:00 AM
07/04/2024,5,21007,07/04/2024 10:00:00 AM
07/04/2024,6,20997,07/04/2024 11:00:00 AM
07/04/2024,7,20745,07/04/2024 12:00:00 PM
07/04/2024,8,21197,07/04/2024 1:00:00 PM
07/04/2024,9,22639,07/04/2024 2:00:00 PM
07/04/2024,10,24409,07/04/2024 3:00:00 PM
07/04/2024,11,26024,07/04/2024 4:00:00 PM
07/04/2024,12,27328,07/04/2024 5:00:00 PM
07/04/2024,13,28266,07/04/2024 6:00:00 PM
07/04/2024,14,28890,07/04/2024 7:00:00 PM
07/04/2024,15,29170,07/04/2024 8:00:00 PM
07/04/2024,16,29191,07/04/2024 9:00:00 PM
07/04/2024,17,29062,07/04/2024 10:00:00 PM
07/04/2024,18,28925,07/04/2024 11:00:00 PM
07/04/2024,19,28423,07/05/2024 12:00:00 AM
07/04/2024,20,27836,07/05/2024 1:00:00 AM
07/04/2024,21,26900,07/05/2024 2:00:00 AM
07/04/2024,22,26100,07/05/2024 3:00:00 AM
07/04/2024,23,25215,07/05/2024 4:00:00 AM
07/04/2024,24,24118,07/05/2024 5:00:00 AM
07/05/2024,1,23004,07/05/2024 6:00:00 AM
07/05/2024,2,22168,07/05/2024 7:00:00 AM
07/05/2024,3,21587,07/05/2024 8:00:00 AM
07/05/2024,4,20984,07/05/2024 9:00:00 AM
07/05/2024,5,20705,07/05/2024 10:00:00 AM
07/05/2024,6,20775,07/05/2024 11:00:00 AM
07/05/2024,7,20781,07/05/2024 12:00:00 PM
07/05/2024,8,21131,07/05/2024 1:00:00 PM
07/05/2024,9,22053,07/05/2024 2:00:00 PM
07/05/2024,10,23461,07/05/2024 3:00:00 PM
07/05/2024,11,25071,07/05/2024 4:00:00 PM
07/05/2024,12,26486,07/05/2024 5:00:00 PM
07/05/2024,13,27716,07/05/2024 6:00:00 PM
07/05/2024,14,28741,07/05/2024 7:00:00 PM
07/05/2024,15,28866,07/05/2024 8:00:00 PM
07/05/2024,16,28915,07/05/2024 9:00:00 PM
07/05/2024,17,28935,07/05/2024 10:00:00 PM
07/05/2024,18,28549,07/05/2024 11:00:00 PM
07/05/2024,19,27805,07/06/2024 12:00:00 AM
07/05/2024,20,26625,07/06/2024 1:00:00 AM
07/05/2024,21,25642,07/06/2024 2:00:00 AM
07/05/2024,22,24814,07/06/2024 3:00:00 AM
07/05/2024,23,23859,07/06/2024 4:00:00 AM
07/05/2024,24,22669,07/06/2024 5:00:00 AM
07/06/2024,1,21614,07/06/2024 6:00:00 AM
07/06/2024,2,20719,07/06/2024 7:00:00 AM
07/06/2024,3,20027,07/06/2024 8:00:00 AM
07/06/2024,4,19661,07/06/2024 9:00:00 AM
07/06/2024,5,19367,07/06/2024 10:00:00 AM
07/06/2024,6,19370,07/06/2024 11:00:00 AM
07/06/2024,7,19114,07/06/2024 12:00:00 PM
07/06/2024,8,19527,07/06/2024 1:00:00 PM
07/06/2024,9,20298,07/06/2024 2:00:00 PM
07/06/2024,10,21658,07/06/2024 3:00:00 PM
07/06/2024,11,23236,07/06/2024 4:00:00 PM
07/06/2024,12,24667,07/06/2024 5:00:00 PM
07/06/2024,13,26095,07/06/2024 6:00:00 PM
07/06/2024,14,27135,07/06/2024 7:00:00 PM
07/06/2024,15,27836,07/06/2024 8:00:00 PM
07/06/2024,16,28023,07/06/2024 9:00:00 PM
07/06/2024,17,27991,07/06/2024 10:00:00 PM
07/06/2024,18,27735,07/06/2024 11:00:00 PM
07/06/2024,19,27250,07/07/2024 12:00:00 AM
07/06/2024,20,26437,07/07/2024 1:00:00 AM
07/06/2024,21,25635,07/07/2024 2:00:00 AM
07/06/2024,22,24788,07/07/2024 3:00:00 AM
07/06/2024,23,23673,07/07/2024 4:00:00 AM
07/06/2024,24,22644,07/07/2024 5:00:00 AM
07/07/2024,1,21555,07/07/2024 6:00:00 AM
07/07/2024,2,20687,07/07/2024 7:00:00 AM
07/07/2024,3,20026,07/07/2024 8:00:00 AM
07/07/2024,4,19480,07/07/2024 9:00:00 AM
07/07/2024,5,19313,07/07/2024 10:00:00 AM
07/07/2024,6,18995,07/07/2024 11:00:00 AM
07/07/2024,7,18909,07/07/2024 12:00:00 PM
07/07/2024,8,19232,07/07/2024 1:00:00 PM
07/07/2024,9,20482,07/07/2024 2:00:00 PM
07/07/2024,10,22219,07/07/2024 3:00:00 PM
07/07/2024,11,23780,07/07/2024 4:00:00 PM
07/07/2024,12,25207,07/07/2024 5:00:00 PM
07/07/2024,13,26546,07/07/2024 6:00:00 PM
07/07/2024,14,27356,07/07/2024 7:00:00 PM
07/07/2024,15,27770,07/07/2024 8:00:00 PM
07/07/2024,16,27951,07/07/2024 9:00:00 PM
07/07/2024,17,28124,07/07/2024 10:00:00 PM
07/07/2024,18,27722,07/07/2024 11:00:00 PM
07/07/2024,19,27248,07/08/2024 12:00:00 AM
07/07/2024,20,26507,07/08/2024 1:00:00 AM
07/07/2024,21,25880,07/08/2024 2:00:00 AM
07/07/2024,22,25174,07/08/2024 3:00:00 AM
07/07/2024,23,24010,07/08/2024 4:00:00 AM
07/07/2024,24,22829,07/08/2024 5:00:00 AM
07/08/2024,1,21745,07/08/2024 6:00:00 AM
07/08/2024,2,20941,07/08/2024 7:00:00 AM
07/08/2024,3,20390,07/08/2024 8:00:00 AM
07/08/2024,4,20218,07/08/2024 9:00:00 AM
07/08/2024,5,20011,07/08/2024 10:00:00 AM
07/08/2024,6,20395,07/08/2024 11:00:00 AM
07/08/2024,7,20571,07/08/2024 12:00:00 PM
07/08/2024,8,21063,07/08/2024 1:00:00 PM
07/08/2024,9,21792,07/08/2024 2:00:00 PM
07/08/2024,10,22738,07/08/2024 3:00:00 PM
07/08/2024,11,23636,07/08/2024 4:00:00 PM
07/08/2024,12,24435,07/08/2024 5:00:00 PM
07/08/2024,13,25225,07/08/2024 6:00:00 PM
07/08/2024,14,25734,07/08/2024 7:00:00 PM
07/08/2024,15,25950,07/08/2024 8:00:00 PM
07/08/2024,16,26000,07/08/2024 9:00:00 PM
07/08/2024,17,26004,07/08/2024 10:00:00 PM
07/08/2024,18,25846,07/08/2024 11:00:00 PM
07/08/2024,19,25393,07/09/2024 12:00:00 AM
07/08/2024,20,24789,07/09/2024 1:00:00 AM
07/08/2024,21,24325,07/09/2024 2:00:00 AM
07/08/2024,22,23681,07/09/2024 3:00:00 AM
07/08/2024,23,22676,07/09/2024 4:00:00 AM
07/08/2024,24,21598,07/09/2024 5:00:00 AM
07/09/2024,1,20527,07/09/2024 6:00:00 AM
07/09/2024,2,19846,07/09/2024 7:00:00 AM
07/09/2024,3,19346,07/09/2024 8:00:00 AM
07/09/2024,4,19061,07/09/2024 9:00:00 AM
07/09/2024,5,19034,07/09/2024 10:00:00 AM
07/09/2024,6,19223,07/09/2024 11:00:00 AM
07/09/2024,7,19463,07/09/2024 12:00:00 PM
07/09/2024,8,19746,07/09/2024 1:00:00 PM
07/09/2024,9,20441,07/09/2024 2:00:00 PM
07/09/2024,10,21316,07/09/2024 3:00:00 PM
07/09/2024,11,22210,07/09/2024 4:00:00 PM
07/09/2024,12,23163,07/09/2024 5:00:00 PM
07/09/2024,13,23955,07/09/2024 6:00:00 PM
07/09/2024,14,24626,07/09/2024 7:00:00 PM
07/09/2024,15,25535,07/09/2024 8:00:00 PM
07/09/2024,16,26116,07/09/2024 9:00:00 PM
07/09/2024,17,26482,07/09/2024 10:00:00 PM
07/09/2024,18,26480,07/09/2024 11:00:00 PM
07/09/2024,19,26108,07/10/2024 12:00:00 AM
07/09/2024,20,25413,07/10/2024 1:00:00 AM
07/09/2024,21,24527,07/10/2024 2:00:00 AM
07/09/2024,22,23857,07/10/2024 3:00:00 AM
07/09/2024,23,22553,07/10/2024 4:00:00 AM
07/09/2024,24,21273,07/10/2024 5:00:00 AM
07/10/2024,1,20062,07/10/2024 6:00:00 AM
07/10/2024,2,19253,07/10/2024 7:00:00 AM
07/10/2024,3,18636,07/10/2024 8:00:00 AM
07/10/2024,4,18360,07/10/2024 9:00:00 AM
07/10/2024,5,18314,07/10/2024 10:00:00 AM
07/10/2024,6,18474,07/10/2024 11:00:00 AM
07/10/2024,7,18788,07/10/2024 12:00:00 PM
07/10/2024,8,19249,07/10/2024 1:00:00 PM
07/10/2024,9,20210,07/10/2024 2:00:00 PM
07/10/2024,10,21514,07/10/2024 3:00:00 PM
07/10/2024,11,23088,07/10/2024 4:00:00 PM
07/10/2024,12,24456,07/10/2024 5:00:00 PM
07/10/2024,13,25493,07/10/2024 6:00:00 PM
07/10/2024,14,26414,07/10/2024 7:00:00 PM
07/10/2024,15,26800,07/10/2024 8:00:00 PM
07/10/2024,16,27093,07/10/2024 9:00:00 PM
07/10/2024,17,27224,07/10/2024 10:00:00 PM
07/10/2024,18,27261,07/10/2024 11:00:00 PM
07/10/2024,19,27092,07/11/2024 12:00:00 AM
07/10/2024,20,26312,07/11/2024 1:00:00 AM
07/10/2024,21,25311,07/11/2024 2:00:00 AM
07/10/2024,22,24477,07/11/2024 3:00:00 AM
07/10/2024,23,23124,07/11/2024 4:00:00 AM
07/10/2024,24,21635,07/11/2024 5:00:00 AM
07/11/2024,1,20632,07/11/2024 6:00:00 AM
07/11/2024,2,19791,07/11/2024 7:00:00 AM
07/11/2024,3,19159,07/11/2024 8:00:00 AM
07/11/2024,4,18683,07/11/2024 9:00:00 AM
07/11/2024,5,18561,07/11/2024 10:00:00 AM
07/11/2024,6,18756,07/11/2024 11:00:00 AM
07/11/2024,7,18955,07/11/2024 12:00:00 PM
07/11/2024,8,19614,07/11/2024 1:00:00 PM
07/11/2024,9,20749,07/11/2024 2:00:00 PM
07/11/2024,10,22260,07/11/2024 3:00:00 PM
07/11/2024,11,23823,07/11/2024 4:00:00 PM
07/11/2024,12,25218,07/11/2024 5:00:00 PM
07/11/2024,13,26439,07/11/2024 6:00:00 PM
07/11/2024,14,27255,07/11/2024 7:00:00 PM
07/11/2024,15,27758,07/11/2024 8:00:00 PM
07/11/2024,16,27905,07/11/2024 9:00:00 PM
07/11/2024,17,27638,07/11/2024 10:00:00 PM
07/11/2024,18,27360,07/11/2024 11:00:00 PM
07/11/2024,19,26768,07/12/2024 12:00:00 AM
07/11/2024,20,26112,07/12/2024 1:00:00 AM
07/11/2024,21,25303,07/12/2024 2:00:00 AM
07/11/2024,22,24689,07/12/2024 3:00:00 AM
07/11/2024,23,23345,07/12/2024 4:00:00 AM
07/11/2024,24,21875,07/12/2024 5:00:00 AM
07/12/2024,1,20677,07/12/2024 6:00:00 AM
07/12/2024,2,19835,07/12/2024 7:00:00 AM
07/12/2024,3,19312,07/12/2024 8:00:00 AM
07/12/2024,4,18603,07/12/2024 9:00:00 AM
07/12/2024,5,18509,07/12/2024 10:00:00 AM
07/12/2024,6,18611,07/12/2024 11:00:00 AM
07/12/2024,7,18918,07/12/2024 12:00:00 PM
07/12/2024,8,19568,07/12/2024 1:00:00 PM
07/12/2024,9,20603,07/12/2024 2:00:00 PM
07/12/2024,10,22092,07/12/2024 3:00:00 PM
07/12/2024,11,23651,07/12/2024 4:00:00 PM
07/12/2024,12,24945,07/12/2024 5:00:00 PM
07/12/2024,13,26120,07/12/2024 6:00:00 PM
07/12/2024,14,27234,07/12/2024 7:00:00 PM
07/12/2024,15,27986,07/12/2024 8:00:00 PM
07/12/2024,16,28392,07/12/2024 9:00:00 PM
07/12/2024,17,28543,07/12/2024 10:00:00 PM
07/12/2024,18,28334,07/12/2024 11:00:00 PM
07/12/2024,19,27991,07/13/2024 12:00:00 AM
07/12/2024,20,27207,07/13/2024 1:00:00 AM
07/12/2024,21,26416,07/13/2024 2:00:00 AM
07/12/2024,22,25537,07/13/2024 3:00:00 AM
07/12/2024,23,24210,07/13/2024 4:00:00 AM
07/12/2024,24,22959,07/13/2024 5:00:00 AM
07/13/2024,1,21774,07/13/2024 6:00:00 AM
07/13/2024,2,20761,07/13/2024 7:00:00 AM
07/13/2024,3,20139,07/13/2024 8:00:00 AM
07/13/2024,4,19618,07/13/2024 9:00:00 AM
07/13/2024,5,19399,07/13/2024 10:00:00 AM
07/13/2024,6,19261,07/13/2024 11:00:00 AM
07/13/2024,7,19105,07/13/2024 12:00:00 PM
07/13/2024,8,19580,07/13/2024 1:00:00 PM
07/13/2024,9,20949,07/13/2024 2:00:00 PM
07/13/2024,10,22695,07/13/2024 3:00:00 PM
07/13/2024,11,24415,07/13/2024 4:00:00 PM
07/13/2024,12,26012,07/13/2024 5:00:00 PM
07/13/2024,13,27396,07/13/2024 6:00:00 PM
07/13/2024,14,28349,07/13/2024 7:00:00 PM
07/13/2024,15,29053,07/13/2024 8:00:00 PM
07/13/2024,16,29200,07/13/2024 9:00:00 PM
07/13/2024,17,29044,07/13/2024 10:00:00 PM
07/13/2024,18,28727,07/13/2024 11:00:00 PM
07/13/2024,19,28007,07/14/2024 12:00:00 AM
07/13/2024,20,27159,07/14/2024 1:00:00 AM
07/13/2024,21,26229,07/14/2024 2:00:00 AM
07/13/2024,22,25436,07/14/2024 3:00:00 AM
07/13/2024,23,24105,07/14/2024 4:00:00 AM
07/13/2024,24,22970,07/14/2024 5:00:00 AM
07/14/2024,1,21856,07/14/2024 6:00:00 AM
07/14/2024,2,21009,07/14/2024 7:00:00 AM
07/14/2024,3,20174,07/14/2024 8:00:00 AM
07/14/2024,4,19626,07/14/2024 9:00:00 AM
07/14/2024,5,19234,07/14/2024 10:00:00 AM
07/14/2024,6,19174,07/14/2024 11:00:00 AM
07/14/2024,7,18901,07/14/2024 12:00:00 PM
07/14/2024,8,19458,07/14/2024 1:00:00 PM
07/14/2024,9,20755,07/14/2024 2:00:00 PM
07/14/2024,10,22243,07/14/2024 3:00:00 PM
07/14/2024,11,23983,07/14/2024 4:00:00 PM
07/14/2024,12,25625,07/14/2024 5:00:00 PM
07/14/2024,13,27043,07/14/2024 6:00:00 PM
07/14/2024,14,28177,07/14/2024 7:00:00 PM
07/14/2024,15,28895,07/14/2024 8:00:00 PM
07/14/2024,16,29251,07/14/2024 9:00:00 PM
07/14/2024,17,29293,07/14/2024 10:00:00 PM
07/14/2024,18,29250,07/14/2024 11:00:00 PM
07/14/2024,19,28756,07/15/2024 12:00:00 AM
07/14/2024,20,27901,07/15/2024 1:00:00 AM
07/14/2024,21,27133,07/15/2024 2:00:00 AM
07/14/2024,22,26194,07/15/2024 3:00:00 AM
07/14/2024,23,24913,07/15/2024 4:00:00 AM
07/14/2024,24,23397,07/15/2024 5:00:00 AM
07/15/2024,1,22152,07/15/2024 6:00:00 AM
07/15/2024,2,21240,07/15/2024 7:00:00 AM
07/15/2024,3,20516,07/15/2024 8:00:00 AM
07/15/2024,4,20054,07/15/2024 9:00:00 AM
07/15/2024,5,19907,07/15/2024 10:00:00 AM
07/15/2024,6,20157,07/15/2024 11:00:00 AM
07/15/2024,7,20389,07/15/2024 12:00:00 PM
07/15/2024,8,21089,07/15/2024 1:00:00 PM
07/15/2024,9,22383,07/15/2024 2:00:00 PM
07/15/2024,10,23990,07/15/2024 3:00:00 PM
07/15/2024,11,25905,07/15/2024 4:00:00 PM
07/15/2024,12,27529,07/15/2024 5:00:00 PM
07/15/2024,13,28954,07/15/2024 6:00:00 PM
07/15/2024,14,29943,07/15/2024 7:00:00 PM
07/15/2024,15,30611,07/15/2024 8:00:00 PM
07/15/2024,16,30838,07/15/2024 9:00:00 PM
07/15/2024,17,30563,07/15/2024 10:00:00 PM
07/15/2024,18,30178,07/15/2024 11:00:00 PM
07/15/2024,19,29544,07/16/2024 12:00:00 AM
07/15/2024,20,28795,07/16/2024 1:00:00 AM
07/15/2024,21,27961,07/16/2024 2:00:00 AM
07/15/2024,22,26922,07/16/2024 3:00:00 AM
07/15/2024,23,25539,07/16/2024 4:00:00 AM
07/15/2024,24,23987,07/16/2024 5:00:00 AM
07/16/2024,1,22644,07/16/2024 6:00:00 AM
07/16/2024,2,21841,07/16/2024 7:00:00 AM
07/16/2024,3,21165,07/16/2024 8:00:00 AM
07/16/2024,4,20633,07/16/2024 9:00:00 AM
07/16/2024,5,20399,07/16/2024 10:00:00 AM
07/16/2024,6,20571,07/16/2024 11:00:00 AM
07/16/2024,7,20940,07/16/2024 12:00:00 PM
07/16/2024,8,21579,07/16/2024 1:00:00 PM
07/16/2024,9,22792,07/16/2024 2:00:00 PM
07/16/2024,10,24402,07/16/2024 3:00:00 PM
07/16/2024,11,26166,07/16/2024 4:00:00 PM
07/16/2024,12,27834,07/16/2024 5:00:00 PM
07/16/2024,13,29047,07/16/2024 6:00:00 PM
07/16/2024,14,30094,07/16/2024 7:00:00 PM
07/16/2024,15,30638,07/16/2024 8:00:00 PM
07/16/2024,16,30798,07/16/2024 9:00:00 PM
07/16/2024,17,30646,07/16/2024 10:00:00 PM
07/16/2024,18,30363,07/16/2024 11:00:00 PM
07/16/2024,19,29924,07/17/2024 12:00:00 AM
07/16/2024,20,29146,07/17/2024 1:00:00 AM
07/16/2024,21,28200,07/17/2024 2:00:00 AM
07/16/2024,22,27286,07/17/2024 3:00:00 AM
07/16/2024,23,25752,07/17/2024 4:00:00 AM
07/16/2024,24,24123,07/17/2024 5:00:00 AM
07/17/2024,1,22927,07/17/2024 6:00:00 AM
07/17/2024,2,21900,07/17/2024 7:00:00 AM
07/17/2024,3,21251,07/17/2024 8:00:00 AM
07/17/2024,4,20746,07/17/2024 9:00:00 AM
07/17/2024,5,20628,07/17/2024 10:00:00 AM
07/17/2024,6,20698,07/17/2024 11:00:00 AM
07/17/2024,7,20975,07/17/2024 12:00:00 PM
07/17/2024,8,21365,07/17/2024 1:00:00 PM
07/17/2024,9,22352,07/17/2024 2:00:00 PM
07/17/2024,10,23570,07/17/2024 3:00:00 PM
07/17/2024,11,24870,07/17/2024 4:00:00 PM
07/17/2024,12,25825,07/17/2024 5:00:00 PM
07/17/2024,13,26439,07/17/2024 6:00:00 PM
07/17/2024,14,26896,07/17/2024 7:00:00 PM
07/17/2024,15,27050,07/17/2024 8:00:00 PM
07/17/2024,16,27054,07/17/2024 9:00:00 PM
07/17/2024,17,26761,07/17/2024 10:00:00 PM
07/17/2024,18,26557,07/17/2024 11:00:00 PM
07/17/2024,19,26263,07/18/2024 12:00:00 AM
07/17/2024,20,25674,07/18/2024 1:00:00 AM
07/17/2024,21,25024,07/18/2024 2:00:00 AM
07/17/2024,22,24279,07/18/2024 3:00:00 AM
07/17/2024,23,23010,07/18/2024 4:00:00 AM
07/17/2024,24,21705,07/18/2024 5:00:00 AM
07/18/2024,1,20610,07/18/2024 6:00:00 AM
07/18/2024,2,19981,07/18/2024 7:00:00 AM
07/18/2024,3,19410,07/18/2024 8:00:00 AM
07/18/2024,4,19201,07/18/2024 9:00:00 AM
07/18/2024,5,19143,07/18/2024 10:00:00 AM
07/18/2024,6,19384,07/18/2024 11:00:00 AM
07/18/2024,7,19691,07/18/2024 12:00:00 PM
07/18/2024,8,20124,07/18/2024 1:00:00 PM
07/18/2024,9,20887,07/18/2024 2:00:00 PM
07/18/2024,10,21891,07/18/2024 3:00:00 PM
07/18/2024,11,23008,07/18/2024 4:00:00 PM
07/18/2024,12,23987,07/18/2024 5:00:00 PM
07/18/2024,13,24843,07/18/2024 6:00:00 PM
07/18/2024,14,25245,07/18/2024 7:00:00 PM
07/18/2024,15,25401,07/18/2024 8:00:00 PM
07/18/2024,16,25518,07/18/2024 9:00:00 PM
07/18/2024,17,25503,07/18/2024 10:00:00 PM
07/18/2024,18,25293,07/18/2024 11:00:00 PM
07/18/2024,19,25029,07/19/2024 12:00:00 AM
07/18/2024,20,24359,07/19/2024 1:00:00 AM
07/18/2024,21,23972,07/19/2024 2:00:00 AM
07/18/2024,22,23389,07/19/2024 3:00:00 AM
07/18/2024,23,22301,07/19/2024 4:00:00 AM
07/18/2024,24,21121,07/19/2024 5:00:00 AM
07/19/2024,1,20117,07/19/2024 6:00:00 AM
07/19/2024,2,19329,07/19/2024 7:00:00 AM
07/19/2024,3,18653,07/19/2024 8:00:00 AM
07/19/2024,4,18343,07/19/2024 9:00:00 AM
07/19/2024,5,18417,07/19/2024 10:00:00 AM
07/19/2024,6,18662,07/19/2024 11:00:00 AM
07/19/2024,7,18963,07/19/2024 12:00:00 PM
07/19/2024,8,19329,07/19/2024 1:00:00 PM
07/19/2024,9,20125,07/19/2024 2:00:00 PM
07/19/2024,10,21075,07/19/2024 3:00:00 PM
07/19/2024,11,21969,07/19/2024 4:00:00 PM
07/19/2024,12,23001,07/19/2024 5:00:00 PM
07/19/2024,13,23775,07/19/2024 6:00:00 PM
07/19/2024,14,24241,07/19/2024 7:00:00 PM
07/19/2024,15,24828,07/19/2024 8:00:00 PM
07/19/2024,16,25439,07/19/2024 9:00:00 PM
07/19/2024,17,25674,07/19/2024 10:00:00 PM
07/19/2024,18,25398,07/19/2024 11:00:00 PM
07/19/2024,19,25085,07/20/2024 12:00:00 AM
07/19/2024,20,24258,07/20/2024 1:00:00 AM
07/19/2024,21,23643,07/20/2024 2:00:00 AM
07/19/2024,22,22921,07/20/2024 3:00:00 AM
07/19/2024,23,22038,07/20/2024 4:00:00 AM
07/19/2024,24,20963,07/20/2024 5:00:00 AM
07/20/2024,1,19932,07/20/2024 6:00:00 AM
07/20/2024,2,19270,07/20/2024 7:00:00 AM
07/20/2024,3,18679,07/20/2024 8:00:00 AM
07/20/2024,4,18303,07/20/2024 9:00:00 AM
07/20/2024,5,18211,07/20/2024 10:00:00 AM
07/20/2024,6,18130,07/20/2024 11:00:00 AM
07/20/2024,7,18017,07/20/2024 12:00:00 PM
07/20/2024,8,18341,07/20/2024 1:00:00 PM
07/20/2024,9,19346,07/20/2024 2:00:00 PM
07/20/2024,10,20664,07/20/2024 3:00:00 PM
07/20/2024,11,22214,07/20/2024 4:00:00 PM
07/20/2024,12,23674,07/20/2024 5:00:00 PM
07/20/2024,13,24774,07/20/2024 6:00:00 PM
07/20/2024,14,25505,07/20/2024 7:00:00 PM
07/20/2024,15,26029,07/20/2024 8:00:00 PM
07/20/2024,16,26411,07/20/2024 9:00:00 PM
07/20/2024,17,26779,07/20/2024 10:00:00 PM
07/20/2024,18,26781,07/20/2024 11:00:00 PM
07/20/2024,19,26422,07/21/2024 12:00:00 AM
07/20/2024,20,25473,07/21/2024 1:00:00 AM
07/20/2024,21,24503,07/21/2024 2:00:00 AM
07/20/2024,22,23683,07/21/2024 3:00:00 AM
07/20/2024,23,22607,07/21/2024 4:00:00 AM
07/20/2024,24,21515,07/21/2024 5:00:00 AM
07/21/2024,1,20392,07/21/2024 6:00:00 AM
07/21/2024,2,19554,07/21/2024 7:00:00 AM
07/21/2024,3,19028,07/21/2024 8:00:00 AM
07/21/2024,4,18665,07/21/2024 9:00:00 AM
07/21/2024,5,18427,07/21/2024 10:00:00 AM
07/21/2024,6,18271,07/21/2024 11:00:00 AM
07/21/2024,7,18160,07/21/2024 12:00:00 PM
07/21/2024,8,18468,07/21/2024 1:00:00 PM
07/21/2024,9,19420,07/21/2024 2:00:00 PM
07/21/2024,10,21067,07/21/2024 3:00:00 PM
07/21/2024,11,22592,07/21/2024 4:00:00 PM
07/21/2024,12,23707,07/21/2024 5:00:00 PM
07/21/2024,13,24404,07/21/2024 6:00:00 PM
07/21/2024,14,24575,07/21/2024 7:00:00 PM
07/21/2024,15,24503,07/21/2024 8:00:00 PM
07/21/2024,16,24476,07/21/2024 9:00:00 PM
07/21/2024,17,24678,07/21/2024 10:00:00 PM
07/21/2024,18,24713,07/21/2024 11:00:00 PM
07/21/2024,19,24332,07/22/2024 12:00:00 AM
07/21/2024,20,23860,07/22/2024 1:00:00 AM
07/21/2024,21,23221,07/22/2024 2:00:00 AM
07/21/2024,22,22794,07/22/2024 3:00:00 AM
07/21/2024,23,21850,07/22/2024 4:00:00 AM
07/21/2024,24,20726,07/22/2024 5:00:00 AM
07/22/2024,1,19676,07/22/2024 6:00:00 AM
07/22/2024,2,19039,07/22/2024 7:00:00 AM
07/22/2024,3,18619,07/22/2024 8:00:00 AM
07/22/2024,4,18311,07/22/2024 9:00:00 AM
07/22/2024,5,18299,07/22/2024 10:00:00 AM
07/22/2024,6,18584,07/22/2024 11:00:00 AM
07/22/2024,7,18934,07/22/2024 12:00:00 PM
07/22/2024,8,19503,07/22/2024 1:00:00 PM
07/22/2024,9,20491,07/22/2024 2:00:00 PM
07/22/2024,10,21680,07/22/2024 3:00:00 PM
07/22/2024,11,23133,07/22/2024 4:00:00 PM
07/22/2024,12,24503,07/22/2024 5:00:00 PM
07/22/2024,13,25630,07/22/2024 6:00:00 PM
07/22/2024,14,26456,07/22/2024 7:00:00 PM
07/22/2024,15,26660,07/22/2024 8:00:00 PM
07/22/2024,16,26461,07/22/2024 9:00:00 PM
07/22/2024,17,26358,07/22/2024 10:00:00 PM
07/22/2024,18,25876,07/22/2024 11:00:00 PM
07/22/2024,19,25336,07/23/2024 12:00:00 AM
07/22/2024,20,24573,07/23/2024 1:00:00 AM
07/22/2024,21,24080,07/23/2024 2:00:00 AM
07/22/2024,22,23436,07/23/2024 3:00:00 AM
07/22/2024,23,22356,07/23/2024 4:00:00 AM
07/22/2024,24,21195,07/23/2024 5:00:00 AM
07/23/2024,1,20140,07/23/2024 6:00:00 AM
07/23/2024,2,19291,07/23/2024 7:00:00 AM
07/23/2024,3,18869,07/23/2024 8:00:00 AM
07/23/2024,4,18608,07/23/2024 9:00:00 AM
07/23/2024,5,18621,07/23/2024 10:00:00 AM
07/23/2024,6,18809,07/23/2024 11:00:00 AM
07/23/2024,7,19251,07/23/2024 12:00:00 PM
07/23/2024,8,19771,07/23/2024 1:00:00 PM
07/23/2024,9,20549,07/23/2024 2:00:00 PM
07/23/2024,10,21573,07/23/2024 3:00:00 PM
07/23/2024,11,22439,07/23/2024 4:00:00 PM
07/23/2024,12,23336,07/23/2024 5:00:00 PM
07/23/2024,13,23783,07/23/2024 6:00:00 PM
07/23/2024,14,24287,07/23/2024 7:00:00 PM
07/23/2024,15,24387,07/23/2024 8:00:00 PM
07/23/2024,16,24358,07/23/2024 9:00:00 PM
07/23/2024,17,23992,07/23/2024 10:00:00 PM
07/23/2024,18,23593,07/23/2024 11:00:00 PM
07/23/2024,19,23265,07/24/2024 12:00:00 AM
07/23/2024,20,23022,07/24/2024 1:00:00 AM
07/23/2024,21,22889,07/24/2024 2:00:00 AM
07/23/2024,22,22393,07/24/2024 3:00:00 AM
07/23/2024,23,21466,07/24/2024 4:00:00 AM
07/23/2024,24,20546,07/24/2024 5:00:00 AM
07/24/2024,1,19719,07/24/2024 6:00:00 AM
07/24/2024,2,19005,07/24/2024 7:00:00 AM
07/24/2024,3,18567,07/24/2024 8:00:00 AM
07/24/2024,4,18434,07/24/2024 9:00:00 AM
07/24/2024,5,18339,07/24/2024 10:00:00 AM
07/24/2024,6,18733,07/24/2024 11:00:00 AM
07/24/2024,7,19176,07/24/2024 12:00:00 PM
07/24/2024,8,19616,07/24/2024 1:00:00 PM
07/24/2024,9,20177,07/24/2024 2:00:00 PM
07/24/2024,10,20927,07/24/2024 3:00:00 PM
07/24/2024,11,21736,07/24/2024 4:00:00 PM
07/24/2024,12,22793,07/24/2024 5:00:00 PM
07/24/2024,13,23662,07/24/2024 6:00:00 PM
07/24/2024,14,24627,07/24/2024 7:00:00 PM
07/24/2024,15,25300,07/24/2024 8:00:00 PM
07/24/2024,16,25626,07/24/2024 9:00:00 PM
07/24/2024,17,25523,07/24/2024 10:00:00 PM
07/24/2024,18,25224,07/24/2024 11:00:00 PM
07/24/2024,19,24670,07/25/2024 12:00:00 AM
07/24/2024,20,23843,07/25/2024 1:00:00 AM
07/24/2024,21,23454,07/25/2024 2:00:00 AM
07/24/2024,22,22948,07/25/2024 3:00:00 AM
07/24/2024,23,21869,07/25/2024 4:00:00 AM
07/24/2024,24,20861,07/25/2024 5:00:00 AM
07/25/2024,1,19894,07/25/2024 6:00:00 AM
07/25/2024,2,19212,07/25/2024 7:00:00 AM
07/25/2024,3,18760,07/25/2024 8:00:00 AM
07/25/2024,4,18324,07/25/2024 9:00:00 AM
07/25/2024,5,18435,07/25/2024 10:00:00 AM
07/25/2024,6,18926,07/25/2024 11:00:00 AM
07/25/2024,7,19289,07/25/2024 12:00:00 PM
07/25/2024,8,19621,07/25/2024 1:00:00 PM
07/25/2024,9,20160,07/25/2024 2:00:00 PM
07/25/2024,10,21140,07/25/2024 3:00:00 PM
07/25/2024,11,22221,07/25/2024 4:00:00 PM
07/25/2024,12,23361,07/25/2024 5:00:00 PM
07/25/2024,13,24409,07/25/2024 6:00:00 PM
07/25/2024,14,25141,07/25/2024 7:00:00 PM
07/25/2024,15,25570,07/25/2024 8:00:00 PM
07/25/2024,16,25557,07/25/2024 9:00:00 PM
07/25/2024,17,25524,07/25/2024 10:00:00 PM
07/25/2024,18,24993,07/25/2024 11:00:00 PM
07/25/2024,19,24549,07/26/2024 12:00:00 AM
07/25/2024,20,23800,07/26/2024 1:00:00 AM
07/25/2024,21,23460,07/26/2024 2:00:00 AM
07/25/2024,22,22895,07/26/2024 3:00:00 AM
07/25/2024,23,21750,07/26/2024 4:00:00 AM
07/25/2024,24,20753,07/26/2024 5:00:00 AM
07/26/2024,1,19612,07/26/2024 6:00:00 AM
07/26/2024,2,18967,07/26/2024 7:00:00 AM
07/26/2024,3,18541,07/26/2024 8:00:00 AM
07/26/2024,4,18281,07/26/2024 9:00:00 AM
07/26/2024,5,18188,07/26/2024 10:00:00 AM
07/26/2024,6,18639,07/26/2024 11:00:00 AM
07/26/2024,7,19007,07/26/2024 12:00:00 PM
07/26/2024,8,19430,07/26/2024 1:00:00 PM
07/26/2024,9,20045,07/26/2024 2:00:00 PM
07/26/2024,10,20917,07/26/2024 3:00:00 PM
07/26/2024,11,21963,07/26/2024 4:00:00 PM
07/26/2024,12,22752,07/26/2024 5:00:00 PM
07/26/2024,13,23338,07/26/2024 6:00:00 PM
07/26/2024,14,23672,07/26/2024 7:00:00 PM
07/26/2024,15,23640,07/26/2024 8:00:00 PM
07/26/2024,16,23572,07/26/2024 9:00:00 PM
07/26/2024,17,23548,07/26/2024 10:00:00 PM
07/26/2024,18,23395,07/26/2024 11:00:00 PM
07/26/2024,19,22854,07/27/2024 12:00:00 AM
07/26/2024,20,22321,07/27/2024 1:00:00 AM
07/26/2024,21,22095,07/27/2024 2:00:00 AM
07/26/2024,22,21752,07/27/2024 3:00:00 AM
07/26/2024,23,21046,07/27/2024 4:00:00 AM
07/26/2024,24,20153,07/27/2024 5:00:00 AM
07/27/2024,1,19284,07/27/2024 6:00:00 AM
07/27/2024,2,18729,07/27/2024 7:00:00 AM
07/27/2024,3,18261,07/27/2024 8:00:00 AM
07/27/2024,4,17971,07/27/2024 9:00:00 AM
07/27/2024,5,17855,07/27/2024 10:00:00 AM
07/27/2024,6,17816,07/27/2024 11:00:00 AM
07/27/2024,7,17830,07/27/2024 12:00:00 PM
07/27/2024,8,18132,07/27/2024 1:00:00 PM
07/27/2024,9,19028,07/27/2024 2:00:00 PM
07/27/2024,10,20163,07/27/2024 3:00:00 PM
07/27/2024,11,21350,07/27/2024 4:00:00 PM
07/27/2024,12,22570,07/27/2024 5:00:00 PM
07/27/2024,13,23370,07/27/2024 6:00:00 PM
07/27/2024,14,23953,07/27/2024 7:00:00 PM
07/27/2024,15,24478,07/27/2024 8:00:00 PM
07/27/2024,16,24591,07/27/2024 9:00:00 PM
07/27/2024,17,24734,07/27/2024 10:00:00 PM
07/27/2024,18,24527,07/27/2024 11:00:00 PM
07/27/2024,19,24113,07/28/2024 12:00:00 AM
07/27/2024,20,23458,07/28/2024 1:00:00 AM
07/27/2024,21,22988,07/28/2024 2:00:00 AM
07/27/2024,22,22614,07/28/2024 3:00:00 AM
07/27/2024,23,21778,07/28/2024 4:00:00 AM
07/27/2024,24,20825,07/28/2024 5:00:00 AM
07/28/2024,1,19932,07/28/2024 6:00:00 AM
07/28/2024,2,19299,07/28/2024 7:00:00 AM
07/28/2024,3,18747,07/28/2024 8:00:00 AM
07/28/2024,4,18478,07/28/2024 9:00:00 AM
07/28/2024,5,18205,07/28/2024 10:00:00 AM
07/28/2024,6,18028,07/28/2024 11:00:00 AM
07/28/2024,7,18002,07/28/2024 12:00:00 PM
07/28/2024,8,18463,07/28/2024 1:00:00 PM
07/28/2024,9,19563,07/28/2024 2:00:00 PM
07/28/2024,10,21096,07/28/2024 3:00:00 PM
07/28/2024,11,22479,07/28/2024 4:00:00 PM
07/28/2024,12,23966,07/28/2024 5:00:00 PM
07/28/2024,13,25153,07/28/2024 6:00:00 PM
07/28/2024,14,26250,07/28/2024 7:00:00 PM
07/28/2024,15,26819,07/28/2024 8:00:00 PM
07/28/2024,16,27440,07/28/2024 9:00:00 PM
07/28/2024,17,27729,07/28/2024 10:00:00 PM
07/28/2024,18,27578,07/28/2024 11:00:00 PM
07/28/2024,19,27159,07/29/2024 12:00:00 AM
07/28/2024,20,26277,07/29/2024 1:00:00 AM
07/28/2024,21,25683,07/29/2024 2:00:00 AM
07/28/2024,22,24917,07/29/2024 3:00:00 AM
07/28/2024,23,23635,07/29/2024 4:00:00 AM
07/28/2024,24,22178,07/29/2024 5:00:00 AM
07/29/2024,1,21215,07/29/2024 6:00:00 AM
07/29/2024,2,20390,07/29/2024 7:00:00 AM
07/29/2024,3,19760,07/29/2024 8:00:00 AM
07/29/2024,4,19556,07/29/2024 9:00:00 AM
07/29/2024,5,19543,07/29/2024 10:00:00 AM
07/29/2024,6,19807,07/29/2024 11:00:00 AM
07/29/2024,7,20135,07/29/2024 12:00:00 PM
07/29/2024,8,20749,07/29/2024 1:00:00 PM
07/29/2024,9,21999,07/29/2024 2:00:00 PM
07/29/2024,10,23666,07/29/2024 3:00:00 PM
07/29/2024,11,25395,07/29/2024 4:00:00 PM
07/29/2024,12,26997,07/29/2024 5:00:00 PM
07/29/2024,13,28493,07/29/2024 6:00:00 PM
07/29/2024,14,29565,07/29/2024 7:00:00 PM
07/29/2024,15,30327,07/29/2024 8:00:00 PM
07/29/2024,16,30713,07/29/2024 9:00:00 PM
07/29/2024,17,30781,07/29/2024 10:00:00 PM
07/29/2024,18,30628,07/29/2024 11:00:00 PM
07/29/2024,19,30095,07/30/2024 12:00:00 AM
07/29/2024,20,29250,07/30/2024 1:00:00 AM
07/29/2024,21,28270,07/30/2024 2:00:00 AM
07/29/2024,22,27057,07/30/2024 3:00:00 AM
07/29/2024,23,25519,07/30/2024 4:00:00 AM
07/29/2024,24,24125,07/30/2024 5:00:00 AM
07/30/2024,1,22808,07/30/2024 6:00:00 AM
07/30/2024,2,21826,07/30/2024 7:00:00 AM
07/30/2024,3,21040,07/30/2024 8:00:00 AM
07/30/2024,4,20422,07/30/2024 9:00:00 AM
07/30/2024,5,20391,07/30/2024 10:00:00 AM
07/30/2024,6,20539,07/30/2024 11:00:00 AM
07/30/2024,7,20734,07/30/2024 12:00:00 PM
07/30/2024,8,21148,07/30/2024 1:00:00 PM
07/30/2024,9,22573,07/30/2024 2:00:00 PM
07/30/2024,10,24198,07/30/2024 3:00:00 PM
07/30/2024,11,25933,07/30/2024 4:00:00 PM
07/30/2024,12,27643,07/30/2024 5:00:00 PM
07/30/2024,13,29056,07/30/2024 6:00:00 PM
07/30/2024,14,30022,07/30/2024 7:00:00 PM
07/30/2024,15,30804,07/30/2024 8:00:00 PM
07/30/2024,16,31300,07/30/2024 9:00:00 PM
07/30/2024,17,31539,07/30/2024 10:00:00 PM
07/30/2024,18,31239,07/30/2024 11:00:00 PM
07/30/2024,19,30501,07/31/2024 12:00:00 AM
07/30/2024,20,29663,07/31/2024 1:00:00 AM
07/30/2024,21,28800,07/31/2024 2:00:00 AM
07/30/2024,22,27768,07/31/2024 3:00:00 AM
07/30/2024,23,26258,07/31/2024 4:00:00 AM
07/30/2024,24,24665,07/31/2024 5:00:00 AM
07/31/2024,1,23358,07/31/2024 6:00:00 AM
07/31/2024,2,22486,07/31/2024 7:00:00 AM
07/31/2024,3,21633,07/31/2024 8:00:00 AM
07/31/2024,4,21026,07/31/2024 9:00:00 AM
07/31/2024,5,20758,07/31/2024 10:00:00 AM
07/31/2024,6,20916,07/31/2024 11:00:00 AM
07/31/2024,7,21163,07/31/2024 12:00:00 PM
07/31/2024,8,21592,07/31/2024 1:00:00 PM
07/31/2024,9,22837,07/31/2024 2:00:00 PM
07/31/2024,10,24476,07/31/2024 3:00:00 PM
07/31/2024,11,26208,07/31/2024 4:00:00 PM
07/31/2024,12,27846,07/31/2024 5:00:00 PM
07/31/2024,13,29171,07/31/2024 6:00:00 PM
07/31/2024,14,30337,07/31/2024 7:00:00 PM
07/31/2024,15,30976,07/31/2024 8:00:00 PM
07/31/2024,16,31324,07/31/2024 9:00:00 PM
07/31/2024,17,31466,07/31/2024 10:00:00 PM
07/31/2024,18,31327,07/31/2024 11:00:00 PM
07/31/2024,19,30696,08/01/2024 12:00:00 AM
07/31/2024,20,29744,08/01/2024 1:00:00 AM
07/31/2024,21,28759,08/01/2024 2:00:00 AM
07/31/2024,22,27780,08/01/2024 3:00:00 AM
07/31/2024,23,26168,08/01/2024 4:00:00 AM
07/31/2024,24,24576,08/01/2024 5:00:00 AM
08/01/2024,1,23211,08/01/2024 6:00:00 AM
08/01/2024,2,22267,08/01/2024 7:00:00 AM
08/01/2024,3,21478,08/01/2024 8:00:00 AM
08/01/2024,4,20871,08/01/2024 9:00:00 AM
08/01/2024,5,20650,08/01/2024 10:00:00 AM
08/01/2024,6,20671,08/01/2024 11:00:00 AM
08/01/2024,7,20947,08/01/2024 12:00:00 PM
08/01/2024,8,21377,08/01/2024 1:00:00 PM
08/01/2024,9,22529,08/01/2024 2:00:00 PM
08/01/2024,10,24207,08/01/2024 3:00:00 PM
08/01/2024,11,26153,08/01/2024 4:00:00 PM
08/01/2024,12,27734,08/01/2024 5:00:00 PM
08/01/2024,13,29170,08/01/2024 6:00:00 PM
08/01/2024,14,30342,08/01/2024 7:00:00 PM
08/01/2024,15,31299,08/01/2024 8:00:00 PM
08/01/2024,16,31728,08/01/2024 9:00:00 PM
08/01/2024,17,31939,08/01/2024 10:00:00 PM
08/01/2024,18,31545,08/01/2024 11:00:00 PM
08/01/2024,19,31170,08/02/2024 12:00:00 AM
08/01/2024,20,30215,08/02/2024 1:00:00 AM
08/01/2024,21,29278,08/02/2024 2:00:00 AM
08/01/2024,22,28108,08/02/2024 3:00:00 AM
08/01/2024,23,26532,08/02/2024 4:00:00 AM
08/01/2024,24,24984,08/02/2024 5:00:00 AM
08/02/2024,1,23588,08/02/2024 6:00:00 AM
08/02/2024,2,22631,08/02/2024 7:00:00 AM
08/02/2024,3,21863,08/02/2024 8:00:00 AM
08/02/2024,4,21355,08/02/2024 9:00:00 AM
08/02/2024,5,21134,08/02/2024 10:00:00 AM
08/02/2024,6,21163,08/02/2024 11:00:00 AM
08/02/2024,7,21281,08/02/2024 12:00:00 PM
08/02/2024,8,21934,08/02/2024 1:00:00 PM
08/02/2024,9,23193,08/02/2024 2:00:00 PM
08/02/2024,10,24764,08/02/2024 3:00:00 PM
08/02/2024,11,26492,08/02/2024 4:00:00 PM
08/02/2024,12,28128,08/02/2024 5:00:00 PM
08/02/2024,13,29443,08/02/2024 6:00:00 PM
08/02/2024,14,30675,08/02/2024 7:00:00 PM
08/02/2024,15,31316,08/02/2024 8:00:00 PM
08/02/2024,16,31671,08/02/2024 9:00:00 PM
08/02/2024,17,31844,08/02/2024 10:00:00 PM
08/02/2024,18,31491,08/02/2024 11:00:00 PM
08/02/2024,19,30897,08/03/2024 12:00:00 AM
08/02/2024,20,29912,08/03/2024 1:00:00 AM
08/02/2024,21,28910,08/03/2024 2:00:00 AM
08/02/2024,22,27751,08/03/2024 3:00:00 AM
08/02/2024,23,26456,08/03/2024 4:00:00 AM
08/02/2024,24,24959,08/03/2024 5:00:00 AM
08/03/2024,1,23533,08/03/2024 6:00:00 AM
08/03/2024,2,22655,08/03/2024 7:00:00 AM
08/03/2024,3,21877,08/03/2024 8:00:00 AM
08/03/2024,4,21273,08/03/2024 9:00:00 AM
08/03/2024,5,20913,08/03/2024 10:00:00 AM
08/03/2024,6,20733,08/03/2024 11:00:00 AM
08/03/2024,7,20608,08/03/2024 12:00:00 PM
08/03/2024,8,20723,08/03/2024 1:00:00 PM
08/03/2024,9,21974,08/03/2024 2:00:00 PM
08/03/2024,10,23764,08/03/2024 3:00:00 PM
08/03/2024,11,25662,08/03/2024 4:00:00 PM
08/03/2024,12,27470,08/03/2024 5:00:00 PM
08/03/2024,13,28653,08/03/2024 6:00:00 PM
08/03/2024,14,29501,08/03/2024 7:00:00 PM
08/03/2024,15,29816,08/03/2024 8:00:00 PM
08/03/2024,16,29869,08/03/2024 9:00:00 PM
08/03/2024,17,29581,08/03/2024 10:00:00 PM
08/03/2024,18,29170,08/03/2024 11:00:00 PM
08/03/2024,19,28221,08/04/2024 12:00:00 AM
08/03/2024,20,27110,08/04/2024 1:00:00 AM
08/03/2024,21,26281,08/04/2024 2:00:00 AM
08/03/2024,22,25421,08/04/2024 3:00:00 AM
08/03/2024,23,24050,08/04/2024 4:00:00 AM
08/03/2024,24,22759,08/04/2024 5:00:00 AM
08/04/2024,1,21726,08/04/2024 6:00:00 AM
08/04/2024,2,20919,08/04/2024 7:00:00 AM
08/04/2024,3,20165,08/04/2024 8:00:00 AM
08/04/2024,4,19684,08/04/2024 9:00:00 AM
08/04/2024,5,19321,08/04/2024 10:00:00 AM
08/04/2024,6,19198,08/04/2024 11:00:00 AM
08/04/2024,7,18908,08/04/2024 12:00:00 PM
08/04/2024,8,19236,08/04/2024 1:00:00 PM
08/04/2024,9,20488,08/04/2024 2:00:00 PM
08/04/2024,10,22278,08/04/2024 3:00:00 PM
08/04/2024,11,24225,08/04/2024 4:00:00 PM
08/04/2024,12,25945,08/04/2024 5:00:00 PM
08/04/2024,13,27393,08/04/2024 6:00:00 PM
08/04/2024,14,28638,08/04/2024 7:00:00 PM
08/04/2024,15,29401,08/04/2024 8:00:00 PM
08/04/2024,16,29965,08/04/2024 9:00:00 PM
08/04/2024,17,30152,08/04/2024 10:00:00 PM
08/04/2024,18,30077,08/04/2024 11:00:00 PM
08/04/2024,19,29728,08/05/2024 12:00:00 AM
08/04/2024,20,28691,08/05/2024 1:00:00 AM
08/04/2024,21,27816,08/05/2024 2:00:00 AM
08/04/2024,22,26713,08/05/2024 3:00:00 AM
08/04/2024,23,25151,08/05/2024 4:00:00 AM
08/04/2024,24,23662,08/05/2024 5:00:00 AM
08/05/2024,1,22382,08/05/2024 6:00:00 AM
08/05/2024,2,21457,08/05/2024 7:00:00 AM
08/05/2024,3,20779,08/05/2024 8:00:00 AM
08/05/2024,4,20320,08/05/2024 9:00:00 AM
08/05/2024,5,20049,08/05/2024 10:00:00 AM
08/05/2024,6,20201,08/05/2024 11:00:00 AM
08/05/2024,7,20483,08/05/2024 12:00:00 PM
08/05/2024,8,21000,08/05/2024 1:00:00 PM
08/05/2024,9,22355,08/05/2024 2:00:00 PM
08/05/2024,10,23925,08/05/2024 3:00:00 PM
08/05/2024,11,26036,08/05/2024 4:00:00 PM
08/05/2024,12,28111,08/05/2024 5:00:00 PM
08/05/2024,13,29659,08/05/2024 6:00:00 PM
08/05/2024,14,30695,08/05/2024 7:00:00 PM
08/05/2024,15,31460,08/05/2024 8:00:00 PM
08/05/2024,16,31990,08/05/2024 9:00:00 PM
08/05/2024,17,32096,08/05/2024 10:00:00 PM
08/05/2024,18,31863,08/05/2024 11:00:00 PM
08/05/2024,19,31401,08/06/2024 12:00:00 AM
08/05/2024,20,30475,08/06/2024 1:00:00 AM
08/05/2024,21,29562,08/06/2024 2:00:00 AM
08/05/2024,22,28265,08/06/2024 3:00:00 AM
08/05/2024,23,26478,08/06/2024 4:00:00 AM
08/05/2024,24,24770,08/06/2024 5:00:00 AM
08/06/2024,1,23388,08/06/2024 6:00:00 AM
08/06/2024,2,22308,08/06/2024 7:00:00 AM
08/06/2024,3,21594,08/06/2024 8:00:00 AM
08/06/2024,4,20978,08/06/2024 9:00:00 AM
08/06/2024,5,20786,08/06/2024 10:00:00 AM
08/06/2024,6,20970,08/06/2024 11:00:00 AM
08/06/2024,7,21342,08/06/2024 12:00:00 PM
08/06/2024,8,21770,08/06/2024 1:00:00 PM
08/06/2024,9,22959,08/06/2024 2:00:00 PM
08/06/2024,10,24670,08/06/2024 3:00:00 PM
08/06/2024,11,26804,08/06/2024 4:00:00 PM
08/06/2024,12,28656,08/06/2024 5:00:00 PM
08/06/2024,13,30066,08/06/2024 6:00:00 PM
08/06/2024,14,31241,08/06/2024 7:00:00 PM
08/06/2024,15,31927,08/06/2024 8:00:00 PM
08/06/2024,16,32217,08/06/2024 9:00:00 PM
08/06/2024,17,32368,08/06/2024 10:00:00 PM
08/06/2024,18,32150,08/06/2024 11:00:00 PM
08/06/2024,19,31569,08/07/2024 12:00:00 AM
08/06/2024,20,30517,08/07/2024 1:00:00 AM
08/06/2024,21,29700,08/07/2024 2:00:00 AM
08/06/2024,22,28433,08/07/2024 3:00:00 AM
08/06/2024,23,26753,08/07/2024 4:00:00 AM
08/06/2024,24,25144,08/07/2024 5:00:00 AM
08/07/2024,1,23848,08/07/2024 6:00:00 AM
08/07/2024,2,22760,08/07/2024 7:00:00 AM
08/07/2024,3,21927,08/07/2024 8:00:00 AM
08/07/2024,4,21328,08/07/2024 9:00:00 AM
08/07/2024,5,21078,08/07/2024 10:00:00 AM
08/07/2024,6,21073,08/07/2024 11:00:00 AM
08/07/2024,7,21305,08/07/2024 12:00:00 PM
08/07/2024,8,21553,08/07/2024 1:00:00 PM
08/07/2024,9,22592,08/07/2024 2:00:00 PM
08/07/2024,10,24010,08/07/2024 3:00:00 PM
08/07/2024,11,25673,08/07/2024 4:00:00 PM
08/07/2024,12,27416,08/07/2024 5:00:00 PM
08/07/2024,13,28954,08/07/2024 6:00:00 PM
08/07/2024,14,30111,08/07/2024 7:00:00 PM
08/07/2024,15,30912,08/07/2024 8:00:00 PM
08/07/2024,16,31488,08/07/2024 9:00:00 PM
08/07/2024,17,31760,08/07/2024 10:00:00 PM
08/07/2024,18,31524,08/07/2024 11:00:00 PM
08/07/2024,19,31081,08/08/2024 12:00:00 AM
08/07/2024,20,29904,08/08/2024 1:00:00 AM
08/07/2024,21,28885,08/08/2024 2:00:00 AM
08/07/2024,22,27582,08/08/2024 3:00:00 AM
08/07/2024,23,25910,08/08/2024 4:00:00 AM
08/07/2024,24,24237,08/08/2024 5:00:00 AM
08/08/2024,1,22874,08/08/2024 6:00:00 AM
08/08/2024,2,21768,08/08/2024 7:00:00 AM
08/08/2024,3,21037,08/08/2024 8:00:00 AM
08/08/2024,4,20434,08/08/2024 9:00:00 AM
08/08/2024,5,20283,08/08/2024 10:00:00 AM
08/08/2024,6,20477,08/08/2024 11:00:00 AM
08/08/2024,7,20929,08/08/2024 12:00:00 PM
08/08/2024,8,21036,08/08/2024 1:00:00 PM
08/08/2024,9,21977,08/08/2024 2:00:00 PM
08/08/2024,10,23153,08/08/2024 3:00:00 PM
08/08/2024,11,24847,08/08/2024 4:00:00 PM
08/08/2024,12,26559,08/08/2024 5:00:00 PM
08/08/2024,13,28002,08/08/2024 6:00:00 PM
08/08/2024,14,29437,08/08/2024 7:00:00 PM
08/08/2024,15,30369,08/08/2024 8:00:00 PM
08/08/2024,16,30890,08/08/2024 9:00:00 PM
08/08/2024,17,31203,08/08/2024 10:00:00 PM
08/08/2024,18,31023,08/08/2024 11:00:00 PM
08/08/2024,19,30448,08/09/2024 12:00:00 AM
08/08/2024,20,29422,08/09/2024 1:00:00 AM
08/08/2024,21,28330,08/09/2024 2:00:00 AM
08/08/2024,22,27204,08/09/2024 3:00:00 AM
08/08/2024,23,25680,08/09/2024 4:00:00 AM
08/08/2024,24,24046,08/09/2024 5:00:00 AM
08/09/2024,1,22696,08/09/2024 6:00:00 AM
08/09/2024,2,21649,08/09/2024 7:00:00 AM
08/09/2024,3,20944,08/09/2024 8:00:00 AM
08/09/2024,4,20374,08/09/2024 9:00:00 AM
08/09/2024,5,20072,08/09/2024 10:00:00 AM
08/09/2024,6,20266,08/09/2024 11:00:00 AM
08/09/2024,7,20410,08/09/2024 12:00:00 PM
08/09/2024,8,20717,08/09/2024 1:00:00 PM
08/09/2024,9,21606,08/09/2024 2:00:00 PM
08/09/2024,10,22917,08/09/2024 3:00:00 PM
08/09/2024,11,24516,08/09/2024 4:00:00 PM
08/09/2024,12,26130,08/09/2024 5:00:00 PM
08/09/2024,13,27530,08/09/2024 6:00:00 PM
08/09/2024,14,28702,08/09/2024 7:00:00 PM
08/09/2024,15,29543,08/09/2024 8:00:00 PM
08/09/2024,16,29958,08/09/2024 9:00:00 PM
08/09/2024,17,30268,08/09/2024 10:00:00 PM
08/09/2024,18,30156,08/09/2024 11:00:00 PM
08/09/2024,19,29484,08/10/2024 12:00:00 AM
08/09/2024,20,28382,08/10/2024 1:00:00 AM
08/09/2024,21,27325,08/10/2024 2:00:00 AM
08/09/2024,22,26175,08/10/2024 3:00:00 AM
08/09/2024,23,24759,08/10/2024 4:00:00 AM
08/09/2024,24,23416,08/10/2024 5:00:00 AM
08/10/2024,1,22195,08/10/2024 6:00:00 AM
08/10/2024,2,21183,08/10/2024 7:00:00 AM
08/10/2024,3,20437,08/10/2024 8:00:00 AM
08/10/2024,4,19741,08/10/2024 9:00:00 AM
08/10/2024,5,19330,08/10/2024 10:00:00 AM
08/10/2024,6,19193,08/10/2024 11:00:00 AM
08/10/2024,7,19081,08/10/2024 12:00:00 PM
08/10/2024,8,19257,08/10/2024 1:00:00 PM
08/10/2024,9,20233,08/10/2024 2:00:00 PM
08/10/2024,10,21708,08/10/2024 3:00:00 PM
08/10/2024,11,23237,08/10/2024 4:00:00 PM
08/10/2024,12,24760,08/10/2024 5:00:00 PM
08/10/2024,13,26176,08/10/2024 6:00:00 PM
08/10/2024,14,27286,08/10/2024 7:00:00 PM
08/10/2024,15,28066,08/10/2024 8:00:00 PM
08/10/2024,16,28750,08/10/2024 9:00:00 PM
08/10/2024,17,28914,08/10/2024 10:00:00 PM
08/10/2024,18,28834,08/10/2024 11:00:00 PM
08/10/2024,19,28274,08/11/2024 12:00:00 AM
08/10/2024,20,27100,08/11/2024 1:00:00 AM
08/10/2024,21,26174,08/11/2024 2:00:00 AM
08/10/2024,22,25051,08/11/2024 3:00:00 AM
08/10/2024,23,23698,08/11/2024 4:00:00 AM
08/10/2024,24,22251,08/11/2024 5:00:00 AM
08/11/2024,1,21151,08/11/2024 6:00:00 AM
08/11/2024,2,20248,08/11/2024 7:00:00 AM
08/11/2024,3,19352,08/11/2024 8:00:00 AM
08/11/2024,4,18877,08/11/2024 9:00:00 AM
08/11/2024,5,18500,08/11/2024 10:00:00 AM
08/11/2024,6,18261,08/11/2024 11:00:00 AM
08/11/2024,7,18066,08/11/2024 12:00:00 PM
08/11/2024,8,18268,08/11/2024 1:00:00 PM
08/11/2024,9,19485,08/11/2024 2:00:00 PM
08/11/2024,10,20910,08/11/2024 3:00:00 PM
08/11/2024,11,22559,08/11/2024 4:00:00 PM
08/11/2024,12,24101,08/11/2024 5:00:00 PM
08/11/2024,13,25473,08/11/2024 6:00:00 PM
08/11/2024,14,26714,08/11/2024 7:00:00 PM
08/11/2024,15,27543,08/11/2024 8:00:00 PM
08/11/2024,16,28125,08/11/2024 9:00:00 PM
08/11/2024,17,28455,08/11/2024 10:00:00 PM
08/11/2024,18,28372,08/11/2024 11:00:00 PM
08/11/2024,19,27957,08/12/2024 12:00:00 AM
08/11/2024,20,27020,08/12/2024 1:00:00 AM
08/11/2024,21,26315,08/12/2024 2:00:00 AM
08/11/2024,22,25296,08/12/2024 3:00:00 AM
08/11/2024,23,23850,08/12/2024 4:00:00 AM
08/11/2024,24,22377,08/12/2024 5:00:00 AM
08/12/2024,1,21267,08/12/2024 6:00:00 AM
08/12/2024,2,20362,08/12/2024 7:00:00 AM
08/12/2024,3,19678,08/12/2024 8:00:00 AM
08/12/2024,4,19334,08/12/2024 9:00:00 AM
08/12/2024,5,19259,08/12/2024 10:00:00 AM
08/12/2024,6,19522,08/12/2024 11:00:00 AM
08/12/2024,7,20034,08/12/2024 12:00:00 PM
08/12/2024,8,20353,08/12/2024 1:00:00 PM
08/12/2024,9,21276,08/12/2024 2:00:00 PM
08/12/2024,10,22700,08/12/2024 3:00:00 PM
08/12/2024,11,24405,08/12/2024 4:00:00 PM
08/12/2024,12,26092,08/12/2024 5:00:00 PM
08/12/2024,13,27402,08/12/2024 6:00:00 PM
08/12/2024,14,28713,08/12/2024 7:00:00 PM
08/12/2024,15,29518,08/12/2024 8:00:00 PM
08/12/2024,16,29925,08/12/2024 9:00:00 PM
08/12/2024,17,30355,08/12/2024 10:00:00 PM
08/12/2024,18,30165,08/12/2024 11:00:00 PM
08/12/2024,19,29659,08/13/2024 12:00:00 AM
08/12/2024,20,28595,08/13/2024 1:00:00 AM
08/12/2024,21,27878,08/13/2024 2:00:00 AM
08/12/2024,22,26598,08/13/2024 3:00:00 AM
08/12/2024,23,25100,08/13/2024 4:00:00 AM
08/12/2024,24,23555,08/13/2024 5:00:00 AM
08/13/2024,1,22299,08/13/2024 6:00:00 AM
08/13/2024,2,21338,08/13/2024 7:00:00 AM
08/13/2024,3,20666,08/13/2024 8:00:00 AM
08/13/2024,4,20254,08/13/2024 9:00:00 AM
08/13/2024,5,20061,08/13/2024 10:00:00 AM
08/13/2024,6,20159,08/13/2024 11:00:00 AM
08/13/2024,7,20694,08/13/2024 12:00:00 PM
08/13/2024,8,20868,08/13/2024 1:00:00 PM
08/13/2024,9,21948,08/13/2024 2:00:00 PM
08/13/2024,10,23676,08/13/2024 3:00:00 PM
08/13/2024,11,25670,08/13/2024 4:00:00 PM
08/13/2024,12,27513,08/13/2024 5:00:00 PM
08/13/2024,13,29052,08/13/2024 6:00:00 PM
08/13/2024,14,30080,08/13/2024 7:00:00 PM
08/13/2024,15,30652,08/13/2024 8:00:00 PM
08/13/2024,16,30959,08/13/2024 9:00:00 PM
08/13/2024,17,30947,08/13/2024 10:00:00 PM
08/13/2024,18,30667,08/13/2024 11:00:00 PM
08/13/2024,19,30291,08/14/2024 12:00:00 AM
08/13/2024,20,29465,08/14/2024 1:00:00 AM
08/13/2024,21,28648,08/14/2024 2:00:00 AM
08/13/2024,22,27529,08/14/2024 3:00:00 AM
08/13/2024,23,25815,08/14/2024 4:00:00 AM
08/13/2024,24,24336,08/14/2024 5:00:00 AM
08/14/2024,1,23106,08/14/2024 6:00:00 AM
08/14/2024,2,22095,08/14/2024 7:00:00 AM
08/14/2024,3,21385,08/14/2024 8:00:00 AM
08/14/2024,4,20972,08/14/2024 9:00:00 AM
08/14/2024,5,20901,08/14/2024 10:00:00 AM
08/14/2024,6,21122,08/14/2024 11:00:00 AM
08/14/2024,7,21610,08/14/2024 12:00:00 PM
08/14/2024,8,21755,08/14/2024 1:00:00 PM
08/14/2024,9,22691,08/14/2024 2:00:00 PM
08/14/2024,10,24121,08/14/2024 3:00:00 PM
08/14/2024,11,25867,08/14/2024 4:00:00 PM
08/14/2024,12,27706,08/14/2024 5:00:00 PM
08/14/2024,13,29172,08/14/2024 6:00:00 PM
08/14/2024,14,30484,08/14/2024 7:00:00 PM
08/14/2024,15,31245,08/14/2024 8:00:00 PM
08/14/2024,16,31573,08/14/2024 9:00:00 PM
08/14/2024,17,31578,08/14/2024 10:00:00 PM
08/14/2024,18,31325,08/14/2024 11:00:00 PM
08/14/2024,19,30766,08/15/2024 12:00:00 AM
08/14/2024,20,29688,08/15/2024 1:00:00 AM
08/14/2024,21,28757,08/15/2024 2:00:00 AM
08/14/2024,22,27467,08/15/2024 3:00:00 AM
08/14/2024,23,25809,08/15/2024 4:00:00 AM
08/14/2024,24,24194,08/15/2024 5:00:00 AM
08/15/2024,1,22908,08/15/2024 6:00:00 AM
08/15/2024,2,22055,08/15/2024 7:00:00 AM
08/15/2024,3,21377,08/15/2024 8:00:00 AM
08/15/2024,4,20911,08/15/2024 9:00:00 AM
08/15/2024,5,20707,08/15/2024 10:00:00 AM
08/15/2024,6,20977,08/15/2024 11:00:00 AM
08/15/2024,7,21504,08/15/2024 12:00:00 PM
08/15/2024,8,21733,08/15/2024 1:00:00 PM
08/15/2024,9,22740,08/15/2024 2:00:00 PM
08/15/2024,10,24355,08/15/2024 3:00:00 PM
08/15/2024,11,26204,08/15/2024 4:00:00 PM
08/15/2024,12,28086,08/15/2024 5:00:00 PM
08/15/2024,13,29847,08/15/2024 6:00:00 PM
08/15/2024,14,31075,08/15/2024 7:00:00 PM
08/15/2024,15,31739,08/15/2024 8:00:00 PM
08/15/2024,16,31962,08/15/2024 9:00:00 PM
08/15/2024,17,31866,08/15/2024 10:00:00 PM
08/15/2024,18,31026,08/15/2024 11:00:00 PM
08/15/2024,19,29907,08/16/2024 12:00:00 AM
08/15/2024,20,28778,08/16/2024 1:00:00 AM
08/15/2024,21,28078,08/16/2024 2:00:00 AM
08/15/2024,22,26910,08/16/2024 3:00:00 AM
08/15/2024,23,25270,08/16/2024 4:00:00 AM
08/15/2024,24,23932,08/16/2024 5:00:00 AM
08/16/2024,1,22614,08/16/2024 6:00:00 AM
08/16/2024,2,21718,08/16/2024 7:00:00 AM
08/16/2024,3,21152,08/16/2024 8:00:00 AM
08/16/2024,4,20699,08/16/2024 9:00:00 AM
08/16/2024,5,20493,08/16/2024 10:00:00 AM
08/16/2024,6,20605,08/16/2024 11:00:00 AM
08/16/2024,7,21115,08/16/2024 12:00:00 PM
08/16/2024,8,21218,08/16/2024 1:00:00 PM
08/16/2024,9,22162,08/16/2024 2:00:00 PM
08/16/2024,10,23756,08/16/2024 3:00:00 PM
08/16/2024,11,25861,08/16/2024 4:00:00 PM
08/16/2024,12,27801,08/16/2024 5:00:00 PM
08/16/2024,13,29473,08/16/2024 6:00:00 PM
08/16/2024,14,30758,08/16/2024 7:00:00 PM
08/16/2024,15,31444,08/16/2024 8:00:00 PM
08/16/2024,16,31529,08/16/2024 9:00:00 PM
08/16/2024,17,31402,08/16/2024 10:00:00 PM
08/16/2024,18,30921,08/16/2024 11:00:00 PM
08/16/2024,19,30034,08/17/2024 12:00:00 AM
08/16/2024,20,29027,08/17/2024 1:00:00 AM
08/16/2024,21,28242,08/17/2024 2:00:00 AM
08/16/2024,22,27048,08/17/2024 3:00:00 AM
08/16/2024,23,25591,08/17/2024 4:00:00 AM
08/16/2024,24,24307,08/17/2024 5:00:00 AM
08/17/2024,1,23145,08/17/2024 6:00:00 AM
08/17/2024,2,21975,08/17/2024 7:00:00 AM
08/17/2024,3,21227,08/17/2024 8:00:00 AM
08/17/2024,4,20550,08/17/2024 9:00:00 AM
08/17/2024,5,20265,08/17/2024 10:00:00 AM
08/17/2024,6,20131,08/17/2024 11:00:00 AM
08/17/2024,7,20037,08/17/2024 12:00:00 PM
08/17/2024,8,20371,08/17/2024 1:00:00 PM
08/17/2024,9,21592,08/17/2024 2:00:00 PM
08/17/2024,10,23162,08/17/2024 3:00:00 PM
08/17/2024,11,25011,08/17/2024 4:00:00 PM
08/17/2024,12,26768,08/17/2024 5:00:00 PM
08/17/2024,13,28370,08/17/2024 6:00:00 PM
08/17/2024,14,29455,08/17/2024 7:00:00 PM
08/17/2024,15,30331,08/17/2024 8:00:00 PM
08/17/2024,16,30748,08/17/2024 9:00:00 PM
08/17/2024,17,30755,08/17/2024 10:00:00 PM
08/17/2024,18,30648,08/17/2024 11:00:00 PM
08/17/2024,19,29929,08/18/2024 12:00:00 AM
08/17/2024,20,28755,08/18/2024 1:00:00 AM
08/17/2024,21,27675,08/18/2024 2:00:00 AM
08/17/2024,22,26353,08/18/2024 3:00:00 AM
08/17/2024,23,25026,08/18/2024 4:00:00 AM
08/17/2024,24,23666,08/18/2024 5:00:00 AM
08/18/2024,1,22382,08/18/2024 6:00:00 AM
08/18/2024,2,21264,08/18/2024 7:00:00 AM
08/18/2024,3,20412,08/18/2024 8:00:00 AM
08/18/2024,4,19967,08/18/2024 9:00:00 AM
08/18/2024,5,19715,08/18/2024 10:00:00 AM
08/18/2024,6,19533,08/18/2024 11:00:00 AM
08/18/2024,7,19507,08/18/2024 12:00:00 PM
08/18/2024,8,19713,08/18/2024 1:00:00 PM
08/18/2024,9,21071,08/18/2024 2:00:00 PM
08/18/2024,10,23060,08/18/2024 3:00:00 PM
08/18/2024,11,25111,08/18/2024 4:00:00 PM
08/18/2024,12,27094,08/18/2024 5:00:00 PM
08/18/2024,13,29029,08/18/2024 6:00:00 PM
08/18/2024,14,30489,08/18/2024 7:00:00 PM
08/18/2024,15,31375,08/18/2024 8:00:00 PM
08/18/2024,16,32037,08/18/2024 9:00:00 PM
08/18/2024,17,32225,08/18/2024 10:00:00 PM
08/18/2024,18,31786,08/18/2024 11:00:00 PM
08/18/2024,19,31165,08/19/2024 12:00:00 AM
08/18/2024,20,29952,08/19/2024 1:00:00 AM
08/18/2024,21,28772,08/19/2024 2:00:00 AM
08/18/2024,22,27274,08/19/2024 3:00:00 AM
08/18/2024,23,25541,08/19/2024 4:00:00 AM
08/18/2024,24,24047,08/19/2024 5:00:00 AM
08/19/2024,1,22886,08/19/2024 6:00:00 AM
08/19/2024,2,21888,08/19/2024 7:00:00 AM
08/19/2024,3,21192,08/19/2024 8:00:00 AM
08/19/2024,4,20670,08/19/2024 9:00:00 AM
08/19/2024,5,20317,08/19/2024 10:00:00 AM
08/19/2024,6,20450,08/19/2024 11:00:00 AM
08/19/2024,7,20916,08/19/2024 12:00:00 PM
08/19/2024,8,21147,08/19/2024 1:00:00 PM
08/19/2024,9,21601,08/19/2024 2:00:00 PM
08/19/2024,10,22366,08/19/2024 3:00:00 PM
08/19/2024,11,23236,08/19/2024 4:00:00 PM
08/19/2024,12,24086,08/19/2024 5:00:00 PM
08/19/2024,13,25294,08/19/2024 6:00:00 PM
08/19/2024,14,26738,08/19/2024 7:00:00 PM
08/19/2024,15,27810,08/19/2024 8:00:00 PM
08/19/2024,16,28428,08/19/2024 9:00:00 PM
08/19/2024,17,28701,08/19/2024 10:00:00 PM
08/19/2024,18,28564,08/19/2024 11:00:00 PM
08/19/2024,19,28248,08/20/2024 12:00:00 AM
08/19/2024,20,27600,08/20/2024 1:00:00 AM
08/19/2024,21,26967,08/20/2024 2:00:00 AM
08/19/2024,22,25683,08/20/2024 3:00:00 AM
08/19/2024,23,24064,08/20/2024 4:00:00 AM
08/19/2024,24,22545,08/20/2024 5:00:00 AM
08/20/2024,1,21290,08/20/2024 6:00:00 AM
08/20/2024,2,20511,08/20/2024 7:00:00 AM
08/20/2024,3,19727,08/20/2024 8:00:00 AM
08/20/2024,4,19351,08/20/2024 9:00:00 AM
08/20/2024,5,19277,08/20/2024 10:00:00 AM
08/20/2024,6,19548,08/20/2024 11:00:00 AM
08/20/2024,7,20041,08/20/2024 12:00:00 PM
08/20/2024,8,20167,08/20/2024 1:00:00 PM
08/20/2024,9,20727,08/20/2024 2:00:00 PM
08/20/2024,10,21853,08/20/2024 3:00:00 PM
08/20/2024,11,23352,08/20/2024 4:00:00 PM
08/20/2024,12,24803,08/20/2024 5:00:00 PM
08/20/2024,13,26309,08/20/2024 6:00:00 PM
08/20/2024,14,27640,08/20/2024 7:00:00 PM
08/20/2024,15,28424,08/20/2024 8:00:00 PM
08/20/2024,16,28918,08/20/2024 9:00:00 PM
08/20/2024,17,29256,08/20/2024 10:00:00 PM
08/20/2024,18,29096,08/20/2024 11:00:00 PM
08/20/2024,19,28370,08/21/2024 12:00:00 AM
08/20/2024,20,27348,08/21/2024 1:00:00 AM
08/20/2024,21,26417,08/21/2024 2:00:00 AM
08/20/2024,22,24991,08/21/2024 3:00:00 AM
08/20/2024,23,23376,08/21/2024 4:00:00 AM
08/20/2024,24,21945,08/21/2024 5:00:00 AM
08/21/2024,1,20747,08/21/2024 6:00:00 AM
08/21/2024,2,19790,08/21/2024 7:00:00 AM
08/21/2024,3,19199,08/21/2024 8:00:00 AM
08/21/2024,4,18726,08/21/2024 9:00:00 AM
08/21/2024,5,18458,08/21/2024 10:00:00 AM
08/21/2024,6,18700,08/21/2024 11:00:00 AM
08/21/2024,7,19089,08/21/2024 12:00:00 PM
08/21/2024,8,19191,08/21/2024 1:00:00 PM
08/21/2024,9,19704,08/21/2024 2:00:00 PM
08/21/2024,10,20761,08/21/2024 3:00:00 PM
08/21/2024,11,22010,08/21/2024 4:00:00 PM
08/21/2024,12,23670,08/21/2024 5:00:00 PM
08/21/2024,13,25220,08/21/2024 6:00:00 PM
08/21/2024,14,26705,08/21/2024 7:00:00 PM
08/21/2024,15,27703,08/21/2024 8:00:00 PM
08/21/2024,16,28344,08/21/2024 9:00:00 PM
08/21/2024,17,28807,08/21/2024 10:00:00 PM
08/21/2024,18,28776,08/21/2024 11:00:00 PM
08/21/2024,19,28265,08/22/2024 12:00:00 AM
08/21/2024,20,27085,08/22/2024 1:00:00 AM
08/21/2024,21,26020,08/22/2024 2:00:00 AM
08/21/2024,22,24504,08/22/2024 3:00:00 AM
08/21/2024,23,22922,08/22/2024 4:00:00 AM
08/21/2024,24,21432,08/22/2024 5:00:00 AM
08/22/2024,1,20394,08/22/2024 6:00:00 AM
08/22/2024,2,19470,08/22/2024 7:00:00 AM
08/22/2024,3,18801,08/22/2024 8:00:00 AM
08/22/2024,4,18317,08/22/2024 9:00:00 AM
08/22/2024,5,18313,08/22/2024 10:00:00 AM
08/22/2024,6,18596,08/22/2024 11:00:00 AM
08/22/2024,7,19078,08/22/2024 12:00:00 PM
08/22/2024,8,19268,08/22/2024 1:00:00 PM
08/22/2024,9,19952,08/22/2024 2:00:00 PM
08/22/2024,10,20944,08/22/2024 3:00:00 PM
08/22/2024,11,22843,08/22/2024 4:00:00 PM
08/22/2024,12,24368,08/22/2024 5:00:00 PM
08/22/2024,13,25936,08/22/2024 6:00:00 PM
08/22/2024,14,27335,08/22/2024 7:00:00 PM
08/22/2024,15,28324,08/22/2024 8:00:00 PM
08/22/2024,16,29052,08/22/2024 9:00:00 PM
08/22/2024,17,29295,08/22/2024 10:00:00 PM
08/22/2024,18,29086,08/22/2024 11:00:00 PM
08/22/2024,19,28318,08/23/2024 12:00:00 AM
08/22/2024,20,27311,08/23/2024 1:00:00 AM
08/22/2024,21,26493,08/23/2024 2:00:00 AM
08/22/2024,22,25169,08/23/2024 3:00:00 AM
08/22/2024,23,23633,08/23/2024 4:00:00 AM
08/22/2024,24,22152,08/23/2024 5:00:00 AM
08/23/2024,1,20899,08/23/2024 6:00:00 AM
08/23/2024,2,20064,08/23/2024 7:00:00 AM
08/23/2024,3,19555,08/23/2024 8:00:00 AM
08/23/2024,4,19056,08/23/2024 9:00:00 AM
08/23/2024,5,18844,08/23/2024 10:00:00 AM
08/23/2024,6,19263,08/23/2024 11:00:00 AM
08/23/2024,7,19716,08/23/2024 12:00:00 PM
08/23/2024,8,19992,08/23/2024 1:00:00 PM
08/23/2024,9,20897,08/23/2024 2:00:00 PM
08/23/2024,10,22169,08/23/2024 3:00:00 PM
08/23/2024,11,23949,08/23/2024 4:00:00 PM
08/23/2024,12,25610,08/23/2024 5:00:00 PM
08/23/2024,13,27205,08/23/2024 6:00:00 PM
08/23/2024,14,28355,08/23/2024 7:00:00 PM
08/23/2024,15,29308,08/23/2024 8:00:00 PM
08/23/2024,16,29690,08/23/2024 9:00:00 PM
08/23/2024,17,29966,08/23/2024 10:00:00 PM
08/23/2024,18,29634,08/23/2024 11:00:00 PM
08/23/2024,19,28880,08/24/2024 12:00:00 AM
08/23/2024,20,27731,08/24/2024 1:00:00 AM
08/23/2024,21,26718,08/24/2024 2:00:00 AM
08/23/2024,22,25356,08/24/2024 3:00:00 AM
08/23/2024,23,23789,08/24/2024 4:00:00 AM
08/23/2024,24,22540,08/24/2024 5:00:00 AM
08/24/2024,1,21214,08/24/2024 6:00:00 AM
08/24/2024,2,20270,08/24/2024 7:00:00 AM
08/24/2024,3,19619,08/24/2024 8:00:00 AM
08/24/2024,4,19062,08/24/2024 9:00:00 AM
08/24/2024,5,18730,08/24/2024 10:00:00 AM
08/24/2024,6,18598,08/24/2024 11:00:00 AM
08/24/2024,7,18645,08/24/2024 12:00:00 PM
08/24/2024,8,18665,08/24/2024 1:00:00 PM
08/24/2024,9,19790,08/24/2024 2:00:00 PM
08/24/2024,10,21350,08/24/2024 3:00:00 PM
08/24/2024,11,23210,08/24/2024 4:00:00 PM
08/24/2024,12,25053,08/24/2024 5:00:00 PM
08/24/2024,13,26348,08/24/2024 6:00:00 PM
08/24/2024,14,27585,08/24/2024 7:00:00 PM
08/24/2024,15,28446,08/24/2024 8:00:00 PM
08/24/2024,16,28934,08/24/2024 9:00:00 PM
08/24/2024,17,29048,08/24/2024 10:00:00 PM
08/24/2024,18,28911,08/24/2024 11:00:00 PM
08/24/2024,19,28113,08/25/2024 12:00:00 AM
08/24/2024,20,27021,08/25/2024 1:00:00 AM
08/24/2024,21,25979,08/25/2024 2:00:00 AM
08/24/2024,22,24705,08/25/2024 3:00:00 AM
08/24/2024,23,23331,08/25/2024 4:00:00 AM
08/24/2024,24,22024,08/25/2024 5:00:00 AM
08/25/2024,1,20947,08/25/2024 6:00:00 AM
08/25/2024,2,19883,08/25/2024 7:00:00 AM
08/25/2024,3,19257,08/25/2024 8:00:00 AM
08/25/2024,4,18848,08/25/2024 9:00:00 AM
08/25/2024,5,18421,08/25/2024 10:00:00 AM
08/25/2024,6,18176,08/25/2024 11:00:00 AM
08/25/2024,7,18192,08/25/2024 12:00:00 PM
08/25/2024,8,18370,08/25/2024 1:00:00 PM
08/25/2024,9,19491,08/25/2024 2:00:00 PM
08/25/2024,10,21133,08/25/2024 3:00:00 PM
08/25/2024,11,22877,08/25/2024 4:00:00 PM
08/25/2024,12,24689,08/25/2024 5:00:00 PM
08/25/2024,13,26342,08/25/2024 6:00:00 PM
08/25/2024,14,27598,08/25/2024 7:00:00 PM
08/25/2024,15,28447,08/25/2024 8:00:00 PM
08/25/2024,16,28557,08/25/2024 9:00:00 PM
08/25/2024,17,28512,08/25/2024 10:00:00 PM
08/25/2024,18,28361,08/25/2024 11:00:00 PM
08/25/2024,19,27619,08/26/2024 12:00:00 AM
08/25/2024,20,26646,08/26/2024 1:00:00 AM
08/25/2024,21,26065,08/26/2024 2:00:00 AM
08/25/2024,22,24968,08/26/2024 3:00:00 AM
08/25/2024,23,23358,08/26/2024 4:00:00 AM
08/25/2024,24,21945,08/26/2024 5:00:00 AM
08/26/2024,1,20480,08/26/2024 6:00:00 AM
08/26/2024,2,19672,08/26/2024 7:00:00 AM
08/26/2024,3,19128,08/26/2024 8:00:00 AM
08/26/2024,4,18749,08/26/2024 9:00:00 AM
08/26/2024,5,18710,08/26/2024 10:00:00 AM
08/26/2024,6,19167,08/26/2024 11:00:00 AM
08/26/2024,7,19860,08/26/2024 12:00:00 PM
08/26/2024,8,20120,08/26/2024 1:00:00 PM
08/26/2024,9,21081,08/26/2024 2:00:00 PM
08/26/2024,10,22661,08/26/2024 3:00:00 PM
08/26/2024,11,24388,08/26/2024 4:00:00 PM
08/26/2024,12,26171,08/26/2024 5:00:00 PM
08/26/2024,13,27391,08/26/2024 6:00:00 PM
08/26/2024,14,28505,08/26/2024 7:00:00 PM
08/26/2024,15,29126,08/26/2024 8:00:00 PM
08/26/2024,16,29533,08/26/2024 9:00:00 PM
08/26/2024,17,29760,08/26/2024 10:00:00 PM
08/26/2024,18,29595,08/26/2024 11:00:00 PM
08/26/2024,19,29095,08/27/2024 12:00:00 AM
08/26/2024,20,28024,08/27/2024 1:00:00 AM
08/26/2024,21,27257,08/27/2024 2:00:00 AM
08/26/2024,22,25827,08/27/2024 3:00:00 AM
08/26/2024,23,24094,08/27/2024 4:00:00 AM
08/26/2024,24,22611,08/27/2024 5:00:00 AM
08/27/2024,1,21334,08/27/2024 6:00:00 AM
08/27/2024,2,20446,08/27/2024 7:00:00 AM
08/27/2024,3,19815,08/27/2024 8:00:00 AM
08/27/2024,4,19299,08/27/2024 9:00:00 AM
08/27/2024,5,19051,08/27/2024 10:00:00 AM
08/27/2024,6,19391,08/27/2024 11:00:00 AM
08/27/2024,7,20007,08/27/2024 12:00:00 PM
08/27/2024,8,20245,08/27/2024 1:00:00 PM
08/27/2024,9,21156,08/27/2024 2:00:00 PM
08/27/2024,10,22713,08/27/2024 3:00:00 PM
08/27/2024,11,24728,08/27/2024 4:00:00 PM
08/27/2024,12,26621,08/27/2024 5:00:00 PM
08/27/2024,13,28132,08/27/2024 6:00:00 PM
08/27/2024,14,29151,08/27/2024 7:00:00 PM
08/27/2024,15,29491,08/27/2024 8:00:00 PM
08/27/2024,16,29530,08/27/2024 9:00:00 PM
08/27/2024,17,29555,08/27/2024 10:00:00 PM
08/27/2024,18,29324,08/27/2024 11:00:00 PM
08/27/2024,19,28754,08/28/2024 12:00:00 AM
08/27/2024,20,28121,08/28/2024 1:00:00 AM
08/27/2024,21,27597,08/28/2024 2:00:00 AM
08/27/2024,22,26194,08/28/2024 3:00:00 AM
08/27/2024,23,24563,08/28/2024 4:00:00 AM
08/27/2024,24,23073,08/28/2024 5:00:00 AM
08/28/2024,1,21782,08/28/2024 6:00:00 AM
08/28/2024,2,20962,08/28/2024 7:00:00 AM
08/28/2024,3,20346,08/28/2024 8:00:00 AM
08/28/2024,4,20015,08/28/2024 9:00:00 AM
08/28/2024,5,19726,08/28/2024 10:00:00 AM
08/28/2024,6,20077,08/28/2024 11:00:00 AM
08/28/2024,7,20706,08/28/2024 12:00:00 PM
08/28/2024,8,20793,08/28/2024 1:00:00 PM
08/28/2024,9,21747,08/28/2024 2:00:00 PM
08/28/2024,10,23085,08/28/2024 3:00:00 PM
08/28/2024,11,24950,08/28/2024 4:00:00 PM
08/28/2024,12,26645,08/28/2024 5:00:00 PM
08/28/2024,13,27922,08/28/2024 6:00:00 PM
08/28/2024,14,29026,08/28/2024 7:00:00 PM
08/28/2024,15,29372,08/28/2024 8:00:00 PM
08/28/2024,16,29354,08/28/2024 9:00:00 PM
08/28/2024,17,29023,08/28/2024 10:00:00 PM
08/28/2024,18,28516,08/28/2024 11:00:00 PM
08/28/2024,19,27806,08/29/2024 12:00:00 AM
08/28/2024,20,27084,08/29/2024 1:00:00 AM
08/28/2024,21,26414,08/29/2024 2:00:00 AM
08/28/2024,22,25205,08/29/2024 3:00:00 AM
08/28/2024,23,23835,08/29/2024 4:00:00 AM
08/28/2024,24,22419,08/29/2024 5:00:00 AM
08/29/2024,1,21276,08/29/2024 6:00:00 AM
08/29/2024,2,20487,08/29/2024 7:00:00 AM
08/29/2024,3,19942,08/29/2024 8:00:00 AM
08/29/2024,4,19606,08/29/2024 9:00:00 AM
08/29/2024,5,19552,08/29/2024 10:00:00 AM
08/29/2024,6,19898,08/29/2024 11:00:00 AM
08/29/2024,7,20661,08/29/2024 12:00:00 PM
08/29/2024,8,20874,08/29/2024 1:00:00 PM
08/29/2024,9,21673,08/29/2024 2:00:00 PM
08/29/2024,10,23017,08/29/2024 3:00:00 PM
08/29/2024,11,24618,08/29/2024 4:00:00 PM
08/29/2024,12,25770,08/29/2024 5:00:00 PM
08/29/2024,13,26600,08/29/2024 6:00:00 PM
08/29/2024,14,26858,08/29/2024 7:00:00 PM
08/29/2024,15,26860,08/29/2024 8:00:00 PM
08/29/2024,16,26514,08/29/2024 9:00:00 PM
08/29/2024,17,26099,08/29/2024 10:00:00 PM
08/29/2024,18,25643,08/29/2024 11:00:00 PM
08/29/2024,19,25104,08/30/2024 12:00:00 AM
08/29/2024,20,24673,08/30/2024 1:00:00 AM
08/29/2024,21,24279,08/30/2024 2:00:00 AM
08/29/2024,22,23674,08/30/2024 3:00:00 AM
08/29/2024,23,22456,08/30/2024 4:00:00 AM
08/29/2024,24,21158,08/30/2024 5:00:00 AM
08/30/2024,1,20307,08/30/2024 6:00:00 AM
08/30/2024,2,19513,08/30/2024 7:00:00 AM
08/30/2024,3,19100,08/30/2024 8:00:00 AM
08/30/2024,4,18752,08/30/2024 9:00:00 AM
08/30/2024,5,18825,08/30/2024 10:00:00 AM
08/30/2024,6,19227,08/30/2024 11:00:00 AM
08/30/2024,7,20063,08/30/2024 12:00:00 PM
08/30/2024,8,20260,08/30/2024 1:00:00 PM
08/30/2024,9,20685,08/30/2024 2:00:00 PM
08/30/2024,10,21259,08/30/2024 3:00:00 PM
08/30/2024,11,21953,08/30/2024 4:00:00 PM
08/30/2024,12,22669,08/30/2024 5:00:00 PM
08/30/2024,13,23440,08/30/2024 6:00:00 PM
08/30/2024,14,24195,08/30/2024 7:00:00 PM
08/30/2024,15,24734,08/30/2024 8:00:00 PM
08/30/2024,16,25012,08/30/2024 9:00:00 PM
08/30/2024,17,25284,08/30/2024 10:00:00 PM
08/30/2024,18,24918,08/30/2024 11:00:00 PM
08/30/2024,19,24329,08/31/2024 12:00:00 AM
08/30/2024,20,23680,08/31/2024 1:00:00 AM
08/30/2024,21,23240,08/31/2024 2:00:00 AM
08/30/2024,22,22585,08/31/2024 3:00:00 AM
08/30/2024,23,21701,08/31/2024 4:00:00 AM
08/30/2024,24,20814,08/31/2024 5:00:00 AM
08/31/2024,1,20035,08/31/2024 6:00:00 AM
08/31/2024,2,19379,08/31/2024 7:00:00 AM
08/31/2024,3,18850,08/31/2024 8:00:00 AM
08/31/2024,4,18579,08/31/2024 9:00:00 AM
08/31/2024,5,18510,08/31/2024 10:00:00 AM
08/31/2024,6,18502,08/31/2024 11:00:00 AM
08/31/2024,7,18575,08/31/2024 12:00:00 PM
08/31/2024,8,18745,08/31/2024 1:00:00 PM
08/31/2024,9,19342,08/31/2024 2:00:00 PM
08/31/2024,10,20235,08/31/2024 3:00:00 PM
08/31/2024,11,21196,08/31/2024 4:00:00 PM
08/31/2024,12,22016,08/31/2024 5:00:00 PM
08/31/2024,13,22722,08/31/2024 6:00:00 PM
08/31/2024,14,23494,08/31/2024 7:00:00 PM
08/31/2024,15,24066,08/31/2024 8:00:00 PM
08/31/2024,16,24290,08/31/2024 9:00:00 PM
08/31/2024,17,24299,08/31/2024 10:00:00 PM
08/31/2024,18,24098,08/31/2024 11:00:00 PM
08/31/2024,19,23673,09/01/2024 12:00:00 AM
08/31/2024,20,23300,09/01/2024 1:00:00 AM
08/31/2024,21,23046,09/01/2024 2:00:00 AM
08/31/2024,22,22320,09/01/2024 3:00:00 AM
08/31/2024,23,21449,09/01/2024 4:00:00 AM
08/31/2024,24,20561,09/01/2024 5:00:00 AM
09/01/2024,1,19626,09/01/2024 6:00:00 AM
09/01/2024,2,18988,09/01/2024 7:00:00 AM
09/01/2024,3,18530,09/01/2024 8:00:00 AM
09/01/2024,4,18246,09/01/2024 9:00:00 AM
09/01/2024,5,18066,09/01/2024 10:00:00 AM
09/01/2024,6,18073,09/01/2024 11:00:00 AM
09/01/2024,7,18080,09/01/2024 12:00:00 PM
09/01/2024,8,18263,09/01/2024 1:00:00 PM
09/01/2024,9,19026,09/01/2024 2:00:00 PM
09/01/2024,10,20173,09/01/2024 3:00:00 PM
09/01/2024,11,21367,09/01/2024 4:00:00 PM
09/01/2024,12,22595,09/01/2024 5:00:00 PM
09/01/2024,13,23714,09/01/2024 6:00:00 PM
09/01/2024,14,24711,09/01/2024 7:00:00 PM
09/01/2024,15,25410,09/01/2024 8:00:00 PM
09/01/2024,16,25752,09/01/2024 9:00:00 PM
09/01/2024,17,25841,09/01/2024 10:00:00 PM
09/01/2024,18,25703,09/01/2024 11:00:00 PM
09/01/2024,19,25116,09/02/2024 12:00:00 AM
09/01/2024,20,24220,09/02/2024 1:00:00 AM
09/01/2024,21,23643,09/02/2024 2:00:00 AM
09/01/2024,22,22667,09/02/2024 3:00:00 AM
09/01/2024,23,21682,09/02/2024 4:00:00 AM
09/01/2024,24,20701,09/02/2024 5:00:00 AM
09/02/2024,1,19607,09/02/2024 6:00:00 AM
09/02/2024,2,18865,09/02/2024 7:00:00 AM
09/02/2024,3,18231,09/02/2024 8:00:00 AM
09/02/2024,4,17865,09/02/2024 9:00:00 AM
09/02/2024,5,17757,09/02/2024 10:00:00 AM
09/02/2024,6,17820,09/02/2024 11:00:00 AM
09/02/2024,7,17908,09/02/2024 12:00:00 PM
09/02/2024,8,17937,09/02/2024 1:00:00 PM
09/02/2024,9,18939,09/02/2024 2:00:00 PM
09/02/2024,10,20527,09/02/2024 3:00:00 PM
09/02/2024,11,22237,09/02/2024 4:00:00 PM
09/02/2024,12,24029,09/02/2024 5:00:00 PM
09/02/2024,13,25579,09/02/2024 6:00:00 PM
09/02/2024,14,26891,09/02/2024 7:00:00 PM
09/02/2024,15,27638,09/02/2024 8:00:00 PM
09/02/2024,16,28051,09/02/2024 9:00:00 PM
09/02/2024,17,28125,09/02/2024 10:00:00 PM
09/02/2024,18,27865,09/02/2024 11:00:00 PM
09/02/2024,19,27025,09/03/2024 12:00:00 AM
09/02/2024,20,26291,09/03/2024 1:00:00 AM
09/02/2024,21,25540,09/03/2024 2:00:00 AM
09/02/2024,22,24204,09/03/2024 3:00:00 AM
09/02/2024,23,22701,09/03/2024 4:00:00 AM
09/02/2024,24,21294,09/03/2024 5:00:00 AM
09/03/2024,1,20181,09/03/2024 6:00:00 AM
09/03/2024,2,19383,09/03/2024 7:00:00 AM
09/03/2024,3,18847,09/03/2024 8:00:00 AM
09/03/2024,4,18466,09/03/2024 9:00:00 AM
09/03/2024,5,18408,09/03/2024 10:00:00 AM
09/03/2024,6,18674,09/03/2024 11:00:00 AM
09/03/2024,7,19370,09/03/2024 12:00:00 PM
09/03/2024,8,19568,09/03/2024 1:00:00 PM
09/03/2024,9,20025,09/03/2024 2:00:00 PM
09/03/2024,10,21167,09/03/2024 3:00:00 PM
09/03/2024,11,22743,09/03/2024 4:00:00 PM
09/03/2024,12,24408,09/03/2024 5:00:00 PM
09/03/2024,13,26245,09/03/2024 6:00:00 PM
09/03/2024,14,27617,09/03/2024 7:00:00 PM
09/03/2024,15,28684,09/03/2024 8:00:00 PM
09/03/2024,16,29038,09/03/2024 9:00:00 PM
09/03/2024,17,29057,09/03/2024 10:00:00 PM
09/03/2024,18,28526,09/03/2024 11:00:00 PM
09/03/2024,19,27708,09/04/2024 12:00:00 AM
09/03/2024,20,26838,09/04/2024 1:00:00 AM
09/03/2024,21,26251,09/04/2024 2:00:00 AM
09/03/2024,22,24893,09/04/2024 3:00:00 AM
09/03/2024,23,23525,09/04/2024 4:00:00 AM
09/03/2024,24,22164,09/04/2024 5:00:00 AM
09/04/2024,1,21051,09/04/2024 6:00:00 AM
09/04/2024,2,20280,09/04/2024 7:00:00 AM
09/04/2024,3,19641,09/04/2024 8:00:00 AM
09/04/2024,4,19372,09/04/2024 9:00:00 AM
09/04/2024,5,19285,09/04/2024 10:00:00 AM
09/04/2024,6,19647,09/04/2024 11:00:00 AM
09/04/2024,7,20335,09/04/2024 12:00:00 PM
09/04/2024,8,20436,09/04/2024 1:00:00 PM
09/04/2024,9,20843,09/04/2024 2:00:00 PM
09/04/2024,10,21576,09/04/2024 3:00:00 PM
09/04/2024,11,22624,09/04/2024 4:00:00 PM
09/04/2024,12,23180,09/04/2024 5:00:00 PM
09/04/2024,13,23887,09/04/2024 6:00:00 PM
09/04/2024,14,24430,09/04/2024 7:00:00 PM
09/04/2024,15,24702,09/04/2024 8:00:00 PM
09/04/2024,16,24695,09/04/2024 9:00:00 PM
09/04/2024,17,24734,09/04/2024 10:00:00 PM
09/04/2024,18,24508,09/04/2024 11:00:00 PM
09/04/2024,19,24101,09/05/2024 12:00:00 AM
09/04/2024,20,24030,09/05/2024 1:00:00 AM
09/04/2024,21,23707,09/05/2024 2:00:00 AM
09/04/2024,22,23117,09/05/2024 3:00:00 AM
09/04/2024,23,21974,09/05/2024 4:00:00 AM
09/04/2024,24,20991,09/05/2024 5:00:00 AM
09/05/2024,1,20156,09/05/2024 6:00:00 AM
09/05/2024,2,19562,09/05/2024 7:00:00 AM
09/05/2024,3,19113,09/05/2024 8:00:00 AM
09/05/2024,4,18896,09/05/2024 9:00:00 AM
09/05/2024,5,18862,09/05/2024 10:00:00 AM
09/05/2024,6,19174,09/05/2024 11:00:00 AM
09/05/2024,7,20028,09/05/2024 12:00:00 PM
09/05/2024,8,20185,09/05/2024 1:00:00 PM
09/05/2024,9,20315,09/05/2024 2:00:00 PM
09/05/2024,10,20761,09/05/2024 3:00:00 PM
09/05/2024,11,21264,09/05/2024 4:00:00 PM
09/05/2024,12,21861,09/05/2024 5:00:00 PM
09/05/2024,13,22428,09/05/2024 6:00:00 PM
09/05/2024,14,23004,09/05/2024 7:00:00 PM
09/05/2024,15,23363,09/05/2024 8:00:00 PM
09/05/2024,16,23360,09/05/2024 9:00:00 PM
09/05/2024,17,23449,09/05/2024 10:00:00 PM
09/05/2024,18,23262,09/05/2024 11:00:00 PM
09/05/2024,19,23157,09/06/2024 12:00:00 AM
09/05/2024,20,23167,09/06/2024 1:00:00 AM
09/05/2024,21,23116,09/06/2024 2:00:00 AM
09/05/2024,22,22448,09/06/2024 3:00:00 AM
09/05/2024,23,21323,09/06/2024 4:00:00 AM
09/05/2024,24,20376,09/06/2024 5:00:00 AM
09/06/2024,1,19691,09/06/2024 6:00:00 AM
09/06/2024,2,19081,09/06/2024 7:00:00 AM
09/06/2024,3,18688,09/06/2024 8:00:00 AM
09/06/2024,4,18557,09/06/2024 9:00:00 AM
09/06/2024,5,18545,09/06/2024 10:00:00 AM
09/06/2024,6,18868,09/06/2024 11:00:00 AM
09/06/2024,7,19695,09/06/2024 12:00:00 PM
09/06/2024,8,19922,09/06/2024 1:00:00 PM
09/06/2024,9,20110,09/06/2024 2:00:00 PM
09/06/2024,10,20571,09/06/2024 3:00:00 PM
09/06/2024,11,21016,09/06/2024 4:00:00 PM
09/06/2024,12,21484,09/06/2024 5:00:00 PM
09/06/2024,13,21943,09/06/2024 6:00:00 PM
09/06/2024,14,22643,09/06/2024 7:00:00 PM
09/06/2024,15,22868,09/06/2024 8:00:00 PM
09/06/2024,16,22714,09/06/2024 9:00:00 PM
09/06/2024,17,22664,09/06/2024 10:00:00 PM
09/06/2024,18,22276,09/06/2024 11:00:00 PM
09/06/2024,19,21761,09/07/2024 12:00:00 AM
09/06/2024,20,21551,09/07/2024 1:00:00 AM
09/06/2024,21,21215,09/07/2024 2:00:00 AM
09/06/2024,22,20677,09/07/2024 3:00:00 AM
09/06/2024,23,19915,09/07/2024 4:00:00 AM
09/06/2024,24,19051,09/07/2024 5:00:00 AM
09/07/2024,1,18198,09/07/2024 6:00:00 AM
09/07/2024,2,17622,09/07/2024 7:00:00 AM
09/07/2024,3,17225,09/07/2024 8:00:00 AM
09/07/2024,4,16868,09/07/2024 9:00:00 AM
09/07/2024,5,16815,09/07/2024 10:00:00 AM
09/07/2024,6,16724,09/07/2024 11:00:00 AM
09/07/2024,7,16984,09/07/2024 12:00:00 PM
09/07/2024,8,17003,09/07/2024 1:00:00 PM
09/07/2024,9,17555,09/07/2024 2:00:00 PM
09/07/2024,10,18289,09/07/2024 3:00:00 PM
09/07/2024,11,19085,09/07/2024 4:00:00 PM
09/07/2024,12,19792,09/07/2024 5:00:00 PM
09/07/2024,13,20402,09/07/2024 6:00:00 PM
09/07/2024,14,21037,09/07/2024 7:00:00 PM
09/07/2024,15,21380,09/07/2024 8:00:00 PM
09/07/2024,16,21896,09/07/2024 9:00:00 PM
09/07/2024,17,21882,09/07/2024 10:00:00 PM
09/07/2024,18,21951,09/07/2024 11:00:00 PM
09/07/2024,19,21522,09/08/2024 12:00:00 AM
09/07/2024,20,21064,09/08/2024 1:00:00 AM
09/07/2024,21,20765,09/08/2024 2:00:00 AM
09/07/2024,22,20029,09/08/2024 3:00:00 AM
09/07/2024,23,19292,09/08/2024 4:00:00 AM
09/07/2024,24,18281,09/08/2024 5:00:00 AM
09/08/2024,1,17406,09/08/2024 6:00:00 AM
09/08/2024,2,16748,09/08/2024 7:00:00 AM
09/08/2024,3,16198,09/08/2024 8:00:00 AM
09/08/2024,4,15959,09/08/2024 9:00:00 AM
09/08/2024,5,15650,09/08/2024 10:00:00 AM
09/08/2024,6,15481,09/08/2024 11:00:00 AM
09/08/2024,7,15582,09/08/2024 12:00:00 PM
09/08/2024,8,15584,09/08/2024 1:00:00 PM
09/08/2024,9,16198,09/08/2024 2:00:00 PM
09/08/2024,10,16847,09/08/2024 3:00:00 PM
09/08/2024,11,17603,09/08/2024 4:00:00 PM
09/08/2024,12,18585,09/08/2024 5:00:00 PM
09/08/2024,13,19784,09/08/2024 6:00:00 PM
09/08/2024,14,20852,09/08/2024 7:00:00 PM
09/08/2024,15,21780,09/08/2024 8:00:00 PM
09/08/2024,16,22568,09/08/2024 9:00:00 PM
09/08/2024,17,22841,09/08/2024 10:00:00 PM
09/08/2024,18,22796,09/08/2024 11:00:00 PM
09/08/2024,19,22399,09/09/2024 12:00:00 AM
09/08/2024,20,21730,09/09/2024 1:00:00 AM
09/08/2024,21,21373,09/09/2024 2:00:00 AM
09/08/2024,22,20306,09/09/2024 3:00:00 AM
09/08/2024,23,18903,09/09/2024 4:00:00 AM
09/08/2024,24,17681,09/09/2024 5:00:00 AM
09/09/2024,1,16656,09/09/2024 6:00:00 AM
09/09/2024,2,16078,09/09/2024 7:00:00 AM
09/09/2024,3,15690,09/09/2024 8:00:00 AM
09/09/2024,4,15509,09/09/2024 9:00:00 AM
09/09/2024,5,15402,09/09/2024 10:00:00 AM
09/09/2024,6,15687,09/09/2024 11:00:00 AM
09/09/2024,7,16475,09/09/2024 12:00:00 PM
09/09/2024,8,16662,09/09/2024 1:00:00 PM
09/09/2024,9,16856,09/09/2024 2:00:00 PM
09/09/2024,10,17348,09/09/2024 3:00:00 PM
09/09/2024,11,18129,09/09/2024 4:00:00 PM
09/09/2024,12,19059,09/09/2024 5:00:00 PM
09/09/2024,13,20107,09/09/2024 6:00:00 PM
09/09/2024,14,21256,09/09/2024 7:00:00 PM
09/09/2024,15,22347,09/09/2024 8:00:00 PM
09/09/2024,16,23120,09/09/2024 9:00:00 PM
09/09/2024,17,23647,09/09/2024 10:00:00 PM
09/09/2024,18,23709,09/09/2024 11:00:00 PM
09/09/2024,19,23325,09/10/2024 12:00:00 AM
09/09/2024,20,22934,09/10/2024 1:00:00 AM
09/09/2024,21,22633,09/10/2024 2:00:00 AM
09/09/2024,22,21561,09/10/2024 3:00:00 AM
09/09/2024,23,20422,09/10/2024 4:00:00 AM
09/09/2024,24,19115,09/10/2024 5:00:00 AM
09/10/2024,1,18233,09/10/2024 6:00:00 AM
09/10/2024,2,17517,09/10/2024 7:00:00 AM
09/10/2024,3,17200,09/10/2024 8:00:00 AM
09/10/2024,4,16956,09/10/2024 9:00:00 AM
09/10/2024,5,17063,09/10/2024 10:00:00 AM
09/10/2024,6,17524,09/10/2024 11:00:00 AM
09/10/2024,7,18326,09/10/2024 12:00:00 PM
09/10/2024,8,18528,09/10/2024 1:00:00 PM
09/10/2024,9,18567,09/10/2024 2:00:00 PM
09/10/2024,10,18984,09/10/2024 3:00:00 PM
09/10/2024,11,19609,09/10/2024 4:00:00 PM
09/10/2024,12,20339,09/10/2024 5:00:00 PM
09/10/2024,13,21164,09/10/2024 6:00:00 PM
09/10/2024,14,21923,09/10/2024 7:00:00 PM
09/10/2024,15,22288,09/10/2024 8:00:00 PM
09/10/2024,16,22342,09/10/2024 9:00:00 PM
09/10/2024,17,22634,09/10/2024 10:00:00 PM
09/10/2024,18,22531,09/10/2024 11:00:00 PM
09/10/2024,19,22316,09/11/2024 12:00:00 AM
09/10/2024,20,22166,09/11/2024 1:00:00 AM
09/10/2024,21,21792,09/11/2024 2:00:00 AM
09/10/2024,22,20862,09/11/2024 3:00:00 AM
09/10/2024,23,19938,09/11/2024 4:00:00 AM
09/10/2024,24,18918,09/11/2024 5:00:00 AM
09/11/2024,1,18076,09/11/2024 6:00:00 AM
09/11/2024,2,17429,09/11/2024 7:00:00 AM
09/11/2024,3,16920,09/11/2024 8:00:00 AM
09/11/2024,4,16646,09/11/2024 9:00:00 AM
09/11/2024,5,16696,09/11/2024 10:00:00 AM
09/11/2024,6,17031,09/11/2024 11:00:00 AM
09/11/2024,7,17652,09/11/2024 12:00:00 PM
09/11/2024,8,17943,09/11/2024 1:00:00 PM
09/11/2024,9,18160,09/11/2024 2:00:00 PM
09/11/2024,10,18722,09/11/2024 3:00:00 PM
09/11/2024,11,19305,09/11/2024 4:00:00 PM
09/11/2024,12,19751,09/11/2024 5:00:00 PM
09/11/2024,13,20182,09/11/2024 6:00:00 PM
09/11/2024,14,20574,09/11/2024 7:00:00 PM
09/11/2024,15,20732,09/11/2024 8:00:00 PM
09/11/2024,16,20659,09/11/2024 9:00:00 PM
09/11/2024,17,20703,09/11/2024 10:00:00 PM
09/11/2024,18,20420,09/11/2024 11:00:00 PM
09/11/2024,19,20019,09/12/2024 12:00:00 AM
09/11/2024,20,19499,09/12/2024 1:00:00 AM
09/11/2024,21,19057,09/12/2024 2:00:00 AM
09/11/2024,22,18356,09/12/2024 3:00:00 AM
09/11/2024,23,17465,09/12/2024 4:00:00 AM
09/11/2024,24,16452,09/12/2024 5:00:00 AM
09/12/2024,1,15782,09/12/2024 6:00:00 AM
09/12/2024,2,15266,09/12/2024 7:00:00 AM
09/12/2024,3,14857,09/12/2024 8:00:00 AM
09/12/2024,4,14670,09/12/2024 9:00:00 AM
09/12/2024,5,14709,09/12/2024 10:00:00 AM
09/12/2024,6,14907,09/12/2024 11:00:00 AM
09/12/2024,7,15618,09/12/2024 12:00:00 PM
09/12/2024,8,15871,09/12/2024 1:00:00 PM
09/12/2024,9,16220,09/12/2024 2:00:00 PM
09/12/2024,10,16695,09/12/2024 3:00:00 PM
09/12/2024,11,17134,09/12/2024 4:00:00 PM
09/12/2024,12,17662,09/12/2024 5:00:00 PM
09/12/2024,13,18246,09/12/2024 6:00:00 PM
09/12/2024,14,18564,09/12/2024 7:00:00 PM
09/12/2024,15,19319,09/12/2024 8:00:00 PM
09/12/2024,16,19705,09/12/2024 9:00:00 PM
09/12/2024,17,20052,09/12/2024 10:00:00 PM
09/12/2024,18,20140,09/12/2024 11:00:00 PM
09/12/2024,19,20138,09/13/2024 12:00:00 AM
09/12/2024,20,20215,09/13/2024 1:00:00 AM
09/12/2024,21,20129,09/13/2024 2:00:00 AM
09/12/2024,22,19430,09/13/2024 3:00:00 AM
09/12/2024,23,18571,09/13/2024 4:00:00 AM
09/12/2024,24,17514,09/13/2024 5:00:00 AM
09/13/2024,1,16675,09/13/2024 6:00:00 AM
09/13/2024,2,16196,09/13/2024 7:00:00 AM
09/13/2024,3,15823,09/13/2024 8:00:00 AM
09/13/2024,4,15626,09/13/2024 9:00:00 AM
09/13/2024,5,15594,09/13/2024 10:00:00 AM
09/13/2024,6,15923,09/13/2024 11:00:00 AM
09/13/2024,7,16578,09/13/2024 12:00:00 PM
09/13/2024,8,16815,09/13/2024 1:00:00 PM
09/13/2024,9,17392,09/13/2024 2:00:00 PM
09/13/2024,10,18167,09/13/2024 3:00:00 PM
09/13/2024,11,19174,09/13/2024 4:00:00 PM
09/13/2024,12,20156,09/13/2024 5:00:00 PM
09/13/2024,13,21097,09/13/2024 6:00:00 PM
09/13/2024,14,21987,09/13/2024 7:00:00 PM
09/13/2024,15,22680,09/13/2024 8:00:00 PM
09/13/2024,16,23340,09/13/2024 9:00:00 PM
09/13/2024,17,23514,09/13/2024 10:00:00 PM
09/13/2024,18,23437,09/13/2024 11:00:00 PM
09/13/2024,19,22972,09/14/2024 12:00:00 AM
09/13/2024,20,22142,09/14/2024 1:00:00 AM
09/13/2024,21,21548,09/14/2024 2:00:00 AM
09/13/2024,22,20651,09/14/2024 3:00:00 AM
09/13/2024,23,19847,09/14/2024 4:00:00 AM
09/13/2024,24,18804,09/14/2024 5:00:00 AM
09/14/2024,1,17975,09/14/2024 6:00:00 AM
09/14/2024,2,17340,09/14/2024 7:00:00 AM
09/14/2024,3,16743,09/14/2024 8:00:00 AM
09/14/2024,4,16432,09/14/2024 9:00:00 AM
09/14/2024,5,16386,09/14/2024 10:00:00 AM
09/14/2024,6,16535,09/14/2024 11:00:00 AM
09/14/2024,7,16703,09/14/2024 12:00:00 PM
09/14/2024,8,16949,09/14/2024 1:00:00 PM
09/14/2024,9,17694,09/14/2024 2:00:00 PM
09/14/2024,10,18715,09/14/2024 3:00:00 PM
09/14/2024,11,20108,09/14/2024 4:00:00 PM
09/14/2024,12,21339,09/14/2024 5:00:00 PM
09/14/2024,13,22499,09/14/2024 6:00:00 PM
09/14/2024,14,23531,09/14/2024 7:00:00 PM
09/14/2024,15,24162,09/14/2024 8:00:00 PM
09/14/2024,16,24484,09/14/2024 9:00:00 PM
09/14/2024,17,24634,09/14/2024 10:00:00 PM
09/14/2024,18,24226,09/14/2024 11:00:00 PM
09/14/2024,19,23530,09/15/2024 12:00:00 AM
09/14/2024,20,22929,09/15/2024 1:00:00 AM
09/14/2024,21,22326,09/15/2024 2:00:00 AM
09/14/2024,22,21470,09/15/2024 3:00:00 AM
09/14/2024,23,20556,09/15/2024 4:00:00 AM
09/14/2024,24,19608,09/15/2024 5:00:00 AM
09/15/2024,1,18652,09/15/2024 6:00:00 AM
09/15/2024,2,17911,09/15/2024 7:00:00 AM
09/15/2024,3,17376,09/15/2024 8:00:00 AM
09/15/2024,4,16998,09/15/2024 9:00:00 AM
09/15/2024,5,16744,09/15/2024 10:00:00 AM
09/15/2024,6,16754,09/15/2024 11:00:00 AM
09/15/2024,7,16809,09/15/2024 12:00:00 PM
09/15/2024,8,16807,09/15/2024 1:00:00 PM
09/15/2024,9,17445,09/15/2024 2:00:00 PM
09/15/2024,10,18387,09/15/2024 3:00:00 PM
09/15/2024,11,19127,09/15/2024 4:00:00 PM
09/15/2024,12,20041,09/15/2024 5:00:00 PM
09/15/2024,13,21016,09/15/2024 6:00:00 PM
09/15/2024,14,21875,09/15/2024 7:00:00 PM
09/15/2024,15,22481,09/15/2024 8:00:00 PM
09/15/2024,16,23025,09/15/2024 9:00:00 PM
09/15/2024,17,23239,09/15/2024 10:00:00 PM
09/15/2024,18,23132,09/15/2024 11:00:00 PM
09/15/2024,19,22823,09/16/2024 12:00:00 AM
09/15/2024,20,22596,09/16/2024 1:00:00 AM
09/15/2024,21,22079,09/16/2024 2:00:00 AM
09/15/2024,22,21239,09/16/2024 3:00:00 AM
09/15/2024,23,19974,09/16/2024 4:00:00 AM
09/15/2024,24,18755,09/16/2024 5:00:00 AM
09/16/2024,1,17997,09/16/2024 6:00:00 AM
09/16/2024,2,17314,09/16/2024 7:00:00 AM
09/16/2024,3,16914,09/16/2024 8:00:00 AM
09/16/2024,4,16694,09/16/2024 9:00:00 AM
09/16/2024,5,16651,09/16/2024 10:00:00 AM
09/16/2024,6,17072,09/16/2024 11:00:00 AM
09/16/2024,7,17892,09/16/2024 12:00:00 PM
09/16/2024,8,18096,09/16/2024 1:00:00 PM
09/16/2024,9,18507,09/16/2024 2:00:00 PM
09/16/2024,10,19387,09/16/2024 3:00:00 PM
09/16/2024,11,20425,09/16/2024 4:00:00 PM
09/16/2024,12,21696,09/16/2024 5:00:00 PM
09/16/2024,13,22744,09/16/2024 6:00:00 PM
09/16/2024,14,23694,09/16/2024 7:00:00 PM
09/16/2024,15,24229,09/16/2024 8:00:00 PM
09/16/2024,16,24534,09/16/2024 9:00:00 PM
09/16/2024,17,24741,09/16/2024 10:00:00 PM
09/16/2024,18,24419,09/16/2024 11:00:00 PM
09/16/2024,19,23961,09/17/2024 12:00:00 AM
09/16/2024,20,23529,09/17/2024 1:00:00 AM
09/16/2024,21,23189,09/17/2024 2:00:00 AM
09/16/2024,22,22237,09/17/2024 3:00:00 AM
09/16/2024,23,20871,09/17/2024 4:00:00 AM
09/16/2024,24,19536,09/17/2024 5:00:00 AM
09/17/2024,1,18600,09/17/2024 6:00:00 AM
09/17/2024,2,17912,09/17/2024 7:00:00 AM
09/17/2024,3,17476,09/17/2024 8:00:00 AM
09/17/2024,4,17137,09/17/2024 9:00:00 AM
09/17/2024,5,16943,09/17/2024 10:00:00 AM
09/17/2024,6,17255,09/17/2024 11:00:00 AM
09/17/2024,7,18088,09/17/2024 12:00:00 PM
09/17/2024,8,18250,09/17/2024 1:00:00 PM
09/17/2024,9,18672,09/17/2024 2:00:00 PM
09/17/2024,10,19594,09/17/2024 3:00:00 PM
09/17/2024,11,20734,09/17/2024 4:00:00 PM
09/17/2024,12,21933,09/17/2024 5:00:00 PM
09/17/2024,13,23078,09/17/2024 6:00:00 PM
09/17/2024,14,23883,09/17/2024 7:00:00 PM
09/17/2024,15,24548,09/17/2024 8:00:00 PM
09/17/2024,16,25316,09/17/2024 9:00:00 PM
09/17/2024,17,25654,09/17/2024 10:00:00 PM
09/17/2024,18,25448,09/17/2024 11:00:00 PM
09/17/2024,19,24906,09/18/2024 12:00:00 AM
09/17/2024,20,24421,09/18/2024 1:00:00 AM
09/17/2024,21,23711,09/18/2024 2:00:00 AM
09/17/2024,22,22467,09/18/2024 3:00:00 AM
09/17/2024,23,21086,09/18/2024 4:00:00 AM
09/17/2024,24,19740,09/18/2024 5:00:00 AM
09/18/2024,1,18668,09/18/2024 6:00:00 AM
09/18/2024,2,17988,09/18/2024 7:00:00 AM
09/18/2024,3,17454,09/18/2024 8:00:00 AM
09/18/2024,4,16980,09/18/2024 9:00:00 AM
09/18/2024,5,17161,09/18/2024 10:00:00 AM
09/18/2024,6,17405,09/18/2024 11:00:00 AM
09/18/2024,7,18042,09/18/2024 12:00:00 PM
09/18/2024,8,18238,09/18/2024 1:00:00 PM
09/18/2024,9,18730,09/18/2024 2:00:00 PM
09/18/2024,10,19817,09/18/2024 3:00:00 PM
09/18/2024,11,21266,09/18/2024 4:00:00 PM
09/18/2024,12,22899,09/18/2024 5:00:00 PM
09/18/2024,13,24202,09/18/2024 6:00:00 PM
09/18/2024,14,25403,09/18/2024 7:00:00 PM
09/18/2024,15,26291,09/18/2024 8:00:00 PM
09/18/2024,16,26939,09/18/2024 9:00:00 PM
09/18/2024,17,27019,09/18/2024 10:00:00 PM
09/18/2024,18,26935,09/18/2024 11:00:00 PM
09/18/2024,19,26248,09/19/2024 12:00:00 AM
09/18/2024,20,25385,09/19/2024 1:00:00 AM
09/18/2024,21,24485,09/19/2024 2:00:00 AM
09/18/2024,22,23228,09/19/2024 3:00:00 AM
09/18/2024,23,21907,09/19/2024 4:00:00 AM
09/18/2024,24,20441,09/19/2024 5:00:00 AM
09/19/2024,1,19448,09/19/2024 6:00:00 AM
09/19/2024,2,18513,09/19/2024 7:00:00 AM
09/19/2024,3,18085,09/19/2024 8:00:00 AM
09/19/2024,4,17688,09/19/2024 9:00:00 AM
09/19/2024,5,17694,09/19/2024 10:00:00 AM
09/19/2024,6,18050,09/19/2024 11:00:00 AM
09/19/2024,7,18843,09/19/2024 12:00:00 PM
09/19/2024,8,18939,09/19/2024 1:00:00 PM
09/19/2024,9,19582,09/19/2024 2:00:00 PM
09/19/2024,10,20896,09/19/2024 3:00:00 PM
09/19/2024,11,22339,09/19/2024 4:00:00 PM
09/19/2024,12,24064,09/19/2024 5:00:00 PM
09/19/2024,13,25563,09/19/2024 6:00:00 PM
09/19/2024,14,26751,09/19/2024 7:00:00 PM
09/19/2024,15,27813,09/19/2024 8:00:00 PM
09/19/2024,16,28380,09/19/2024 9:00:00 PM
09/19/2024,17,28633,09/19/2024 10:00:00 PM
09/19/2024,18,28259,09/19/2024 11:00:00 PM
09/19/2024,19,27359,09/20/2024 12:00:00 AM
09/19/2024,20,26467,09/20/2024 1:00:00 AM
09/19/2024,21,25484,09/20/2024 2:00:00 AM
09/19/2024,22,24249,09/20/2024 3:00:00 AM
09/19/2024,23,22732,09/20/2024 4:00:00 AM
09/19/2024,24,21298,09/20/2024 5:00:00 AM
09/20/2024,1,20002,09/20/2024 6:00:00 AM
09/20/2024,2,19091,09/20/2024 7:00:00 AM
09/20/2024,3,18545,09/20/2024 8:00:00 AM
09/20/2024,4,18081,09/20/2024 9:00:00 AM
09/20/2024,5,18047,09/20/2024 10:00:00 AM
09/20/2024,6,18286,09/20/2024 11:00:00 AM
09/20/2024,7,18866,09/20/2024 12:00:00 PM
09/20/2024,8,19111,09/20/2024 1:00:00 PM
09/20/2024,9,19752,09/20/2024 2:00:00 PM
09/20/2024,10,21135,09/20/2024 3:00:00 PM
09/20/2024,11,22868,09/20/2024 4:00:00 PM
09/20/2024,12,24486,09/20/2024 5:00:00 PM
09/20/2024,13,25923,09/20/2024 6:00:00 PM
09/20/2024,14,27368,09/20/2024 7:00:00 PM
09/20/2024,15,28317,09/20/2024 8:00:00 PM
09/20/2024,16,28806,09/20/2024 9:00:00 PM
09/20/2024,17,28769,09/20/2024 10:00:00 PM
09/20/2024,18,28342,09/20/2024 11:00:00 PM
09/20/2024,19,27332,09/21/2024 12:00:00 AM
09/20/2024,20,26290,09/21/2024 1:00:00 AM
09/20/2024,21,25105,09/21/2024 2:00:00 AM
09/20/2024,22,23745,09/21/2024 3:00:00 AM
09/20/2024,23,22482,09/21/2024 4:00:00 AM
09/20/2024,24,21304,09/21/2024 5:00:00 AM
09/21/2024,1,20196,09/21/2024 6:00:00 AM
09/21/2024,2,19467,09/21/2024 7:00:00 AM
09/21/2024,3,18792,09/21/2024 8:00:00 AM
09/21/2024,4,18122,09/21/2024 9:00:00 AM
09/21/2024,5,17922,09/21/2024 10:00:00 AM
09/21/2024,6,17752,09/21/2024 11:00:00 AM
09/21/2024,7,17910,09/21/2024 12:00:00 PM
09/21/2024,8,18037,09/21/2024 1:00:00 PM
09/21/2024,9,19024,09/21/2024 2:00:00 PM
09/21/2024,10,20636,09/21/2024 3:00:00 PM
09/21/2024,11,22663,09/21/2024 4:00:00 PM
09/21/2024,12,24301,09/21/2024 5:00:00 PM
09/21/2024,13,25572,09/21/2024 6:00:00 PM
09/21/2024,14,26768,09/21/2024 7:00:00 PM
09/21/2024,15,27441,09/21/2024 8:00:00 PM
09/21/2024,16,27791,09/21/2024 9:00:00 PM
09/21/2024,17,27857,09/21/2024 10:00:00 PM
09/21/2024,18,27523,09/21/2024 11:00:00 PM
09/21/2024,19,26455,09/22/2024 12:00:00 AM
09/21/2024,20,25537,09/22/2024 1:00:00 AM
09/21/2024,21,24474,09/22/2024 2:00:00 AM
09/21/2024,22,23244,09/22/2024 3:00:00 AM
09/21/2024,23,22086,09/22/2024 4:00:00 AM
09/21/2024,24,20815,09/22/2024 5:00:00 AM
09/22/2024,1,19657,09/22/2024 6:00:00 AM
09/22/2024,2,18905,09/22/2024 7:00:00 AM
09/22/2024,3,18291,09/22/2024 8:00:00 AM
09/22/2024,4,17772,09/22/2024 9:00:00 AM
09/22/2024,5,17443,09/22/2024 10:00:00 AM
09/22/2024,6,17307,09/22/2024 11:00:00 AM
09/22/2024,7,17322,09/22/2024 12:00:00 PM
09/22/2024,8,17474,09/22/2024 1:00:00 PM
09/22/2024,9,18661,09/22/2024 2:00:00 PM
09/22/2024,10,20294,09/22/2024 3:00:00 PM
09/22/2024,11,21852,09/22/2024 4:00:00 PM
09/22/2024,12,23616,09/22/2024 5:00:00 PM
09/22/2024,13,25272,09/22/2024 6:00:00 PM
09/22/2024,14,26248,09/22/2024 7:00:00 PM
09/22/2024,15,26974,09/22/2024 8:00:00 PM
09/22/2024,16,27402,09/22/2024 9:00:00 PM
09/22/2024,17,27607,09/22/2024 10:00:00 PM
09/22/2024,18,27299,09/22/2024 11:00:00 PM
09/22/2024,19,26335,09/23/2024 12:00:00 AM
09/22/2024,20,25454,09/23/2024 1:00:00 AM
09/22/2024,21,24576,09/23/2024 2:00:00 AM
09/22/2024,22,23370,09/23/2024 3:00:00 AM
09/22/2024,23,21901,09/23/2024 4:00:00 AM
09/22/2024,24,20532,09/23/2024 5:00:00 AM
09/23/2024,1,19451,09/23/2024 6:00:00 AM
09/23/2024,2,18705,09/23/2024 7:00:00 AM
09/23/2024,3,18177,09/23/2024 8:00:00 AM
09/23/2024,4,17664,09/23/2024 9:00:00 AM
09/23/2024,5,17725,09/23/2024 10:00:00 AM
09/23/2024,6,18280,09/23/2024 11:00:00 AM
09/23/2024,7,18870,09/23/2024 12:00:00 PM
09/23/2024,8,19184,09/23/2024 1:00:00 PM
09/23/2024,9,19922,09/23/2024 2:00:00 PM
09/23/2024,10,21230,09/23/2024 3:00:00 PM
09/23/2024,11,22735,09/23/2024 4:00:00 PM
09/23/2024,12,24163,09/23/2024 5:00:00 PM
09/23/2024,13,25476,09/23/2024 6:00:00 PM
09/23/2024,14,26498,09/23/2024 7:00:00 PM
09/23/2024,15,27051,09/23/2024 8:00:00 PM
09/23/2024,16,27337,09/23/2024 9:00:00 PM
09/23/2024,17,27450,09/23/2024 10:00:00 PM
09/23/2024,18,27023,09/23/2024 11:00:00 PM
09/23/2024,19,26121,09/24/2024 12:00:00 AM
09/23/2024,20,25610,09/24/2024 1:00:00 AM
09/23/2024,21,24729,09/24/2024 2:00:00 AM
09/23/2024,22,23428,09/24/2024 3:00:00 AM
09/23/2024,23,22016,09/24/2024 4:00:00 AM
09/23/2024,24,20800,09/24/2024 5:00:00 AM
09/24/2024,1,19665,09/24/2024 6:00:00 AM
09/24/2024,2,18862,09/24/2024 7:00:00 AM
09/24/2024,3,18329,09/24/2024 8:00:00 AM
09/24/2024,4,18014,09/24/2024 9:00:00 AM
09/24/2024,5,17843,09/24/2024 10:00:00 AM
09/24/2024,6,18227,09/24/2024 11:00:00 AM
09/24/2024,7,19042,09/24/2024 12:00:00 PM
09/24/2024,8,19191,09/24/2024 1:00:00 PM
09/24/2024,9,19713,09/24/2024 2:00:00 PM
09/24/2024,10,20804,09/24/2024 3:00:00 PM
09/24/2024,11,21980,09/24/2024 4:00:00 PM
09/24/2024,12,23487,09/24/2024 5:00:00 PM
09/24/2024,13,24947,09/24/2024 6:00:00 PM
09/24/2024,14,25982,09/24/2024 7:00:00 PM
09/24/2024,15,26602,09/24/2024 8:00:00 PM
09/24/2024,16,27011,09/24/2024 9:00:00 PM
09/24/2024,17,27083,09/24/2024 10:00:00 PM
09/24/2024,18,26539,09/24/2024 11:00:00 PM
09/24/2024,19,25799,09/25/2024 12:00:00 AM
09/24/2024,20,25066,09/25/2024 1:00:00 AM
09/24/2024,21,24192,09/25/2024 2:00:00 AM
09/24/2024,22,23028,09/25/2024 3:00:00 AM
09/24/2024,23,21574,09/25/2024 4:00:00 AM
09/24/2024,24,20329,09/25/2024 5:00:00 AM
09/25/2024,1,19337,09/25/2024 6:00:00 AM
09/25/2024,2,18568,09/25/2024 7:00:00 AM
09/25/2024,3,18063,09/25/2024 8:00:00 AM
09/25/2024,4,17672,09/25/2024 9:00:00 AM
09/25/2024,5,17617,09/25/2024 10:00:00 AM
09/25/2024,6,17833,09/25/2024 11:00:00 AM
09/25/2024,7,18654,09/25/2024 12:00:00 PM
09/25/2024,8,18759,09/25/2024 1:00:00 PM
09/25/2024,9,19326,09/25/2024 2:00:00 PM
09/25/2024,10,20106,09/25/2024 3:00:00 PM
09/25/2024,11,21023,09/25/2024 4:00:00 PM
09/25/2024,12,21930,09/25/2024 5:00:00 PM
09/25/2024,13,22882,09/25/2024 6:00:00 PM
09/25/2024,14,23871,09/25/2024 7:00:00 PM
09/25/2024,15,24632,09/25/2024 8:00:00 PM
09/25/2024,16,25207,09/25/2024 9:00:00 PM
09/25/2024,17,25287,09/25/2024 10:00:00 PM
09/25/2024,18,24913,09/25/2024 11:00:00 PM
09/25/2024,19,23990,09/26/2024 12:00:00 AM
09/25/2024,20,23657,09/26/2024 1:00:00 AM
09/25/2024,21,23008,09/26/2024 2:00:00 AM
09/25/2024,22,21929,09/26/2024 3:00:00 AM
09/25/2024,23,20654,09/26/2024 4:00:00 AM
09/25/2024,24,19201,09/26/2024 5:00:00 AM
09/26/2024,1,18211,09/26/2024 6:00:00 AM
09/26/2024,2,17415,09/26/2024 7:00:00 AM
09/26/2024,3,16821,09/26/2024 8:00:00 AM
09/26/2024,4,16643,09/26/2024 9:00:00 AM
09/26/2024,5,16542,09/26/2024 10:00:00 AM
09/26/2024,6,16833,09/26/2024 11:00:00 AM
09/26/2024,7,17686,09/26/2024 12:00:00 PM
09/26/2024,8,17687,09/26/2024 1:00:00 PM
09/26/2024,9,18006,09/26/2024 2:00:00 PM
09/26/2024,10,18590,09/26/2024 3:00:00 PM
09/26/2024,11,19555,09/26/2024 4:00:00 PM
09/26/2024,12,20654,09/26/2024 5:00:00 PM
09/26/2024,13,21427,09/26/2024 6:00:00 PM
09/26/2024,14,22250,09/26/2024 7:00:00 PM
09/26/2024,15,23135,09/26/2024 8:00:00 PM
09/26/2024,16,23688,09/26/2024 9:00:00 PM
09/26/2024,17,23784,09/26/2024 10:00:00 PM
09/26/2024,18,23365,09/26/2024 11:00:00 PM
09/26/2024,19,22474,09/27/2024 12:00:00 AM
09/26/2024,20,21929,09/27/2024 1:00:00 AM
09/26/2024,21,21448,09/27/2024 2:00:00 AM
09/26/2024,22,20395,09/27/2024 3:00:00 AM
09/26/2024,23,19139,09/27/2024 4:00:00 AM
09/26/2024,24,17901,09/27/2024 5:00:00 AM
09/27/2024,1,16855,09/27/2024 6:00:00 AM
09/27/2024,2,16132,09/27/2024 7:00:00 AM
09/27/2024,3,15675,09/27/2024 8:00:00 AM
09/27/2024,4,15527,09/27/2024 9:00:00 AM
09/27/2024,5,15540,09/27/2024 10:00:00 AM
09/27/2024,6,15847,09/27/2024 11:00:00 AM
09/27/2024,7,16590,09/27/2024 12:00:00 PM
09/27/2024,8,16885,09/27/2024 1:00:00 PM
09/27/2024,9,17104,09/27/2024 2:00:00 PM
09/27/2024,10,17841,09/27/2024 3:00:00 PM
09/27/2024,11,18611,09/27/2024 4:00:00 PM
09/27/2024,12,19378,09/27/2024 5:00:00 PM
09/27/2024,13,20266,09/27/2024 6:00:00 PM
09/27/2024,14,21062,09/27/2024 7:00:00 PM
09/27/2024,15,21704,09/27/2024 8:00:00 PM
09/27/2024,16,22194,09/27/2024 9:00:00 PM
09/27/2024,17,22364,09/27/2024 10:00:00 PM
09/27/2024,18,21980,09/27/2024 11:00:00 PM
09/27/2024,19,21363,09/28/2024 12:00:00 AM
09/27/2024,20,20774,09/28/2024 1:00:00 AM
09/27/2024,21,20195,09/28/2024 2:00:00 AM
09/27/2024,22,19464,09/28/2024 3:00:00 AM
09/27/2024,23,18537,09/28/2024 4:00:00 AM
09/27/2024,24,17805,09/28/2024 5:00:00 AM
09/28/2024,1,17001,09/28/2024 6:00:00 AM
09/28/2024,2,16445,09/28/2024 7:00:00 AM
09/28/2024,3,15887,09/28/2024 8:00:00 AM
09/28/2024,4,15645,09/28/2024 9:00:00 AM
09/28/2024,5,15534,09/28/2024 10:00:00 AM
09/28/2024,6,15585,09/28/2024 11:00:00 AM
09/28/2024,7,15792,09/28/2024 12:00:00 PM
09/28/2024,8,16045,09/28/2024 1:00:00 PM
09/28/2024,9,16786,09/28/2024 2:00:00 PM
09/28/2024,10,17756,09/28/2024 3:00:00 PM
09/28/2024,11,18728,09/28/2024 4:00:00 PM
09/28/2024,12,19936,09/28/2024 5:00:00 PM
09/28/2024,13,20977,09/28/2024 6:00:00 PM
09/28/2024,14,22016,09/28/2024 7:00:00 PM
09/28/2024,15,22834,09/28/2024 8:00:00 PM
09/28/2024,16,23616,09/28/2024 9:00:00 PM
09/28/2024,17,23876,09/28/2024 10:00:00 PM
09/28/2024,18,23581,09/28/2024 11:00:00 PM
09/28/2024,19,22748,09/29/2024 12:00:00 AM
09/28/2024,20,22119,09/29/2024 1:00:00 AM
09/28/2024,21,21196,09/29/2024 2:00:00 AM
09/28/2024,22,20165,09/29/2024 3:00:00 AM
09/28/2024,23,19205,09/29/2024 4:00:00 AM
09/28/2024,24,18275,09/29/2024 5:00:00 AM
09/29/2024,1,17352,09/29/2024 6:00:00 AM
09/29/2024,2,16702,09/29/2024 7:00:00 AM
09/29/2024,3,16160,09/29/2024 8:00:00 AM
09/29/2024,4,15750,09/29/2024 9:00:00 AM
09/29/2024,5,15627,09/29/2024 10:00:00 AM
09/29/2024,6,15550,09/29/2024 11:00:00 AM
09/29/2024,7,15544,09/29/2024 12:00:00 PM
09/29/2024,8,15665,09/29/2024 1:00:00 PM
09/29/2024,9,16475,09/29/2024 2:00:00 PM
09/29/2024,10,17694,09/29/2024 3:00:00 PM
09/29/2024,11,18879,09/29/2024 4:00:00 PM
09/29/2024,12,20191,09/29/2024 5:00:00 PM
09/29/2024,13,21622,09/29/2024 6:00:00 PM
09/29/2024,14,22681,09/29/2024 7:00:00 PM
09/29/2024,15,23530,09/29/2024 8:00:00 PM
09/29/2024,16,24096,09/29/2024 9:00:00 PM
09/29/2024,17,24440,09/29/2024 10:00:00 PM
09/29/2024,18,24289,09/29/2024 11:00:00 PM
09/29/2024,19,23535,09/30/2024 12:00:00 AM
09/29/2024,20,23156,09/30/2024 1:00:00 AM
09/29/2024,21,22471,09/30/2024 2:00:00 AM
09/29/2024,22,21439,09/30/2024 3:00:00 AM
09/29/2024,23,20238,09/30/2024 4:00:00 AM
09/29/2024,24,18942,09/30/2024 5:00:00 AM
09/30/2024,1,17933,09/30/2024 6:00:00 AM
09/30/2024,2,17203,09/30/2024 7:00:00 AM
09/30/2024,3,16822,09/30/2024 8:00:00 AM
09/30/2024,4,16495,09/30/2024 9:00:00 AM
09/30/2024,5,16501,09/30/2024 10:00:00 AM
09/30/2024,6,16925,09/30/2024 11:00:00 AM
09/30/2024,7,17772,09/30/2024 12:00:00 PM
09/30/2024,8,18007,09/30/2024 1:00:00 PM
09/30/2024,9,18494,09/30/2024 2:00:00 PM
09/30/2024,10,19350,09/30/2024 3:00:00 PM
09/30/2024,11,20650,09/30/2024 4:00:00 PM
09/30/2024,12,21980,09/30/2024 5:00:00 PM
09/30/2024,13,23195,09/30/2024 6:00:00 PM
09/30/2024,14,24032,09/30/2024 7:00:00 PM
09/30/2024,15,24799,09/30/2024 8:00:00 PM
09/30/2024,16,25116,09/30/2024 9:00:00 PM
09/30/2024,17,25382,09/30/2024 10:00:00 PM
09/30/2024,18,25069,09/30/2024 11:00:00 PM
09/30/2024,19,24464,10/01/2024 12:00:00 AM
09/30/2024,20,23968,10/01/2024 1:00:00 AM
09/30/2024,21,23110,10/01/2024 2:00:00 AM
09/30/2024,22,22069,10/01/2024 3:00:00 AM
09/30/2024,23,20630,10/01/2024 4:00:00 AM
09/30/2024,24,19394,10/01/2024 5:00:00 AM
10/01/2024,1,18259,10/01/2024 6:00:00 AM
10/01/2024,2,17510,10/01/2024 7:00:00 AM
10/01/2024,3,17007,10/01/2024 8:00:00 AM
10/01/2024,4,16700,10/01/2024 9:00:00 AM
10/01/2024,5,16720,10/01/2024 10:00:00 AM
10/01/2024,6,17196,10/01/2024 11:00:00 AM
10/01/2024,7,18023,10/01/2024 12:00:00 PM
10/01/2024,8,18162,10/01/2024 1:00:00 PM
10/01/2024,9,18483,10/01/2024 2:00:00 PM
10/01/2024,10,19280,10/01/2024 3:00:00 PM
10/01/2024,11,20656,10/01/2024 4:00:00 PM
10/01/2024,12,22159,10/01/2024 5:00:00 PM
10/01/2024,13,23408,10/01/2024 6:00:00 PM
10/01/2024,14,24635,10/01/2024 7:00:00 PM
10/01/2024,15,25374,10/01/2024 8:00:00 PM
10/01/2024,16,25818,10/01/2024 9:00:00 PM
10/01/2024,17,26012,10/01/2024 10:00:00 PM
10/01/2024,18,25496,10/01/2024 11:00:00 PM
10/01/2024,19,24730,10/02/2024 12:00:00 AM
10/01/2024,20,24321,10/02/2024 1:00:00 AM
10/01/2024,21,23318,10/02/2024 2:00:00 AM
10/01/2024,22,22087,10/02/2024 3:00:00 AM
10/01/2024,23,20660,10/02/2024 4:00:00 AM
10/01/2024,24,19313,10/02/2024 5:00:00 AM
10/02/2024,1,18164,10/02/2024 6:00:00 AM
10/02/2024,2,17385,10/02/2024 7:00:00 AM
10/02/2024,3,16977,10/02/2024 8:00:00 AM
10/02/2024,4,16646,10/02/2024 9:00:00 AM
10/02/2024,5,16493,10/02/2024 10:00:00 AM
10/02/2024,6,16704,10/02/2024 11:00:00 AM
10/02/2024,7,17402,10/02/2024 12:00:00 PM
10/02/2024,8,17520,10/02/2024 1:00:00 PM
10/02/2024,9,17809,10/02/2024 2:00:00 PM
10/02/2024,10,18498,10/02/2024 3:00:00 PM
10/02/2024,11,19474,10/02/2024 4:00:00 PM
10/02/2024,12,20600,10/02/2024 5:00:00 PM
10/02/2024,13,21885,10/02/2024 6:00:00 PM
10/02/2024,14,23131,10/02/2024 7:00:00 PM
10/02/2024,15,24140,10/02/2024 8:00:00 PM
10/02/2024,16,24762,10/02/2024 9:00:00 PM
10/02/2024,17,25098,10/02/2024 10:00:00 PM
10/02/2024,18,24776,10/02/2024 11:00:00 PM
10/02/2024,19,23728,10/03/2024 12:00:00 AM
10/02/2024,20,23131,10/03/2024 1:00:00 AM
10/02/2024,21,22388,10/03/2024 2:00:00 AM
10/02/2024,22,21095,10/03/2024 3:00:00 AM
10/02/2024,23,19815,10/03/2024 4:00:00 AM
10/02/2024,24,18483,10/03/2024 5:00:00 AM
10/03/2024,1,17482,10/03/2024 6:00:00 AM
10/03/2024,2,16805,10/03/2024 7:00:00 AM
10/03/2024,3,16335,10/03/2024 8:00:00 AM
10/03/2024,4,15989,10/03/2024 9:00:00 AM
10/03/2024,5,16118,10/03/2024 10:00:00 AM
10/03/2024,6,16581,10/03/2024 11:00:00 AM
10/03/2024,7,17462,10/03/2024 12:00:00 PM
10/03/2024,8,17484,10/03/2024 1:00:00 PM
10/03/2024,9,17777,10/03/2024 2:00:00 PM
10/03/2024,10,18629,10/03/2024 3:00:00 PM
10/03/2024,11,19696,10/03/2024 4:00:00 PM
10/03/2024,12,20909,10/03/2024 5:00:00 PM
10/03/2024,13,22036,10/03/2024 6:00:00 PM
10/03/2024,14,23078,10/03/2024 7:00:00 PM
10/03/2024,15,23843,10/03/2024 8:00:00 PM
10/03/2024,16,24146,10/03/2024 9:00:00 PM
10/03/2024,17,24266,10/03/2024 10:00:00 PM
10/03/2024,18,23940,10/03/2024 11:00:00 PM
10/03/2024,19,23379,10/04/2024 12:00:00 AM
10/03/2024,20,22920,10/04/2024 1:00:00 AM
10/03/2024,21,22245,10/04/2024 2:00:00 AM
10/03/2024,22,21400,10/04/2024 3:00:00 AM
10/03/2024,23,20312,10/04/2024 4:00:00 AM
10/03/2024,24,19109,10/04/2024 5:00:00 AM
10/04/2024,1,18203,10/04/2024 6:00:00 AM
10/04/2024,2,17583,10/04/2024 7:00:00 AM
10/04/2024,3,17231,10/04/2024 8:00:00 AM
10/04/2024,4,17014,10/04/2024 9:00:00 AM
10/04/2024,5,17018,10/04/2024 10:00:00 AM
10/04/2024,6,17356,10/04/2024 11:00:00 AM
10/04/2024,7,18224,10/04/2024 12:00:00 PM
10/04/2024,8,18366,10/04/2024 1:00:00 PM
10/04/2024,9,18669,10/04/2024 2:00:00 PM
10/04/2024,10,19202,10/04/2024 3:00:00 PM
10/04/2024,11,20310,10/04/2024 4:00:00 PM
10/04/2024,12,21103,10/04/2024 5:00:00 PM
10/04/2024,13,22028,10/04/2024 6:00:00 PM
10/04/2024,14,22798,10/04/2024 7:00:00 PM
10/04/2024,15,23291,10/04/2024 8:00:00 PM
10/04/2024,16,23449,10/04/2024 9:00:00 PM
10/04/2024,17,23647,10/04/2024 10:00:00 PM
10/04/2024,18,23277,10/04/2024 11:00:00 PM
10/04/2024,19,22702,10/05/2024 12:00:00 AM
10/04/2024,20,22144,10/05/2024 1:00:00 AM
10/04/2024,21,21514,10/05/2024 2:00:00 AM
10/04/2024,22,20813,10/05/2024 3:00:00 AM
10/04/2024,23,19960,10/05/2024 4:00:00 AM
10/04/2024,24,19028,10/05/2024 5:00:00 AM
10/05/2024,1,18216,10/05/2024 6:00:00 AM
10/05/2024,2,17624,10/05/2024 7:00:00 AM
10/05/2024,3,17056,10/05/2024 8:00:00 AM
10/05/2024,4,16876,10/05/2024 9:00:00 AM
10/05/2024,5,16726,10/05/2024 10:00:00 AM
10/05/2024,6,16771,10/05/2024 11:00:00 AM
10/05/2024,7,16893,10/05/2024 12:00:00 PM
10/05/2024,8,17120,10/05/2024 1:00:00 PM
10/05/2024,9,17591,10/05/2024 2:00:00 PM
10/05/2024,10,18576,10/05/2024 3:00:00 PM
10/05/2024,11,19684,10/05/2024 4:00:00 PM
10/05/2024,12,20883,10/05/2024 5:00:00 PM
10/05/2024,13,22166,10/05/2024 6:00:00 PM
10/05/2024,14,23232,10/05/2024 7:00:00 PM
10/05/2024,15,23979,10/05/2024 8:00:00 PM
10/05/2024,16,24621,10/05/2024 9:00:00 PM
10/05/2024,17,24644,10/05/2024 10:00:00 PM
10/05/2024,18,24070,10/05/2024 11:00:00 PM
10/05/2024,19,23270,10/06/2024 12:00:00 AM
10/05/2024,20,22710,10/06/2024 1:00:00 AM
10/05/2024,21,21927,10/06/2024 2:00:00 AM
10/05/2024,22,21023,10/06/2024 3:00:00 AM
10/05/2024,23,20096,10/06/2024 4:00:00 AM
10/05/2024,24,19177,10/06/2024 5:00:00 AM
10/06/2024,1,18261,10/06/2024 6:00:00 AM
10/06/2024,2,17647,10/06/2024 7:00:00 AM
10/06/2024,3,17071,10/06/2024 8:00:00 AM
10/06/2024,4,16719,10/06/2024 9:00:00 AM
10/06/2024,5,16514,10/06/2024 10:00:00 AM
10/06/2024,6,16477,10/06/2024 11:00:00 AM
10/06/2024,7,16531,10/06/2024 12:00:00 PM
10/06/2024,8,16639,10/06/2024 1:00:00 PM
10/06/2024,9,17286,10/06/2024 2:00:00 PM
10/06/2024,10,18504,10/06/2024 3:00:00 PM
10/06/2024,11,20129,10/06/2024 4:00:00 PM
10/06/2024,12,21553,10/06/2024 5:00:00 PM
10/06/2024,13,23051,10/06/2024 6:00:00 PM
10/06/2024,14,24150,10/06/2024 7:00:00 PM
10/06/2024,15,24991,10/06/2024 8:00:00 PM
10/06/2024,16,25550,10/06/2024 9:00:00 PM
10/06/2024,17,25737,10/06/2024 10:00:00 PM
10/06/2024,18,25441,10/06/2024 11:00:00 PM
10/06/2024,19,24499,10/07/2024 12:00:00 AM
10/06/2024,20,23975,10/07/2024 1:00:00 AM
10/06/2024,21,22938,10/07/2024 2:00:00 AM
10/06/2024,22,21818,10/07/2024 3:00:00 AM
10/06/2024,23,20499,10/07/2024 4:00:00 AM
10/06/2024,24,19279,10/07/2024 5:00:00 AM
10/07/2024,1,18235,10/07/2024 6:00:00 AM
10/07/2024,2,17532,10/07/2024 7:00:00 AM
10/07/2024,3,17033,10/07/2024 8:00:00 AM
10/07/2024,4,16688,10/07/2024 9:00:00 AM
10/07/2024,5,16624,10/07/2024 10:00:00 AM
10/07/2024,6,17022,10/07/2024 11:00:00 AM
10/07/2024,7,17725,10/07/2024 12:00:00 PM
10/07/2024,8,17911,10/07/2024 1:00:00 PM
10/07/2024,9,18408,10/07/2024 2:00:00 PM
10/07/2024,10,19172,10/07/2024 3:00:00 PM
10/07/2024,11,20291,10/07/2024 4:00:00 PM
10/07/2024,12,21373,10/07/2024 5:00:00 PM
10/07/2024,13,22617,10/07/2024 6:00:00 PM
10/07/2024,14,23697,10/07/2024 7:00:00 PM
10/07/2024,15,24312,10/07/2024 8:00:00 PM
10/07/2024,16,24838,10/07/2024 9:00:00 PM
10/07/2024,17,24907,10/07/2024 10:00:00 PM
10/07/2024,18,24398,10/07/2024 11:00:00 PM
10/07/2024,19,23475,10/08/2024 12:00:00 AM
10/07/2024,20,22857,10/08/2024 1:00:00 AM
10/07/2024,21,22020,10/08/2024 2:00:00 AM
10/07/2024,22,21065,10/08/2024 3:00:00 AM
10/07/2024,23,19805,10/08/2024 4:00:00 AM
10/07/2024,24,18597,10/08/2024 5:00:00 AM
10/08/2024,1,17543,10/08/2024 6:00:00 AM
10/08/2024,2,16867,10/08/2024 7:00:00 AM
10/08/2024,3,16320,10/08/2024 8:00:00 AM
10/08/2024,4,15910,10/08/2024 9:00:00 AM
10/08/2024,5,15793,10/08/2024 10:00:00 AM
10/08/2024,6,16157,10/08/2024 11:00:00 AM
10/08/2024,7,16783,10/08/2024 12:00:00 PM
10/08/2024,8,16959,10/08/2024 1:00:00 PM
10/08/2024,9,17033,10/08/2024 2:00:00 PM
10/08/2024,10,17377,10/08/2024 3:00:00 PM
10/08/2024,11,18024,10/08/2024 4:00:00 PM
10/08/2024,12,18692,10/08/2024 5:00:00 PM
10/08/2024,13,19339,10/08/2024 6:00:00 PM
10/08/2024,14,20186,10/08/2024 7:00:00 PM
10/08/2024,15,20894,10/08/2024 8:00:00 PM
10/08/2024,16,21367,10/08/2024 9:00:00 PM
10/08/2024,17,21675,10/08/2024 10:00:00 PM
10/08/2024,18,21441,10/08/2024 11:00:00 PM
10/08/2024,19,20775,10/09/2024 12:00:00 AM
10/08/2024,20,20559,10/09/2024 1:00:00 AM
10/08/2024,21,19928,10/09/2024 2:00:00 AM
10/08/2024,22,18852,10/09/2024 3:00:00 AM
10/08/2024,23,17766,10/09/2024 4:00:00 AM
10/08/2024,24,16601,10/09/2024 5:00:00 AM
10/09/2024,1,15789,10/09/2024 6:00:00 AM
10/09/2024,2,15279,10/09/2024 7:00:00 AM
10/09/2024,3,14939,10/09/2024 8:00:00 AM
10/09/2024,4,14684,10/09/2024 9:00:00 AM
10/09/2024,5,14772,10/09/2024 10:00:00 AM
10/09/2024,6,15101,10/09/2024 11:00:00 AM
10/09/2024,7,16058,10/09/2024 12:00:00 PM
10/09/2024,8,16241,10/09/2024 1:00:00 PM
10/09/2024,9,16213,10/09/2024 2:00:00 PM
10/09/2024,10,16582,10/09/2024 3:00:00 PM
10/09/2024,11,17129,10/09/2024 4:00:00 PM
10/09/2024,12,17864,10/09/2024 5:00:00 PM
10/09/2024,13,18766,10/09/2024 6:00:00 PM
10/09/2024,14,19933,10/09/2024 7:00:00 PM
10/09/2024,15,20892,10/09/2024 8:00:00 PM
10/09/2024,16,21769,10/09/2024 9:00:00 PM
10/09/2024,17,22346,10/09/2024 10:00:00 PM
10/09/2024,18,22274,10/09/2024 11:00:00 PM
10/09/2024,19,21547,10/10/2024 12:00:00 AM
10/09/2024,20,21187,10/10/2024 1:00:00 AM
10/09/2024,21,20449,10/10/2024 2:00:00 AM
10/09/2024,22,19500,10/10/2024 3:00:00 AM
10/09/2024,23,18371,10/10/2024 4:00:00 AM
10/09/2024,24,17201,10/10/2024 5:00:00 AM
10/10/2024,1,16440,10/10/2024 6:00:00 AM
10/10/2024,2,15776,10/10/2024 7:00:00 AM
10/10/2024,3,15452,10/10/2024 8:00:00 AM
10/10/2024,4,15213,10/10/2024 9:00:00 AM
10/10/2024,5,15293,10/10/2024 10:00:00 AM
10/10/2024,6,15613,10/10/2024 11:00:00 AM
10/10/2024,7,16562,10/10/2024 12:00:00 PM
10/10/2024,8,16863,10/10/2024 1:00:00 PM
10/10/2024,9,17022,10/10/2024 2:00:00 PM
10/10/2024,10,17307,10/10/2024 3:00:00 PM
10/10/2024,11,18184,10/10/2024 4:00:00 PM
10/10/2024,12,19098,10/10/2024 5:00:00 PM
10/10/2024,13,20085,10/10/2024 6:00:00 PM
10/10/2024,14,21087,10/10/2024 7:00:00 PM
10/10/2024,15,22031,10/10/2024 8:00:00 PM
10/10/2024,16,22751,10/10/2024 9:00:00 PM
10/10/2024,17,23136,10/10/2024 10:00:00 PM
10/10/2024,18,22818,10/10/2024 11:00:00 PM
10/10/2024,19,22044,10/11/2024 12:00:00 AM
10/10/2024,20,21409,10/11/2024 1:00:00 AM
10/10/2024,21,20564,10/11/2024 2:00:00 AM
10/10/2024,22,19617,10/11/2024 3:00:00 AM
10/10/2024,23,18464,10/11/2024 4:00:00 AM
10/10/2024,24,17380,10/11/2024 5:00:00 AM
10/11/2024,1,16358,10/11/2024 6:00:00 AM
10/11/2024,2,15717,10/11/2024 7:00:00 AM
10/11/2024,3,15439,10/11/2024 8:00:00 AM
10/11/2024,4,15273,10/11/2024 9:00:00 AM
10/11/2024,5,15210,10/11/2024 10:00:00 AM
10/11/2024,6,15487,10/11/2024 11:00:00 AM
10/11/2024,7,16376,10/11/2024 12:00:00 PM
10/11/2024,8,16700,10/11/2024 1:00:00 PM
10/11/2024,9,16853,10/11/2024 2:00:00 PM
10/11/2024,10,17338,10/11/2024 3:00:00 PM
10/11/2024,11,18145,10/11/2024 4:00:00 PM
10/11/2024,12,18904,10/11/2024 5:00:00 PM
10/11/2024,13,19890,10/11/2024 6:00:00 PM
10/11/2024,14,20976,10/11/2024 7:00:00 PM
10/11/2024,15,21952,10/11/2024 8:00:00 PM
10/11/2024,16,22680,10/11/2024 9:00:00 PM
10/11/2024,17,22920,10/11/2024 10:00:00 PM
10/11/2024,18,22514,10/11/2024 11:00:00 PM
10/11/2024,19,21521,10/12/2024 12:00:00 AM
10/11/2024,20,20742,10/12/2024 1:00:00 AM
10/11/2024,21,19887,10/12/2024 2:00:00 AM
10/11/2024,22,19059,10/12/2024 3:00:00 AM
10/11/2024,23,18143,10/12/2024 4:00:00 AM
10/11/2024,24,17222,10/12/2024 5:00:00 AM
10/12/2024,1,16322,10/12/2024 6:00:00 AM
10/12/2024,2,15596,10/12/2024 7:00:00 AM
10/12/2024,3,15258,10/12/2024 8:00:00 AM
10/12/2024,4,14953,10/12/2024 9:00:00 AM
10/12/2024,5,14890,10/12/2024 10:00:00 AM
10/12/2024,6,15019,10/12/2024 11:00:00 AM
10/12/2024,7,15267,10/12/2024 12:00:00 PM
10/12/2024,8,15557,10/12/2024 1:00:00 PM
10/12/2024,9,16027,10/12/2024 2:00:00 PM
10/12/2024,10,16813,10/12/2024 3:00:00 PM
10/12/2024,11,17727,10/12/2024 4:00:00 PM
10/12/2024,12,18798,10/12/2024 5:00:00 PM
10/12/2024,13,19806,10/12/2024 6:00:00 PM
10/12/2024,14,21119,10/12/2024 7:00:00 PM
10/12/2024,15,22083,10/12/2024 8:00:00 PM
10/12/2024,16,22875,10/12/2024 9:00:00 PM
10/12/2024,17,23228,10/12/2024 10:00:00 PM
10/12/2024,18,22857,10/12/2024 11:00:00 PM
10/12/2024,19,21889,10/13/2024 12:00:00 AM
10/12/2024,20,21130,10/13/2024 1:00:00 AM
10/12/2024,21,20300,10/13/2024 2:00:00 AM
10/12/2024,22,19405,10/13/2024 3:00:00 AM
10/12/2024,23,18490,10/13/2024 4:00:00 AM
10/12/2024,24,17622,10/13/2024 5:00:00 AM
10/13/2024,1,16846,10/13/2024 6:00:00 AM
10/13/2024,2,16134,10/13/2024 7:00:00 AM
10/13/2024,3,15762,10/13/2024 8:00:00 AM
10/13/2024,4,15462,10/13/2024 9:00:00 AM
10/13/2024,5,15303,10/13/2024 10:00:00 AM
10/13/2024,6,15273,10/13/2024 11:00:00 AM
10/13/2024,7,15482,10/13/2024 12:00:00 PM
10/13/2024,8,15615,10/13/2024 1:00:00 PM
10/13/2024,9,16158,10/13/2024 2:00:00 PM
10/13/2024,10,17118,10/13/2024 3:00:00 PM
10/13/2024,11,18266,10/13/2024 4:00:00 PM
10/13/2024,12,19617,10/13/2024 5:00:00 PM
10/13/2024,13,21056,10/13/2024 6:00:00 PM
10/13/2024,14,22394,10/13/2024 7:00:00 PM
10/13/2024,15,23478,10/13/2024 8:00:00 PM
10/13/2024,16,24149,10/13/2024 9:00:00 PM
10/13/2024,17,24380,10/13/2024 10:00:00 PM
10/13/2024,18,24042,10/13/2024 11:00:00 PM
10/13/2024,19,23019,10/14/2024 12:00:00 AM
10/13/2024,20,22478,10/14/2024 1:00:00 AM
10/13/2024,21,21610,10/14/2024 2:00:00 AM
10/13/2024,22,20440,10/14/2024 3:00:00 AM
10/13/2024,23,19214,10/14/2024 4:00:00 AM
10/13/2024,24,18174,10/14/2024 5:00:00 AM
10/14/2024,1,17202,10/14/2024 6:00:00 AM
10/14/2024,2,16452,10/14/2024 7:00:00 AM
10/14/2024,3,15978,10/14/2024 8:00:00 AM
10/14/2024,4,15832,10/14/2024 9:00:00 AM
10/14/2024,5,15819,10/14/2024 10:00:00 AM
10/14/2024,6,16310,10/14/2024 11:00:00 AM
10/14/2024,7,16999,10/14/2024 12:00:00 PM
10/14/2024,8,17268,10/14/2024 1:00:00 PM
10/14/2024,9,17622,10/14/2024 2:00:00 PM
10/14/2024,10,18245,10/14/2024 3:00:00 PM
10/14/2024,11,19057,10/14/2024 4:00:00 PM
10/14/2024,12,20025,10/14/2024 5:00:00 PM
10/14/2024,13,20971,10/14/2024 6:00:00 PM
10/14/2024,14,21963,10/14/2024 7:00:00 PM
10/14/2024,15,22807,10/14/2024 8:00:00 PM
10/14/2024,16,23303,10/14/2024 9:00:00 PM
10/14/2024,17,23443,10/14/2024 10:00:00 PM
10/14/2024,18,23123,10/14/2024 11:00:00 PM
10/14/2024,19,22437,10/15/2024 12:00:00 AM
10/14/2024,20,22161,10/15/2024 1:00:00 AM
10/14/2024,21,21403,10/15/2024 2:00:00 AM
10/14/2024,22,20318,10/15/2024 3:00:00 AM
10/14/2024,23,19136,10/15/2024 4:00:00 AM
10/14/2024,24,17903,10/15/2024 5:00:00 AM
10/15/2024,1,16969,10/15/2024 6:00:00 AM
10/15/2024,2,16321,10/15/2024 7:00:00 AM
10/15/2024,3,15909,10/15/2024 8:00:00 AM
10/15/2024,4,15591,10/15/2024 9:00:00 AM
10/15/2024,5,15564,10/15/2024 10:00:00 AM
10/15/2024,6,15974,10/15/2024 11:00:00 AM
10/15/2024,7,16845,10/15/2024 12:00:00 PM
10/15/2024,8,17226,10/15/2024 1:00:00 PM
10/15/2024,9,17364,10/15/2024 2:00:00 PM
10/15/2024,10,17809,10/15/2024 3:00:00 PM
10/15/2024,11,18391,10/15/2024 4:00:00 PM
10/15/2024,12,19125,10/15/2024 5:00:00 PM
10/15/2024,13,20024,10/15/2024 6:00:00 PM
10/15/2024,14,21033,10/15/2024 7:00:00 PM
10/15/2024,15,21878,10/15/2024 8:00:00 PM
10/15/2024,16,22592,10/15/2024 9:00:00 PM
10/15/2024,17,22795,10/15/2024 10:00:00 PM
10/15/2024,18,22496,10/15/2024 11:00:00 PM
10/15/2024,19,21786,10/16/2024 12:00:00 AM
10/15/2024,20,21642,10/16/2024 1:00:00 AM
10/15/2024,21,20899,10/16/2024 2:00:00 AM
10/15/2024,22,19904,10/16/2024 3:00:00 AM
10/15/2024,23,18724,10/16/2024 4:00:00 AM
10/15/2024,24,17401,10/16/2024 5:00:00 AM
10/16/2024,1,16510,10/16/2024 6:00:00 AM
10/16/2024,2,15883,10/16/2024 7:00:00 AM
10/16/2024,3,15407,10/16/2024 8:00:00 AM
10/16/2024,4,15144,10/16/2024 9:00:00 AM
10/16/2024,5,15055,10/16/2024 10:00:00 AM
10/16/2024,6,15563,10/16/2024 11:00:00 AM
10/16/2024,7,16371,10/16/2024 12:00:00 PM
10/16/2024,8,16620,10/16/2024 1:00:00 PM
10/16/2024,9,16592,10/16/2024 2:00:00 PM
10/16/2024,10,16608,10/16/2024 3:00:00 PM
10/16/2024,11,16615,10/16/2024 4:00:00 PM
10/16/2024,12,16644,10/16/2024 5:00:00 PM
10/16/2024,13,16654,10/16/2024 6:00:00 PM
10/16/2024,14,16826,10/16/2024 7:00:00 PM
10/16/2024,15,16947,10/16/2024 8:00:00 PM
10/16/2024,16,17124,10/16/2024 9:00:00 PM
10/16/2024,17,17431,10/16/2024 10:00:00 PM
10/16/2024,18,17568,10/16/2024 11:00:00 PM
10/16/2024,19,17713,10/17/2024 12:00:00 AM
10/16/2024,20,18073,10/17/2024 1:00:00 AM
10/16/2024,21,18008,10/17/2024 2:00:00 AM
10/16/2024,22,17392,10/17/2024 3:00:00 AM
10/16/2024,23,16689,10/17/2024 4:00:00 AM
10/16/2024,24,15875,10/17/2024 5:00:00 AM
10/17/2024,1,15413,10/17/2024 6:00:00 AM
10/17/2024,2,15108,10/17/2024 7:00:00 AM
10/17/2024,3,15000,10/17/2024 8:00:00 AM
10/17/2024,4,15083,10/17/2024 9:00:00 AM
10/17/2024,5,15348,10/17/2024 10:00:00 AM
10/17/2024,6,16177,10/17/2024 11:00:00 AM
10/17/2024,7,17438,10/17/2024 12:00:00 PM
10/17/2024,8,17967,10/17/2024 1:00:00 PM
10/17/2024,9,17905,10/17/2024 2:00:00 PM
10/17/2024,10,17684,10/17/2024 3:00:00 PM
10/17/2024,11,17457,10/17/2024 4:00:00 PM
10/17/2024,12,17128,10/17/2024 5:00:00 PM
10/17/2024,13,17051,10/17/2024 6:00:00 PM
10/17/2024,14,17030,10/17/2024 7:00:00 PM
10/17/2024,15,17210,10/17/2024 8:00:00 PM
10/17/2024,16,17326,10/17/2024 9:00:00 PM
10/17/2024,17,17472,10/17/2024 10:00:00 PM
10/17/2024,18,17589,10/17/2024 11:00:00 PM
10/17/2024,19,17724,10/18/2024 12:00:00 AM
10/17/2024,20,18090,10/18/2024 1:00:00 AM
10/17/2024,21,17955,10/18/2024 2:00:00 AM
10/17/2024,22,17478,10/18/2024 3:00:00 AM
10/17/2024,23,16768,10/18/2024 4:00:00 AM
10/17/2024,24,15971,10/18/2024 5:00:00 AM
10/18/2024,1,15520,10/18/2024 6:00:00 AM
10/18/2024,2,15329,10/18/2024 7:00:00 AM
10/18/2024,3,15094,10/18/2024 8:00:00 AM
10/18/2024,4,15182,10/18/2024 9:00:00 AM
10/18/2024,5,15594,10/18/2024 10:00:00 AM
10/18/2024,6,16212,10/18/2024 11:00:00 AM
10/18/2024,7,17395,10/18/2024 12:00:00 PM
10/18/2024,8,17997,10/18/2024 1:00:00 PM
10/18/2024,9,17944,10/18/2024 2:00:00 PM
10/18/2024,10,17750,10/18/2024 3:00:00 PM
10/18/2024,11,17397,10/18/2024 4:00:00 PM
10/18/2024,12,17331,10/18/2024 5:00:00 PM
10/18/2024,13,17159,10/18/2024 6:00:00 PM
10/18/2024,14,17232,10/18/2024 7:00:00 PM
10/18/2024,15,17567,10/18/2024 8:00:00 PM
10/18/2024,16,17811,10/18/2024 9:00:00 PM
10/18/2024,17,18038,10/18/2024 10:00:00 PM
10/18/2024,18,18090,10/18/2024 11:00:00 PM
10/18/2024,19,17939,10/19/2024 12:00:00 AM
10/18/2024,20,17949,10/19/2024 1:00:00 AM
10/18/2024,21,17633,10/19/2024 2:00:00 AM
10/18/2024,22,17195,10/19/2024 3:00:00 AM
10/18/2024,23,16610,10/19/2024 4:00:00 AM
10/18/2024,24,16012,10/19/2024 5:00:00 AM
10/19/2024,1,15438,10/19/2024 6:00:00 AM
10/19/2024,2,15086,10/19/2024 7:00:00 AM
10/19/2024,3,14794,10/19/2024 8:00:00 AM
10/19/2024,4,14788,10/19/2024 9:00:00 AM
10/19/2024,5,14813,10/19/2024 10:00:00 AM
10/19/2024,6,15213,10/19/2024 11:00:00 AM
10/19/2024,7,15732,10/19/2024 12:00:00 PM
10/19/2024,8,16036,10/19/2024 1:00:00 PM
10/19/2024,9,16447,10/19/2024 2:00:00 PM
10/19/2024,10,16739,10/19/2024 3:00:00 PM
10/19/2024,11,16875,10/19/2024 4:00:00 PM
10/19/2024,12,17056,10/19/2024 5:00:00 PM
10/19/2024,13,17254,10/19/2024 6:00:00 PM
10/19/2024,14,17677,10/19/2024 7:00:00 PM
10/19/2024,15,18188,10/19/2024 8:00:00 PM
10/19/2024,16,18577,10/19/2024 9:00:00 PM
10/19/2024,17,18864,10/19/2024 10:00:00 PM
10/19/2024,18,18878,10/19/2024 11:00:00 PM
10/19/2024,19,18479,10/20/2024 12:00:00 AM
10/19/2024,20,18456,10/20/2024 1:00:00 AM
10/19/2024,21,17918,10/20/2024 2:00:00 AM
10/19/2024,22,17314,10/20/2024 3:00:00 AM
10/19/2024,23,16776,10/20/2024 4:00:00 AM
10/19/2024,24,16056,10/20/2024 5:00:00 AM
10/20/2024,1,15415,10/20/2024 6:00:00 AM
10/20/2024,2,14950,10/20/2024 7:00:00 AM
10/20/2024,3,14819,10/20/2024 8:00:00 AM
10/20/2024,4,14634,10/20/2024 9:00:00 AM
10/20/2024,5,14662,10/20/2024 10:00:00 AM
10/20/2024,6,14762,10/20/2024 11:00:00 AM
10/20/2024,7,15154,10/20/2024 12:00:00 PM
10/20/2024,8,15511,10/20/2024 1:00:00 PM
10/20/2024,9,15920,10/20/2024 2:00:00 PM
10/20/2024,10,16300,10/20/2024 3:00:00 PM
10/20/2024,11,16546,10/20/2024 4:00:00 PM
10/20/2024,12,16911,10/20/2024 5:00:00 PM
10/20/2024,13,17479,10/20/2024 6:00:00 PM
10/20/2024,14,18017,10/20/2024 7:00:00 PM
10/20/2024,15,18629,10/20/2024 8:00:00 PM
10/20/2024,16,19255,10/20/2024 9:00:00 PM
10/20/2024,17,19530,10/20/2024 10:00:00 PM
10/20/2024,18,19582,10/20/2024 11:00:00 PM
10/20/2024,19,19287,10/21/2024 12:00:00 AM
10/20/2024,20,19253,10/21/2024 1:00:00 AM
10/20/2024,21,18668,10/21/2024 2:00:00 AM
10/20/2024,22,17920,10/21/2024 3:00:00 AM
10/20/2024,23,16882,10/21/2024 4:00:00 AM
10/20/2024,24,15928,10/21/2024 5:00:00 AM
10/21/2024,1,15251,10/21/2024 6:00:00 AM
10/21/2024,2,14743,10/21/2024 7:00:00 AM
10/21/2024,3,14631,10/21/2024 8:00:00 AM
10/21/2024,4,14496,10/21/2024 9:00:00 AM
10/21/2024,5,14730,10/21/2024 10:00:00 AM
10/21/2024,6,15407,10/21/2024 11:00:00 AM
10/21/2024,7,16624,10/21/2024 12:00:00 PM
10/21/2024,8,17058,10/21/2024 1:00:00 PM
10/21/2024,9,16956,10/21/2024 2:00:00 PM
10/21/2024,10,17139,10/21/2024 3:00:00 PM
10/21/2024,11,17277,10/21/2024 4:00:00 PM
10/21/2024,12,17557,10/21/2024 5:00:00 PM
10/21/2024,13,17900,10/21/2024 6:00:00 PM
10/21/2024,14,18402,10/21/2024 7:00:00 PM
10/21/2024,15,18996,10/21/2024 8:00:00 PM
10/21/2024,16,19588,10/21/2024 9:00:00 PM
10/21/2024,17,19892,10/21/2024 10:00:00 PM
10/21/2024,18,19838,10/21/2024 11:00:00 PM
10/21/2024,19,19541,10/22/2024 12:00:00 AM
10/21/2024,20,19461,10/22/2024 1:00:00 AM
10/21/2024,21,18826,10/22/2024 2:00:00 AM
10/21/2024,22,17936,10/22/2024 3:00:00 AM
10/21/2024,23,16929,10/22/2024 4:00:00 AM
10/21/2024,24,15972,10/22/2024 5:00:00 AM
10/22/2024,1,15263,10/22/2024 6:00:00 AM
10/22/2024,2,14842,10/22/2024 7:00:00 AM
10/22/2024,3,14693,10/22/2024 8:00:00 AM
10/22/2024,4,14541,10/22/2024 9:00:00 AM
10/22/2024,5,14737,10/22/2024 10:00:00 AM
10/22/2024,6,15462,10/22/2024 11:00:00 AM
10/22/2024,7,16679,10/22/2024 12:00:00 PM
10/22/2024,8,16958,10/22/2024 1:00:00 PM
10/22/2024,9,16930,10/22/2024 2:00:00 PM
10/22/2024,10,16955,10/22/2024 3:00:00 PM
10/22/2024,11,17103,10/22/2024 4:00:00 PM
10/22/2024,12,17527,10/22/2024 5:00:00 PM
10/22/2024,13,17935,10/22/2024 6:00:00 PM
10/22/2024,14,18670,10/22/2024 7:00:00 PM
10/22/2024,15,19365,10/22/2024 8:00:00 PM
10/22/2024,16,20027,10/22/2024 9:00:00 PM
10/22/2024,17,20300,10/22/2024 10:00:00 PM
10/22/2024,18,20303,10/22/2024 11:00:00 PM
10/22/2024,19,19928,10/23/2024 12:00:00 AM
10/22/2024,20,19868,10/23/2024 1:00:00 AM
10/22/2024,21,19252,10/23/2024 2:00:00 AM
10/22/2024,22,18404,10/23/2024 3:00:00 AM
10/22/2024,23,17321,10/23/2024 4:00:00 AM
10/22/2024,24,16206,10/23/2024 5:00:00 AM
10/23/2024,1,15449,10/23/2024 6:00:00 AM
10/23/2024,2,14965,10/23/2024 7:00:00 AM
10/23/2024,3,14632,10/23/2024 8:00:00 AM
10/23/2024,4,14552,10/23/2024 9:00:00 AM
10/23/2024,5,14687,10/23/2024 10:00:00 AM
10/23/2024,6,15322,10/23/2024 11:00:00 AM
10/23/2024,7,16423,10/23/2024 12:00:00 PM
10/23/2024,8,16728,10/23/2024 1:00:00 PM
10/23/2024,9,16815,10/23/2024 2:00:00 PM
10/23/2024,10,16987,10/23/2024 3:00:00 PM
10/23/2024,11,17547,10/23/2024 4:00:00 PM
10/23/2024,12,18189,10/23/2024 5:00:00 PM
10/23/2024,13,19015,10/23/2024 6:00:00 PM
10/23/2024,14,20053,10/23/2024 7:00:00 PM
10/23/2024,15,21018,10/23/2024 8:00:00 PM
10/23/2024,16,21738,10/23/2024 9:00:00 PM
10/23/2024,17,22136,10/23/2024 10:00:00 PM
10/23/2024,18,21965,10/23/2024 11:00:00 PM
10/23/2024,19,21379,10/24/2024 12:00:00 AM
10/23/2024,20,21083,10/24/2024 1:00:00 AM
10/23/2024,21,20209,10/24/2024 2:00:00 AM
10/23/2024,22,19292,10/24/2024 3:00:00 AM
10/23/2024,23,18141,10/24/2024 4:00:00 AM
10/23/2024,24,16958,10/24/2024 5:00:00 AM
10/24/2024,1,16137,10/24/2024 6:00:00 AM
10/24/2024,2,15586,10/24/2024 7:00:00 AM
10/24/2024,3,15230,10/24/2024 8:00:00 AM
10/24/2024,4,15062,10/24/2024 9:00:00 AM
10/24/2024,5,15053,10/24/2024 10:00:00 AM
10/24/2024,6,15642,10/24/2024 11:00:00 AM
10/24/2024,7,16494,10/24/2024 12:00:00 PM
10/24/2024,8,16899,10/24/2024 1:00:00 PM
10/24/2024,9,16982,10/24/2024 2:00:00 PM
10/24/2024,10,17324,10/24/2024 3:00:00 PM
10/24/2024,11,17903,10/24/2024 4:00:00 PM
10/24/2024,12,18622,10/24/2024 5:00:00 PM
10/24/2024,13,19483,10/24/2024 6:00:00 PM
10/24/2024,14,20633,10/24/2024 7:00:00 PM
10/24/2024,15,21596,10/24/2024 8:00:00 PM
10/24/2024,16,22129,10/24/2024 9:00:00 PM
10/24/2024,17,22483,10/24/2024 10:00:00 PM
10/24/2024,18,22137,10/24/2024 11:00:00 PM
10/24/2024,19,21364,10/25/2024 12:00:00 AM
10/24/2024,20,21063,10/25/2024 1:00:00 AM
10/24/2024,21,20300,10/25/2024 2:00:00 AM
10/24/2024,22,19328,10/25/2024 3:00:00 AM
10/24/2024,23,18175,10/25/2024 4:00:00 AM
10/24/2024,24,16968,10/25/2024 5:00:00 AM
10/25/2024,1,16132,10/25/2024 6:00:00 AM
10/25/2024,2,15592,10/25/2024 7:00:00 AM
10/25/2024,3,15220,10/25/2024 8:00:00 AM
10/25/2024,4,14980,10/25/2024 9:00:00 AM
10/25/2024,5,14951,10/25/2024 10:00:00 AM
10/25/2024,6,15488,10/25/2024 11:00:00 AM
10/25/2024,7,16395,10/25/2024 12:00:00 PM
10/25/2024,8,16721,10/25/2024 1:00:00 PM
10/25/2024,9,16853,10/25/2024 2:00:00 PM
10/25/2024,10,17372,10/25/2024 3:00:00 PM
10/25/2024,11,18148,10/25/2024 4:00:00 PM
10/25/2024,12,19092,10/25/2024 5:00:00 PM
10/25/2024,13,20060,10/25/2024 6:00:00 PM
10/25/2024,14,21090,10/25/2024 7:00:00 PM
10/25/2024,15,21902,10/25/2024 8:00:00 PM
10/25/2024,16,22547,10/25/2024 9:00:00 PM
10/25/2024,17,22721,10/25/2024 10:00:00 PM
10/25/2024,18,22275,10/25/2024 11:00:00 PM
10/25/2024,19,21312,10/26/2024 12:00:00 AM
10/25/2024,20,20704,10/26/2024 1:00:00 AM
10/25/2024,21,19971,10/26/2024 2:00:00 AM
10/25/2024,22,19209,10/26/2024 3:00:00 AM
10/25/2024,23,18324,10/26/2024 4:00:00 AM
10/25/2024,24,17513,10/26/2024 5:00:00 AM
10/26/2024,1,16641,10/26/2024 6:00:00 AM
10/26/2024,2,15984,10/26/2024 7:00:00 AM
10/26/2024,3,15535,10/26/2024 8:00:00 AM
10/26/2024,4,15066,10/26/2024 9:00:00 AM
10/26/2024,5,15099,10/26/2024 10:00:00 AM
10/26/2024,6,15157,10/26/2024 11:00:00 AM
10/26/2024,7,15440,10/26/2024 12:00:00 PM
10/26/2024,8,15773,10/26/2024 1:00:00 PM
10/26/2024,9,16213,10/26/2024 2:00:00 PM
10/26/2024,10,16970,10/26/2024 3:00:00 PM
10/26/2024,11,17736,10/26/2024 4:00:00 PM
10/26/2024,12,18585,10/26/2024 5:00:00 PM
10/26/2024,13,19435,10/26/2024 6:00:00 PM
10/26/2024,14,20407,10/26/2024 7:00:00 PM
10/26/2024,15,21034,10/26/2024 8:00:00 PM
10/26/2024,16,21459,10/26/2024 9:00:00 PM
10/26/2024,17,21392,10/26/2024 10:00:00 PM
10/26/2024,18,21026,10/26/2024 11:00:00 PM
10/26/2024,19,20287,10/27/2024 12:00:00 AM
10/26/2024,20,19807,10/27/2024 1:00:00 AM
10/26/2024,21,19031,10/27/2024 2:00:00 AM
10/26/2024,22,18306,10/27/2024 3:00:00 AM
10/26/2024,23,17566,10/27/2024 4:00:00 AM
10/26/2024,24,16739,10/27/2024 5:00:00 AM
10/27/2024,1,15901,10/27/2024 6:00:00 AM
10/27/2024,2,15303,10/27/2024 7:00:00 AM
10/27/2024,3,14899,10/27/2024 8:00:00 AM
10/27/2024,4,14682,10/27/2024 9:00:00 AM
10/27/2024,5,14576,10/27/2024 10:00:00 AM
10/27/2024,6,14578,10/27/2024 11:00:00 AM
10/27/2024,7,14741,10/27/2024 12:00:00 PM
10/27/2024,8,15025,10/27/2024 1:00:00 PM
10/27/2024,9,15610,10/27/2024 2:00:00 PM
10/27/2024,10,16403,10/27/2024 3:00:00 PM
10/27/2024,11,17101,10/27/2024 4:00:00 PM
10/27/2024,12,17796,10/27/2024 5:00:00 PM
10/27/2024,13,18936,10/27/2024 6:00:00 PM
10/27/2024,14,19967,10/27/2024 7:00:00 PM
10/27/2024,15,20718,10/27/2024 8:00:00 PM
10/27/2024,16,21303,10/27/2024 9:00:00 PM
10/27/2024,17,21598,10/27/2024 10:00:00 PM
10/27/2024,18,21390,10/27/2024 11:00:00 PM
10/27/2024,19,20819,10/28/2024 12:00:00 AM
10/27/2024,20,20627,10/28/2024 1:00:00 AM
10/27/2024,21,19882,10/28/2024 2:00:00 AM
10/27/2024,22,18968,10/28/2024 3:00:00 AM
10/27/2024,23,17867,10/28/2024 4:00:00 AM
10/27/2024,24,16756,10/28/2024 5:00:00 AM
10/28/2024,1,15920,10/28/2024 6:00:00 AM
10/28/2024,2,15415,10/28/2024 7:00:00 AM
10/28/2024,3,15044,10/28/2024 8:00:00 AM
10/28/2024,4,14895,10/28/2024 9:00:00 AM
10/28/2024,5,14975,10/28/2024 10:00:00 AM
10/28/2024,6,15569,10/28/2024 11:00:00 AM
10/28/2024,7,16672,10/28/2024 12:00:00 PM
10/28/2024,8,17165,10/28/2024 1:00:00 PM
10/28/2024,9,17165,10/28/2024 2:00:00 PM
10/28/2024,10,17634,10/28/2024 3:00:00 PM
10/28/2024,11,18424,10/28/2024 4:00:00 PM
10/28/2024,12,19405,10/28/2024 5:00:00 PM
10/28/2024,13,20347,10/28/2024 6:00:00 PM
10/28/2024,14,21393,10/28/2024 7:00:00 PM
10/28/2024,15,22108,10/28/2024 8:00:00 PM
10/28/2024,16,22630,10/28/2024 9:00:00 PM
10/28/2024,17,22744,10/28/2024 10:00:00 PM
10/28/2024,18,22398,10/28/2024 11:00:00 PM
10/28/2024,19,21830,10/29/2024 12:00:00 AM
10/28/2024,20,21486,10/29/2024 1:00:00 AM
10/28/2024,21,20665,10/29/2024 2:00:00 AM
10/28/2024,22,19780,10/29/2024 3:00:00 AM
10/28/2024,23,18630,10/29/2024 4:00:00 AM
10/28/2024,24,17551,10/29/2024 5:00:00 AM
10/29/2024,1,16735,10/29/2024 6:00:00 AM
10/29/2024,2,16165,10/29/2024 7:00:00 AM
10/29/2024,3,15823,10/29/2024 8:00:00 AM
10/29/2024,4,15555,10/29/2024 9:00:00 AM
10/29/2024,5,15648,10/29/2024 10:00:00 AM
10/29/2024,6,16131,10/29/2024 11:00:00 AM
10/29/2024,7,17149,10/29/2024 12:00:00 PM
10/29/2024,8,17502,10/29/2024 1:00:00 PM
10/29/2024,9,17566,10/29/2024 2:00:00 PM
10/29/2024,10,18106,10/29/2024 3:00:00 PM
10/29/2024,11,18980,10/29/2024 4:00:00 PM
10/29/2024,12,19773,10/29/2024 5:00:00 PM
10/29/2024,13,20590,10/29/2024 6:00:00 PM
10/29/2024,14,21340,10/29/2024 7:00:00 PM
10/29/2024,15,21949,10/29/2024 8:00:00 PM
10/29/2024,16,22348,10/29/2024 9:00:00 PM
10/29/2024,17,22304,10/29/2024 10:00:00 PM
10/29/2024,18,21939,10/29/2024 11:00:00 PM
10/29/2024,19,21616,10/30/2024 12:00:00 AM
10/29/2024,20,21500,10/30/2024 1:00:00 AM
10/29/2024,21,20883,10/30/2024 2:00:00 AM
10/29/2024,22,20166,10/30/2024 3:00:00 AM
10/29/2024,23,19173,10/30/2024 4:00:00 AM
10/29/2024,24,18006,10/30/2024 5:00:00 AM
10/30/2024,1,17167,10/30/2024 6:00:00 AM
10/30/2024,2,16602,10/30/2024 7:00:00 AM
10/30/2024,3,16200,10/30/2024 8:00:00 AM
10/30/2024,4,16007,10/30/2024 9:00:00 AM
10/30/2024,5,16011,10/30/2024 10:00:00 AM
10/30/2024,6,16590,10/30/2024 11:00:00 AM
10/30/2024,7,17615,10/30/2024 12:00:00 PM
10/30/2024,8,17867,10/30/2024 1:00:00 PM
10/30/2024,9,18114,10/30/2024 2:00:00 PM
10/30/2024,10,18792,10/30/2024 3:00:00 PM
10/30/2024,11,19592,10/30/2024 4:00:00 PM
10/30/2024,12,20351,10/30/2024 5:00:00 PM
10/30/2024,13,21223,10/30/2024 6:00:00 PM
10/30/2024,14,21990,10/30/2024 7:00:00 PM
10/30/2024,15,22480,10/30/2024 8:00:00 PM
10/30/2024,16,22707,10/30/2024 9:00:00 PM
10/30/2024,17,22842,10/30/2024 10:00:00 PM
10/30/2024,18,22377,10/30/2024 11:00:00 PM
10/30/2024,19,22195,10/31/2024 12:00:00 AM
10/30/2024,20,22119,10/31/2024 1:00:00 AM
10/30/2024,21,21740,10/31/2024 2:00:00 AM
10/30/2024,22,21097,10/31/2024 3:00:00 AM
10/30/2024,23,20163,10/31/2024 4:00:00 AM
10/30/2024,24,19233,10/31/2024 5:00:00 AM
10/31/2024,1,18283,10/31/2024 6:00:00 AM
10/31/2024,2,17811,10/31/2024 7:00:00 AM
10/31/2024,3,17454,10/31/2024 8:00:00 AM
10/31/2024,4,17306,10/31/2024 9:00:00 AM
10/31/2024,5,17411,10/31/2024 10:00:00 AM
10/31/2024,6,17850,10/31/2024 11:00:00 AM
10/31/2024,7,18792,10/31/2024 12:00:00 PM
10/31/2024,8,19001,10/31/2024 1:00:00 PM
10/31/2024,9,19026,10/31/2024 2:00:00 PM
10/31/2024,10,19386,10/31/2024 3:00:00 PM
10/31/2024,11,19938,10/31/2024 4:00:00 PM
10/31/2024,12,20369,10/31/2024 5:00:00 PM
10/31/2024,13,20761,10/31/2024 6:00:00 PM
10/31/2024,14,21072,10/31/2024 7:00:00 PM
10/31/2024,15,20975,10/31/2024 8:00:00 PM
10/31/2024,16,20737,10/31/2024 9:00:00 PM
10/31/2024,17,20584,10/31/2024 10:00:00 PM
10/31/2024,18,20188,10/31/2024 11:00:00 PM
10/31/2024,19,19921,11/01/2024 12:00:00 AM
10/31/2024,20,19753,11/01/2024 1:00:00 AM
10/31/2024,21,19576,11/01/2024 2:00:00 AM
10/31/2024,22,19277,11/01/2024 3:00:00 AM
10/31/2024,23,18566,11/01/2024 4:00:00 AM
10/31/2024,24,17665,11/01/2024 5:00:00 AM
11/01/2024,1,16960,11/01/2024 6:00:00 AM
11/01/2024,2,16537,11/01/2024 7:00:00 AM
11/01/2024,3,16296,11/01/2024 8:00:00 AM
11/01/2024,4,16111,11/01/2024 9:00:00 AM
11/01/2024,5,16299,11/01/2024 10:00:00 AM
11/01/2024,6,16638,11/01/2024 11:00:00 AM
11/01/2024,7,17475,11/01/2024 12:00:00 PM
11/01/2024,8,17895,11/01/2024 1:00:00 PM
11/01/2024,9,17952,11/01/2024 2:00:00 PM
11/01/2024,10,18243,11/01/2024 3:00:00 PM
11/01/2024,11,18610,11/01/2024 4:00:00 PM
11/01/2024,12,18909,11/01/2024 5:00:00 PM
11/01/2024,13,18996,11/01/2024 6:00:00 PM
11/01/2024,14,19311,11/01/2024 7:00:00 PM
11/01/2024,15,19650,11/01/2024 8:00:00 PM
11/01/2024,16,19714,11/01/2024 9:00:00 PM
11/01/2024,17,19764,11/01/2024 10:00:00 PM
11/01/2024,18,19634,11/01/2024 11:00:00 PM
11/01/2024,19,19668,11/02/2024 12:00:00 AM
11/01/2024,20,19618,11/02/2024 1:00:00 AM
11/01/2024,21,19355,11/02/2024 2:00:00 AM
11/01/2024,22,18894,11/02/2024 3:00:00 AM
11/01/2024,23,18422,11/02/2024 4:00:00 AM
11/01/2024,24,17723,11/02/2024 5:00:00 AM
11/02/2024,1,17087,11/02/2024 6:00:00 AM
11/02/2024,2,16589,11/02/2024 7:00:00 AM
11/02/2024,3,16256,11/02/2024 8:00:00 AM
11/02/2024,4,15986,11/02/2024 9:00:00 AM
11/02/2024,5,15873,11/02/2024 10:00:00 AM
11/02/2024,6,16089,11/02/2024 11:00:00 AM
11/02/2024,7,16415,11/02/2024 12:00:00 PM
11/02/2024,8,16753,11/02/2024 1:00:00 PM
11/02/2024,9,17227,11/02/2024 2:00:00 PM
11/02/2024,10,17875,11/02/2024 3:00:00 PM
11/02/2024,11,18557,11/02/2024 4:00:00 PM
11/02/2024,12,19167,11/02/2024 5:00:00 PM
11/02/2024,13,19741,11/02/2024 6:00:00 PM
11/02/2024,14,20334,11/02/2024 7:00:00 PM
11/02/2024,15,20581,11/02/2024 8:00:00 PM
11/02/2024,16,20718,11/02/2024 9:00:00 PM
11/02/2024,17,20563,11/02/2024 10:00:00 PM
11/02/2024,18,20343,11/02/2024 11:00:00 PM
11/02/2024,19,20202,11/03/2024 12:00:00 AM
11/02/2024,20,20015,11/03/2024 1:00:00 AM
11/02/2024,21,19574,11/03/2024 2:00:00 AM
11/02/2024,22,19092,11/03/2024 3:00:00 AM
11/02/2024,23,18416,11/03/2024 4:00:00 AM
11/02/2024,24,17673,11/03/2024 5:00:00 AM
11/03/2024,1,17057,11/03/2024 6:00:00 AM
11/03/2024,2,16571,11/03/2024 7:00:00 AM
11/03/2024,3,16176,11/03/2024 8:00:00 AM
11/03/2024,4,15921,11/03/2024 9:00:00 AM
11/03/2024,5,15821,11/03/2024 10:00:00 AM
11/03/2024,6,15788,11/03/2024 11:00:00 AM
11/03/2024,7,15990,11/03/2024 12:00:00 PM
11/03/2024,8,16211,11/03/2024 1:00:00 PM
11/03/2024,9,16801,11/03/2024 2:00:00 PM
11/03/2024,10,17804,11/03/2024 3:00:00 PM
11/03/2024,11,18645,11/03/2024 4:00:00 PM
11/03/2024,12,19349,11/03/2024 5:00:00 PM
11/03/2024,13,20150,11/03/2024 6:00:00 PM
11/03/2024,14,20664,11/03/2024 7:00:00 PM
11/03/2024,15,21100,11/03/2024 8:00:00 PM
11/03/2024,16,21207,11/03/2024 9:00:00 PM
11/03/2024,17,21138,11/03/2024 10:00:00 PM
11/03/2024,18,20918,11/03/2024 11:00:00 PM
11/03/2024,19,20971,11/04/2024 12:00:00 AM
11/03/2024,20,20946,11/04/2024 1:00:00 AM
11/03/2024,21,20574,11/04/2024 2:00:00 AM
11/03/2024,22,20175,11/04/2024 3:00:00 AM
11/03/2024,23,19627,11/04/2024 4:00:00 AM
11/03/2024,24,18785,11/04/2024 5:00:00 AM
11/04/2024,1,18043,11/04/2024 6:00:00 AM
11/04/2024,2,17554,11/04/2024 7:00:00 AM
11/04/2024,3,17199,11/04/2024 8:00:00 AM
11/04/2024,4,17061,11/04/2024 9:00:00 AM
11/04/2024,5,16989,11/04/2024 10:00:00 AM
11/04/2024,6,17167,11/04/2024 11:00:00 AM
11/04/2024,7,17789,11/04/2024 12:00:00 PM
11/04/2024,8,18667,11/04/2024 1:00:00 PM
11/04/2024,9,19140,11/04/2024 2:00:00 PM
11/04/2024,10,19788,11/04/2024 3:00:00 PM
11/04/2024,11,20614,11/04/2024 4:00:00 PM
11/04/2024,12,21222,11/04/2024 5:00:00 PM
11/04/2024,13,21921,11/04/2024 6:00:00 PM
11/04/2024,14,22313,11/04/2024 7:00:00 PM
11/04/2024,15,22631,11/04/2024 8:00:00 PM
11/04/2024,16,22791,11/04/2024 9:00:00 PM
11/04/2024,17,22521,11/04/2024 10:00:00 PM
11/04/2024,18,22292,11/04/2024 11:00:00 PM
11/04/2024,19,22127,11/05/2024 12:00:00 AM
11/04/2024,20,22190,11/05/2024 1:00:00 AM
11/04/2024,21,21791,11/05/2024 2:00:00 AM
11/04/2024,22,21299,11/05/2024 3:00:00 AM
11/04/2024,23,20555,11/05/2024 4:00:00 AM
11/04/2024,24,19710,11/05/2024 5:00:00 AM
11/05/2024,1,18862,11/05/2024 6:00:00 AM
11/05/2024,2,18121,11/05/2024 7:00:00 AM
11/05/2024,3,17647,11/05/2024 8:00:00 AM
11/05/2024,4,17414,11/05/2024 9:00:00 AM
11/05/2024,5,17216,11/05/2024 10:00:00 AM
11/05/2024,6,17280,11/05/2024 11:00:00 AM
11/05/2024,7,17691,11/05/2024 12:00:00 PM
11/05/2024,8,18314,11/05/2024 1:00:00 PM
11/05/2024,9,18759,11/05/2024 2:00:00 PM
11/05/2024,10,19381,11/05/2024 3:00:00 PM
11/05/2024,11,19834,11/05/2024 4:00:00 PM
11/05/2024,12,20236,11/05/2024 5:00:00 PM
11/05/2024,13,20666,11/05/2024 6:00:00 PM
11/05/2024,14,20956,11/05/2024 7:00:00 PM
11/05/2024,15,21289,11/05/2024 8:00:00 PM
11/05/2024,16,21243,11/05/2024 9:00:00 PM
11/05/2024,17,21125,11/05/2024 10:00:00 PM
11/05/2024,18,20833,11/05/2024 11:00:00 PM
11/05/2024,19,20918,11/06/2024 12:00:00 AM
11/05/2024,20,21124,11/06/2024 1:00:00 AM
11/05/2024,21,20711,11/06/2024 2:00:00 AM
11/05/2024,22,20205,11/06/2024 3:00:00 AM
11/05/2024,23,19604,11/06/2024 4:00:00 AM
11/05/2024,24,18745,11/06/2024 5:00:00 AM
11/06/2024,1,17970,11/06/2024 6:00:00 AM
11/06/2024,2,17381,11/06/2024 7:00:00 AM
11/06/2024,3,16911,11/06/2024 8:00:00 AM
11/06/2024,4,16511,11/06/2024 9:00:00 AM
11/06/2024,5,16446,11/06/2024 10:00:00 AM
11/06/2024,6,16390,11/06/2024 11:00:00 AM
11/06/2024,7,16873,11/06/2024 12:00:00 PM
11/06/2024,8,17739,11/06/2024 1:00:00 PM
11/06/2024,9,18004,11/06/2024 2:00:00 PM
11/06/2024,10,18612,11/06/2024 3:00:00 PM
11/06/2024,11,19007,11/06/2024 4:00:00 PM
11/06/2024,12,19853,11/06/2024 5:00:00 PM
11/06/2024,13,20546,11/06/2024 6:00:00 PM
11/06/2024,14,21225,11/06/2024 7:00:00 PM
11/06/2024,15,21829,11/06/2024 8:00:00 PM
11/06/2024,16,22265,11/06/2024 9:00:00 PM
11/06/2024,17,22168,11/06/2024 10:00:00 PM
11/06/2024,18,21815,11/06/2024 11:00:00 PM
11/06/2024,19,21803,11/07/2024 12:00:00 AM
11/06/2024,20,21788,11/07/2024 1:00:00 AM
11/06/2024,21,21212,11/07/2024 2:00:00 AM
11/06/2024,22,20635,11/07/2024 3:00:00 AM
11/06/2024,23,20070,11/07/2024 4:00:00 AM
11/06/2024,24,18993,11/07/2024 5:00:00 AM
11/07/2024,1,17856,11/07/2024 6:00:00 AM
11/07/2024,2,17303,11/07/2024 7:00:00 AM
11/07/2024,3,16859,11/07/2024 8:00:00 AM
11/07/2024,4,16729,11/07/2024 9:00:00 AM
11/07/2024,5,16659,11/07/2024 10:00:00 AM
11/07/2024,6,16849,11/07/2024 11:00:00 AM
11/07/2024,7,17452,11/07/2024 12:00:00 PM
11/07/2024,8,18252,11/07/2024 1:00:00 PM
11/07/2024,9,18449,11/07/2024 2:00:00 PM
11/07/2024,10,18782,11/07/2024 3:00:00 PM
11/07/2024,11,19276,11/07/2024 4:00:00 PM
11/07/2024,12,19772,11/07/2024 5:00:00 PM
11/07/2024,13,20274,11/07/2024 6:00:00 PM
11/07/2024,14,20758,11/07/2024 7:00:00 PM
11/07/2024,15,21281,11/07/2024 8:00:00 PM
11/07/2024,16,21535,11/07/2024 9:00:00 PM
11/07/2024,17,21586,11/07/2024 10:00:00 PM
11/07/2024,18,21447,11/07/2024 11:00:00 PM
11/07/2024,19,21499,11/08/2024 12:00:00 AM
11/07/2024,20,21524,11/08/2024 1:00:00 AM
11/07/2024,21,21182,11/08/2024 2:00:00 AM
11/07/2024,22,20753,11/08/2024 3:00:00 AM
11/07/2024,23,20107,11/08/2024 4:00:00 AM
11/07/2024,24,19291,11/08/2024 5:00:00 AM
11/08/2024,1,18365,11/08/2024 6:00:00 AM
11/08/2024,2,17732,11/08/2024 7:00:00 AM
11/08/2024,3,17208,11/08/2024 8:00:00 AM
11/08/2024,4,16897,11/08/2024 9:00:00 AM
11/08/2024,5,16817,11/08/2024 10:00:00 AM
11/08/2024,6,16925,11/08/2024 11:00:00 AM
11/08/2024,7,17468,11/08/2024 12:00:00 PM
11/08/2024,8,18308,11/08/2024 1:00:00 PM
11/08/2024,9,18512,11/08/2024 2:00:00 PM
11/08/2024,10,18813,11/08/2024 3:00:00 PM
11/08/2024,11,19166,11/08/2024 4:00:00 PM
11/08/2024,12,19671,11/08/2024 5:00:00 PM
11/08/2024,13,20009,11/08/2024 6:00:00 PM
11/08/2024,14,20271,11/08/2024 7:00:00 PM
11/08/2024,15,20521,11/08/2024 8:00:00 PM
11/08/2024,16,20647,11/08/2024 9:00:00 PM
11/08/2024,17,20495,11/08/2024 10:00:00 PM
11/08/2024,18,20403,11/08/2024 11:00:00 PM
11/08/2024,19,20561,11/09/2024 12:00:00 AM
11/08/2024,20,20539,11/09/2024 1:00:00 AM
11/08/2024,21,20078,11/09/2024 2:00:00 AM
11/08/2024,22,19762,11/09/2024 3:00:00 AM
11/08/2024,23,19327,11/09/2024 4:00:00 AM
11/08/2024,24,18661,11/09/2024 5:00:00 AM
11/09/2024,1,18065,11/09/2024 6:00:00 AM
11/09/2024,2,17477,11/09/2024 7:00:00 AM
11/09/2024,3,16969,11/09/2024 8:00:00 AM
11/09/2024,4,16640,11/09/2024 9:00:00 AM
11/09/2024,5,16290,11/09/2024 10:00:00 AM
11/09/2024,6,16286,11/09/2024 11:00:00 AM
11/09/2024,7,16525,11/09/2024 12:00:00 PM
11/09/2024,8,16820,11/09/2024 1:00:00 PM
11/09/2024,9,17050,11/09/2024 2:00:00 PM
11/09/2024,10,17678,11/09/2024 3:00:00 PM
11/09/2024,11,18672,11/09/2024 4:00:00 PM
11/09/2024,12,19129,11/09/2024 5:00:00 PM
11/09/2024,13,19644,11/09/2024 6:00:00 PM
11/09/2024,14,19918,11/09/2024 7:00:00 PM
11/09/2024,15,19848,11/09/2024 8:00:00 PM
11/09/2024,16,19969,11/09/2024 9:00:00 PM
11/09/2024,17,19885,11/09/2024 10:00:00 PM
11/09/2024,18,19692,11/09/2024 11:00:00 PM
11/09/2024,19,19897,11/10/2024 12:00:00 AM
11/09/2024,20,20002,11/10/2024 1:00:00 AM
11/09/2024,21,19622,11/10/2024 2:00:00 AM
11/09/2024,22,19233,11/10/2024 3:00:00 AM
11/09/2024,23,18984,11/10/2024 4:00:00 AM
11/09/2024,24,18520,11/10/2024 5:00:00 AM
11/10/2024,1,17861,11/10/2024 6:00:00 AM
11/10/2024,2,17266,11/10/2024 7:00:00 AM
11/10/2024,3,16837,11/10/2024 8:00:00 AM
11/10/2024,4,16520,11/10/2024 9:00:00 AM
11/10/2024,5,16425,11/10/2024 10:00:00 AM
11/10/2024,6,16263,11/10/2024 11:00:00 AM
11/10/2024,7,16307,11/10/2024 12:00:00 PM
11/10/2024,8,16477,11/10/2024 1:00:00 PM
11/10/2024,9,16917,11/10/2024 2:00:00 PM
11/10/2024,10,17537,11/10/2024 3:00:00 PM
11/10/2024,11,18159,11/10/2024 4:00:00 PM
11/10/2024,12,18573,11/10/2024 5:00:00 PM
11/10/2024,13,18963,11/10/2024 6:00:00 PM
11/10/2024,14,19565,11/10/2024 7:00:00 PM
11/10/2024,15,19777,11/10/2024 8:00:00 PM
11/10/2024,16,19924,11/10/2024 9:00:00 PM
11/10/2024,17,20036,11/10/2024 10:00:00 PM
11/10/2024,18,20135,11/10/2024 11:00:00 PM
11/10/2024,19,20259,11/11/2024 12:00:00 AM
11/10/2024,20,20346,11/11/2024 1:00:00 AM
11/10/2024,21,19937,11/11/2024 2:00:00 AM
11/10/2024,22,19408,11/11/2024 3:00:00 AM
11/10/2024,23,18824,11/11/2024 4:00:00 AM
11/10/2024,24,17981,11/11/2024 5:00:00 AM
11/11/2024,1,17076,11/11/2024 6:00:00 AM
11/11/2024,2,16240,11/11/2024 7:00:00 AM
11/11/2024,3,15805,11/11/2024 8:00:00 AM
11/11/2024,4,15692,11/11/2024 9:00:00 AM
11/11/2024,5,15625,11/11/2024 10:00:00 AM
11/11/2024,6,15760,11/11/2024 11:00:00 AM
11/11/2024,7,16461,11/11/2024 12:00:00 PM
11/11/2024,8,17281,11/11/2024 1:00:00 PM
11/11/2024,9,17677,11/11/2024 2:00:00 PM
11/11/2024,10,17904,11/11/2024 3:00:00 PM
11/11/2024,11,18525,11/11/2024 4:00:00 PM
11/11/2024,12,19045,11/11/2024 5:00:00 PM
11/11/2024,13,19761,11/11/2024 6:00:00 PM
11/11/2024,14,20083,11/11/2024 7:00:00 PM
11/11/2024,15,20744,11/11/2024 8:00:00 PM
11/11/2024,16,20926,11/11/2024 9:00:00 PM
11/11/2024,17,21026,11/11/2024 10:00:00 PM
11/11/2024,18,20752,11/11/2024 11:00:00 PM
11/11/2024,19,20466,11/12/2024 12:00:00 AM
11/11/2024,20,20527,11/12/2024 1:00:00 AM
11/11/2024,21,20005,11/12/2024 2:00:00 AM
11/11/2024,22,19495,11/12/2024 3:00:00 AM
11/11/2024,23,18712,11/12/2024 4:00:00 AM
11/11/2024,24,17532,11/12/2024 5:00:00 AM
11/12/2024,1,16653,11/12/2024 6:00:00 AM
11/12/2024,2,16090,11/12/2024 7:00:00 AM
11/12/2024,3,15503,11/12/2024 8:00:00 AM
11/12/2024,4,15244,11/12/2024 9:00:00 AM
11/12/2024,5,15059,11/12/2024 10:00:00 AM
11/12/2024,6,15364,11/12/2024 11:00:00 AM
11/12/2024,7,16061,11/12/2024 12:00:00 PM
11/12/2024,8,17000,11/12/2024 1:00:00 PM
11/12/2024,9,17278,11/12/2024 2:00:00 PM
11/12/2024,10,17217,11/12/2024 3:00:00 PM
11/12/2024,11,17514,11/12/2024 4:00:00 PM
11/12/2024,12,17669,11/12/2024 5:00:00 PM
11/12/2024,13,17925,11/12/2024 6:00:00 PM
11/12/2024,14,18347,11/12/2024 7:00:00 PM
11/12/2024,15,18663,11/12/2024 8:00:00 PM
11/12/2024,16,18918,11/12/2024 9:00:00 PM
11/12/2024,17,19001,11/12/2024 10:00:00 PM
11/12/2024,18,19037,11/12/2024 11:00:00 PM
11/12/2024,19,19214,11/13/2024 12:00:00 AM
11/12/2024,20,19480,11/13/2024 1:00:00 AM
11/12/2024,21,19250,11/13/2024 2:00:00 AM
11/12/2024,22,18953,11/13/2024 3:00:00 AM
11/12/2024,23,18299,11/13/2024 4:00:00 AM
11/12/2024,24,17629,11/13/2024 5:00:00 AM
11/13/2024,1,16865,11/13/2024 6:00:00 AM
11/13/2024,2,16284,11/13/2024 7:00:00 AM
11/13/2024,3,15966,11/13/2024 8:00:00 AM
11/13/2024,4,15822,11/13/2024 9:00:00 AM
11/13/2024,5,15754,11/13/2024 10:00:00 AM
11/13/2024,6,16001,11/13/2024 11:00:00 AM
11/13/2024,7,16445,11/13/2024 12:00:00 PM
11/13/2024,8,17506,11/13/2024 1:00:00 PM
11/13/2024,9,17866,11/13/2024 2:00:00 PM
11/13/2024,10,18070,11/13/2024 3:00:00 PM
11/13/2024,11,18341,11/13/2024 4:00:00 PM
11/13/2024,12,18854,11/13/2024 5:00:00 PM
11/13/2024,13,19024,11/13/2024 6:00:00 PM
11/13/2024,14,19292,11/13/2024 7:00:00 PM
11/13/2024,15,19656,11/13/2024 8:00:00 PM
11/13/2024,16,19716,11/13/2024 9:00:00 PM
11/13/2024,17,19756,11/13/2024 10:00:00 PM
11/13/2024,18,19771,11/13/2024 11:00:00 PM
11/13/2024,19,19943,11/14/2024 12:00:00 AM
11/13/2024,20,20087,11/14/2024 1:00:00 AM
11/13/2024,21,19725,11/14/2024 2:00:00 AM
11/13/2024,22,19360,11/14/2024 3:00:00 AM
11/13/2024,23,18762,11/14/2024 4:00:00 AM
11/13/2024,24,17734,11/14/2024 5:00:00 AM
11/14/2024,1,16780,11/14/2024 6:00:00 AM
11/14/2024,2,16215,11/14/2024 7:00:00 AM
11/14/2024,3,15682,11/14/2024 8:00:00 AM
11/14/2024,4,15339,11/14/2024 9:00:00 AM
11/14/2024,5,15227,11/14/2024 10:00:00 AM
11/14/2024,6,15306,11/14/2024 11:00:00 AM
11/14/2024,7,15936,11/14/2024 12:00:00 PM
11/14/2024,8,16936,11/14/2024 1:00:00 PM
11/14/2024,9,17149,11/14/2024 2:00:00 PM
11/14/2024,10,17360,11/14/2024 3:00:00 PM
11/14/2024,11,17455,11/14/2024 4:00:00 PM
11/14/2024,12,17593,11/14/2024 5:00:00 PM
11/14/2024,13,17789,11/14/2024 6:00:00 PM
11/14/2024,14,18102,11/14/2024 7:00:00 PM
11/14/2024,15,18354,11/14/2024 8:00:00 PM
11/14/2024,16,18463,11/14/2024 9:00:00 PM
11/14/2024,17,18491,11/14/2024 10:00:00 PM
11/14/2024,18,18397,11/14/2024 11:00:00 PM
11/14/2024,19,18478,11/15/2024 12:00:00 AM
11/14/2024,20,18730,11/15/2024 1:00:00 AM
11/14/2024,21,18414,11/15/2024 2:00:00 AM
11/14/2024,22,18062,11/15/2024 3:00:00 AM
11/14/2024,23,17685,11/15/2024 4:00:00 AM
11/14/2024,24,16929,11/15/2024 5:00:00 AM
11/15/2024,1,16184,11/15/2024 6:00:00 AM
11/15/2024,2,15664,11/15/2024 7:00:00 AM
11/15/2024,3,15446,11/15/2024 8:00:00 AM
11/15/2024,4,15246,11/15/2024 9:00:00 AM
11/15/2024,5,15308,11/15/2024 10:00:00 AM
11/15/2024,6,15606,11/15/2024 11:00:00 AM
11/15/2024,7,16424,11/15/2024 12:00:00 PM
11/15/2024,8,17656,11/15/2024 1:00:00 PM
11/15/2024,9,18094,11/15/2024 2:00:00 PM
11/15/2024,10,17857,11/15/2024 3:00:00 PM
11/15/2024,11,17802,11/15/2024 4:00:00 PM
11/15/2024,12,17588,11/15/2024 5:00:00 PM
11/15/2024,13,17562,11/15/2024 6:00:00 PM
11/15/2024,14,17536,11/15/2024 7:00:00 PM
11/15/2024,15,17671,11/15/2024 8:00:00 PM
11/15/2024,16,17690,11/15/2024 9:00:00 PM
11/15/2024,17,17807,11/15/2024 10:00:00 PM
11/15/2024,18,17913,11/15/2024 11:00:00 PM
11/15/2024,19,18112,11/16/2024 12:00:00 AM
11/15/2024,20,18157,11/16/2024 1:00:00 AM
11/15/2024,21,17877,11/16/2024 2:00:00 AM
11/15/2024,22,17601,11/16/2024 3:00:00 AM
11/15/2024,23,17296,11/16/2024 4:00:00 AM
11/15/2024,24,16649,11/16/2024 5:00:00 AM
11/16/2024,1,16256,11/16/2024 6:00:00 AM
11/16/2024,2,15917,11/16/2024 7:00:00 AM
11/16/2024,3,15575,11/16/2024 8:00:00 AM
11/16/2024,4,15297,11/16/2024 9:00:00 AM
11/16/2024,5,15300,11/16/2024 10:00:00 AM
11/16/2024,6,15468,11/16/2024 11:00:00 AM
11/16/2024,7,15733,11/16/2024 12:00:00 PM
11/16/2024,8,16206,11/16/2024 1:00:00 PM
11/16/2024,9,16656,11/16/2024 2:00:00 PM
11/16/2024,10,16889,11/16/2024 3:00:00 PM
11/16/2024,11,17031,11/16/2024 4:00:00 PM
11/16/2024,12,17130,11/16/2024 5:00:00 PM
11/16/2024,13,17140,11/16/2024 6:00:00 PM
11/16/2024,14,17327,11/16/2024 7:00:00 PM
11/16/2024,15,17417,11/16/2024 8:00:00 PM
11/16/2024,16,17620,11/16/2024 9:00:00 PM
11/16/2024,17,17642,11/16/2024 10:00:00 PM
11/16/2024,18,17733,11/16/2024 11:00:00 PM
11/16/2024,19,18129,11/17/2024 12:00:00 AM
11/16/2024,20,18293,11/17/2024 1:00:00 AM
11/16/2024,21,17979,11/17/2024 2:00:00 AM
11/16/2024,22,17663,11/17/2024 3:00:00 AM
11/16/2024,23,17295,11/17/2024 4:00:00 AM
11/16/2024,24,16799,11/17/2024 5:00:00 AM
11/17/2024,1,16362,11/17/2024 6:00:00 AM
11/17/2024,2,15845,11/17/2024 7:00:00 AM
11/17/2024,3,15621,11/17/2024 8:00:00 AM
11/17/2024,4,15290,11/17/2024 9:00:00 AM
11/17/2024,5,15203,11/17/2024 10:00:00 AM
11/17/2024,6,15190,11/17/2024 11:00:00 AM
11/17/2024,7,15317,11/17/2024 12:00:00 PM
11/17/2024,8,15510,11/17/2024 1:00:00 PM
11/17/2024,9,15866,11/17/2024 2:00:00 PM
11/17/2024,10,16561,11/17/2024 3:00:00 PM
11/17/2024,11,17199,11/17/2024 4:00:00 PM
11/17/2024,12,17797,11/17/2024 5:00:00 PM
11/17/2024,13,18165,11/17/2024 6:00:00 PM
11/17/2024,14,18705,11/17/2024 7:00:00 PM
11/17/2024,15,19121,11/17/2024 8:00:00 PM
11/17/2024,16,19438,11/17/2024 9:00:00 PM
11/17/2024,17,19550,11/17/2024 10:00:00 PM
11/17/2024,18,19393,11/17/2024 11:00:00 PM
11/17/2024,19,19681,11/18/2024 12:00:00 AM
11/17/2024,20,19730,11/18/2024 1:00:00 AM
11/17/2024,21,19440,11/18/2024 2:00:00 AM
11/17/2024,22,18960,11/18/2024 3:00:00 AM
11/17/2024,23,18358,11/18/2024 4:00:00 AM
11/17/2024,24,17521,11/18/2024 5:00:00 AM
11/18/2024,1,16731,11/18/2024 6:00:00 AM
11/18/2024,2,16041,11/18/2024 7:00:00 AM
11/18/2024,3,15522,11/18/2024 8:00:00 AM
11/18/2024,4,15294,11/18/2024 9:00:00 AM
11/18/2024,5,15183,11/18/2024 10:00:00 AM
11/18/2024,6,15367,11/18/2024 11:00:00 AM
11/18/2024,7,16053,11/18/2024 12:00:00 PM
11/18/2024,8,17140,11/18/2024 1:00:00 PM
11/18/2024,9,17502,11/18/2024 2:00:00 PM
11/18/2024,10,17933,11/18/2024 3:00:00 PM
11/18/2024,11,18568,11/18/2024 4:00:00 PM
11/18/2024,12,19228,11/18/2024 5:00:00 PM
11/18/2024,13,19695,11/18/2024 6:00:00 PM
11/18/2024,14,19927,11/18/2024 7:00:00 PM
11/18/2024,15,20167,11/18/2024 8:00:00 PM
11/18/2024,16,19986,11/18/2024 9:00:00 PM
11/18/2024,17,19808,11/18/2024 10:00:00 PM
11/18/2024,18,19824,11/18/2024 11:00:00 PM
11/18/2024,19,20308,11/19/2024 12:00:00 AM
11/18/2024,20,20397,11/19/2024 1:00:00 AM
11/18/2024,21,20085,11/19/2024 2:00:00 AM
11/18/2024,22,19813,11/19/2024 3:00:00 AM
11/18/2024,23,19236,11/19/2024 4:00:00 AM
11/18/2024,24,18438,11/19/2024 5:00:00 AM
11/19/2024,1,17540,11/19/2024 6:00:00 AM
11/19/2024,2,16900,11/19/2024 7:00:00 AM
11/19/2024,3,16396,11/19/2024 8:00:00 AM
11/19/2024,4,16136,11/19/2024 9:00:00 AM
11/19/2024,5,16030,11/19/2024 10:00:00 AM
11/19/2024,6,16127,11/19/2024 11:00:00 AM
11/19/2024,7,16502,11/19/2024 12:00:00 PM
11/19/2024,8,17462,11/19/2024 1:00:00 PM
11/19/2024,9,17629,11/19/2024 2:00:00 PM
11/19/2024,10,17793,11/19/2024 3:00:00 PM
11/19/2024,11,18061,11/19/2024 4:00:00 PM
11/19/2024,12,18401,11/19/2024 5:00:00 PM
11/19/2024,13,18842,11/19/2024 6:00:00 PM
11/19/2024,14,19202,11/19/2024 7:00:00 PM
11/19/2024,15,19643,11/19/2024 8:00:00 PM
11/19/2024,16,19920,11/19/2024 9:00:00 PM
11/19/2024,17,19859,11/19/2024 10:00:00 PM
11/19/2024,18,19699,11/19/2024 11:00:00 PM
11/19/2024,19,19615,11/20/2024 12:00:00 AM
11/19/2024,20,19524,11/20/2024 1:00:00 AM
11/19/2024,21,19048,11/20/2024 2:00:00 AM
11/19/2024,22,18615,11/20/2024 3:00:00 AM
11/19/2024,23,17993,11/20/2024 4:00:00 AM
11/19/2024,24,17143,11/20/2024 5:00:00 AM
11/20/2024,1,16144,11/20/2024 6:00:00 AM
11/20/2024,2,15592,11/20/2024 7:00:00 AM
11/20/2024,3,15198,11/20/2024 8:00:00 AM
11/20/2024,4,14945,11/20/2024 9:00:00 AM
11/20/2024,5,14982,11/20/2024 10:00:00 AM
11/20/2024,6,15239,11/20/2024 11:00:00 AM
11/20/2024,7,15809,11/20/2024 12:00:00 PM
11/20/2024,8,16860,11/20/2024 1:00:00 PM
11/20/2024,9,17182,11/20/2024 2:00:00 PM
11/20/2024,10,17180,11/20/2024 3:00:00 PM
11/20/2024,11,17261,11/20/2024 4:00:00 PM
11/20/2024,12,17361,11/20/2024 5:00:00 PM
11/20/2024,13,17245,11/20/2024 6:00:00 PM
11/20/2024,14,17188,11/20/2024 7:00:00 PM
11/20/2024,15,17227,11/20/2024 8:00:00 PM
11/20/2024,16,17321,11/20/2024 9:00:00 PM
11/20/2024,17,17368,11/20/2024 10:00:00 PM
11/20/2024,18,17586,11/20/2024 11:00:00 PM
11/20/2024,19,18244,11/21/2024 12:00:00 AM
11/20/2024,20,18786,11/21/2024 1:00:00 AM
11/20/2024,21,18713,11/21/2024 2:00:00 AM
11/20/2024,22,18505,11/21/2024 3:00:00 AM
11/20/2024,23,18148,11/21/2024 4:00:00 AM
11/20/2024,24,17430,11/21/2024 5:00:00 AM
11/21/2024,1,16740,11/21/2024 6:00:00 AM
11/21/2024,2,16402,11/21/2024 7:00:00 AM
11/21/2024,3,16236,11/21/2024 8:00:00 AM
11/21/2024,4,16278,11/21/2024 9:00:00 AM
11/21/2024,5,16367,11/21/2024 10:00:00 AM
11/21/2024,6,16830,11/21/2024 11:00:00 AM
11/21/2024,7,17839,11/21/2024 12:00:00 PM
11/21/2024,8,19329,11/21/2024 1:00:00 PM
11/21/2024,9,19611,11/21/2024 2:00:00 PM
11/21/2024,10,19195,11/21/2024 3:00:00 PM
11/21/2024,11,18762,11/21/2024 4:00:00 PM
11/21/2024,12,18287,11/21/2024 5:00:00 PM
11/21/2024,13,17926,11/21/2024 6:00:00 PM
11/21/2024,14,17673,11/21/2024 7:00:00 PM
11/21/2024,15,17437,11/21/2024 8:00:00 PM
11/21/2024,16,17440,11/21/2024 9:00:00 PM
11/21/2024,17,17576,11/21/2024 10:00:00 PM
11/21/2024,18,17757,11/21/2024 11:00:00 PM
11/21/2024,19,18488,11/22/2024 12:00:00 AM
11/21/2024,20,19069,11/22/2024 1:00:00 AM
11/21/2024,21,19026,11/22/2024 2:00:00 AM
11/21/2024,22,18890,11/22/2024 3:00:00 AM
11/21/2024,23,18531,11/22/2024 4:00:00 AM
11/21/2024,24,17868,11/22/2024 5:00:00 AM
11/22/2024,1,17345,11/22/2024 6:00:00 AM
11/22/2024,2,16907,11/22/2024 7:00:00 AM
11/22/2024,3,16746,11/22/2024 8:00:00 AM
11/22/2024,4,16716,11/22/2024 9:00:00 AM
11/22/2024,5,16940,11/22/2024 10:00:00 AM
11/22/2024,6,17362,11/22/2024 11:00:00 AM
11/22/2024,7,18339,11/22/2024 12:00:00 PM
11/22/2024,8,19675,11/22/2024 1:00:00 PM
11/22/2024,9,20154,11/22/2024 2:00:00 PM
11/22/2024,10,19823,11/22/2024 3:00:00 PM
11/22/2024,11,19236,11/22/2024 4:00:00 PM
11/22/2024,12,18670,11/22/2024 5:00:00 PM
11/22/2024,13,18138,11/22/2024 6:00:00 PM
11/22/2024,14,17842,11/22/2024 7:00:00 PM
11/22/2024,15,17647,11/22/2024 8:00:00 PM
11/22/2024,16,17544,11/22/2024 9:00:00 PM
11/22/2024,17,17505,11/22/2024 10:00:00 PM
11/22/2024,18,17765,11/22/2024 11:00:00 PM
11/22/2024,19,18468,11/23/2024 12:00:00 AM
11/22/2024,20,18940,11/23/2024 1:00:00 AM
11/22/2024,21,18971,11/23/2024 2:00:00 AM
11/22/2024,22,18919,11/23/2024 3:00:00 AM
11/22/2024,23,18679,11/23/2024 4:00:00 AM
11/22/2024,24,18394,11/23/2024 5:00:00 AM
11/23/2024,1,17759,11/23/2024 6:00:00 AM
11/23/2024,2,17559,11/23/2024 7:00:00 AM
11/23/2024,3,17372,11/23/2024 8:00:00 AM
11/23/2024,4,17298,11/23/2024 9:00:00 AM
11/23/2024,5,17469,11/23/2024 10:00:00 AM
11/23/2024,6,17821,11/23/2024 11:00:00 AM
11/23/2024,7,18245,11/23/2024 12:00:00 PM
11/23/2024,8,18978,11/23/2024 1:00:00 PM
11/23/2024,9,19417,11/23/2024 2:00:00 PM
11/23/2024,10,19492,11/23/2024 3:00:00 PM
11/23/2024,11,19014,11/23/2024 4:00:00 PM
11/23/2024,12,18379,11/23/2024 5:00:00 PM
11/23/2024,13,17691,11/23/2024 6:00:00 PM
11/23/2024,14,17240,11/23/2024 7:00:00 PM
11/23/2024,15,17119,11/23/2024 8:00:00 PM
11/23/2024,16,17008,11/23/2024 9:00:00 PM
11/23/2024,17,16999,11/23/2024 10:00:00 PM
11/23/2024,18,17114,11/23/2024 11:00:00 PM
11/23/2024,19,17757,11/24/2024 12:00:00 AM
11/23/2024,20,18161,11/24/2024 1:00:00 AM
11/23/2024,21,18191,11/24/2024 2:00:00 AM
11/23/2024,22,18087,11/24/2024 3:00:00 AM
11/23/2024,23,17900,11/24/2024 4:00:00 AM
11/23/2024,24,17593,11/24/2024 5:00:00 AM
11/24/2024,1,17175,11/24/2024 6:00:00 AM
11/24/2024,2,16922,11/24/2024 7:00:00 AM
11/24/2024,3,16718,11/24/2024 8:00:00 AM
11/24/2024,4,16609,11/24/2024 9:00:00 AM
11/24/2024,5,16688,11/24/2024 10:00:00 AM
11/24/2024,6,16705,11/24/2024 11:00:00 AM
11/24/2024,7,17056,11/24/2024 12:00:00 PM
11/24/2024,8,17697,11/24/2024 1:00:00 PM
11/24/2024,9,18155,11/24/2024 2:00:00 PM
11/24/2024,10,18159,11/24/2024 3:00:00 PM
11/24/2024,11,17730,11/24/2024 4:00:00 PM
11/24/2024,12,17471,11/24/2024 5:00:00 PM
11/24/2024,13,17131,11/24/2024 6:00:00 PM
11/24/2024,14,17239,11/24/2024 7:00:00 PM
11/24/2024,15,17366,11/24/2024 8:00:00 PM
11/24/2024,16,17451,11/24/2024 9:00:00 PM
11/24/2024,17,17531,11/24/2024 10:00:00 PM
11/24/2024,18,17443,11/24/2024 11:00:00 PM
11/24/2024,19,18102,11/25/2024 12:00:00 AM
11/24/2024,20,18461,11/25/2024 1:00:00 AM
11/24/2024,21,18247,11/25/2024 2:00:00 AM
11/24/2024,22,17888,11/25/2024 3:00:00 AM
11/24/2024,23,17491,11/25/2024 4:00:00 AM
11/24/2024,24,16789,11/25/2024 5:00:00 AM
11/25/2024,1,16074,11/25/2024 6:00:00 AM
11/25/2024,2,15563,11/25/2024 7:00:00 AM
11/25/2024,3,15257,11/25/2024 8:00:00 AM
11/25/2024,4,15012,11/25/2024 9:00:00 AM
11/25/2024,5,15058,11/25/2024 10:00:00 AM
11/25/2024,6,15228,11/25/2024 11:00:00 AM
11/25/2024,7,15840,11/25/2024 12:00:00 PM
11/25/2024,8,16629,11/25/2024 1:00:00 PM
11/25/2024,9,17197,11/25/2024 2:00:00 PM
11/25/2024,10,17664,11/25/2024 3:00:00 PM
11/25/2024,11,17944,11/25/2024 4:00:00 PM
11/25/2024,12,18528,11/25/2024 5:00:00 PM
11/25/2024,13,18870,11/25/2024 6:00:00 PM
11/25/2024,14,19231,11/25/2024 7:00:00 PM
11/25/2024,15,19614,11/25/2024 8:00:00 PM
11/25/2024,16,19762,11/25/2024 9:00:00 PM
11/25/2024,17,19741,11/25/2024 10:00:00 PM
11/25/2024,18,19510,11/25/2024 11:00:00 PM
11/25/2024,19,19607,11/26/2024 12:00:00 AM
11/25/2024,20,19644,11/26/2024 1:00:00 AM
11/25/2024,21,19279,11/26/2024 2:00:00 AM
11/25/2024,22,18880,11/26/2024 3:00:00 AM
11/25/2024,23,18464,11/26/2024 4:00:00 AM
11/25/2024,24,17537,11/26/2024 5:00:00 AM
11/26/2024,1,16844,11/26/2024 6:00:00 AM
11/26/2024,2,16342,11/26/2024 7:00:00 AM
11/26/2024,3,15915,11/26/2024 8:00:00 AM
11/26/2024,4,15681,11/26/2024 9:00:00 AM
11/26/2024,5,15679,11/26/2024 10:00:00 AM
11/26/2024,6,15975,11/26/2024 11:00:00 AM
11/26/2024,7,16527,11/26/2024 12:00:00 PM
11/26/2024,8,17608,11/26/2024 1:00:00 PM
11/26/2024,9,18165,11/26/2024 2:00:00 PM
11/26/2024,10,18380,11/26/2024 3:00:00 PM
11/26/2024,11,18393,11/26/2024 4:00:00 PM
11/26/2024,12,18362,11/26/2024 5:00:00 PM
11/26/2024,13,18292,11/26/2024 6:00:00 PM
11/26/2024,14,18234,11/26/2024 7:00:00 PM
11/26/2024,15,18213,11/26/2024 8:00:00 PM
11/26/2024,16,18158,11/26/2024 9:00:00 PM
11/26/2024,17,18141,11/26/2024 10:00:00 PM
11/26/2024,18,18314,11/26/2024 11:00:00 PM
11/26/2024,19,18931,11/27/2024 12:00:00 AM
11/26/2024,20,19368,11/27/2024 1:00:00 AM
11/26/2024,21,19357,11/27/2024 2:00:00 AM
11/26/2024,22,19077,11/27/2024 3:00:00 AM
11/26/2024,23,18655,11/27/2024 4:00:00 AM
11/26/2024,24,18045,11/27/2024 5:00:00 AM
11/27/2024,1,17392,11/27/2024 6:00:00 AM
11/27/2024,2,16816,11/27/2024 7:00:00 AM
11/27/2024,3,16374,11/27/2024 8:00:00 AM
11/27/2024,4,16252,11/27/2024 9:00:00 AM
11/27/2024,5,16210,11/27/2024 10:00:00 AM
11/27/2024,6,16355,11/27/2024 11:00:00 AM
11/27/2024,7,16954,11/27/2024 12:00:00 PM
11/27/2024,8,17717,11/27/2024 1:00:00 PM
11/27/2024,9,18246,11/27/2024 2:00:00 PM
11/27/2024,10,18607,11/27/2024 3:00:00 PM
11/27/2024,11,18825,11/27/2024 4:00:00 PM
11/27/2024,12,18872,11/27/2024 5:00:00 PM
11/27/2024,13,19054,11/27/2024 6:00:00 PM
11/27/2024,14,19134,11/27/2024 7:00:00 PM
11/27/2024,15,19140,11/27/2024 8:00:00 PM
11/27/2024,16,19140,11/27/2024 9:00:00 PM
11/27/2024,17,19160,11/27/2024 10:00:00 PM
11/27/2024,18,19100,11/27/2024 11:00:00 PM
11/27/2024,19,19407,11/28/2024 12:00:00 AM
11/27/2024,20,19566,11/28/2024 1:00:00 AM
11/27/2024,21,19435,11/28/2024 2:00:00 AM
11/27/2024,22,19218,11/28/2024 3:00:00 AM
11/27/2024,23,18756,11/28/2024 4:00:00 AM
11/27/2024,24,18209,11/28/2024 5:00:00 AM
11/28/2024,1,17368,11/28/2024 6:00:00 AM
11/28/2024,2,16756,11/28/2024 7:00:00 AM
11/28/2024,3,16198,11/28/2024 8:00:00 AM
11/28/2024,4,15768,11/28/2024 9:00:00 AM
11/28/2024,5,15520,11/28/2024 10:00:00 AM
11/28/2024,6,15448,11/28/2024 11:00:00 AM
11/28/2024,7,15662,11/28/2024 12:00:00 PM
11/28/2024,8,16091,11/28/2024 1:00:00 PM
11/28/2024,9,16604,11/28/2024 2:00:00 PM
11/28/2024,10,17405,11/28/2024 3:00:00 PM
11/28/2024,11,18144,11/28/2024 4:00:00 PM
11/28/2024,12,18407,11/28/2024 5:00:00 PM
11/28/2024,13,18188,11/28/2024 6:00:00 PM
11/28/2024,14,17646,11/28/2024 7:00:00 PM
11/28/2024,15,17001,11/28/2024 8:00:00 PM
11/28/2024,16,16554,11/28/2024 9:00:00 PM
11/28/2024,17,16320,11/28/2024 10:00:00 PM
11/28/2024,18,16309,11/28/2024 11:00:00 PM
11/28/2024,19,16881,11/29/2024 12:00:00 AM
11/28/2024,20,17220,11/29/2024 1:00:00 AM
11/28/2024,21,17240,11/29/2024 2:00:00 AM
11/28/2024,22,17415,11/29/2024 3:00:00 AM
11/28/2024,23,17340,11/29/2024 4:00:00 AM
11/28/2024,24,16966,11/29/2024 5:00:00 AM
11/29/2024,1,16738,11/29/2024 6:00:00 AM
11/29/2024,2,16508,11/29/2024 7:00:00 AM
11/29/2024,3,16282,11/29/2024 8:00:00 AM
11/29/2024,4,16349,11/29/2024 9:00:00 AM
11/29/2024,5,16402,11/29/2024 10:00:00 AM
11/29/2024,6,16738,11/29/2024 11:00:00 AM
11/29/2024,7,17319,11/29/2024 12:00:00 PM
11/29/2024,8,18015,11/29/2024 1:00:00 PM
11/29/2024,9,18698,11/29/2024 2:00:00 PM
11/29/2024,10,19181,11/29/2024 3:00:00 PM
11/29/2024,11,19195,11/29/2024 4:00:00 PM
11/29/2024,12,18911,11/29/2024 5:00:00 PM
11/29/2024,13,18428,11/29/2024 6:00:00 PM
11/29/2024,14,17927,11/29/2024 7:00:00 PM
11/29/2024,15,17607,11/29/2024 8:00:00 PM
11/29/2024,16,17383,11/29/2024 9:00:00 PM
11/29/2024,17,17480,11/29/2024 10:00:00 PM
11/29/2024,18,17939,11/29/2024 11:00:00 PM
11/29/2024,19,19034,11/30/2024 12:00:00 AM
11/29/2024,20,19758,11/30/2024 1:00:00 AM
11/29/2024,21,20110,11/30/2024 2:00:00 AM
11/29/2024,22,20190,11/30/2024 3:00:00 AM
11/29/2024,23,20117,11/30/2024 4:00:00 AM
11/29/2024,24,19892,11/30/2024 5:00:00 AM
11/30/2024,1,19619,11/30/2024 6:00:00 AM
11/30/2024,2,19399,11/30/2024 7:00:00 AM
11/30/2024,3,19304,11/30/2024 8:00:00 AM
11/30/2024,4,19346,11/30/2024 9:00:00 AM
11/30/2024,5,19581,11/30/2024 10:00:00 AM
11/30/2024,6,19835,11/30/2024 11:00:00 AM
11/30/2024,7,20309,11/30/2024 12:00:00 PM
11/30/2024,8,20946,11/30/2024 1:00:00 PM
11/30/2024,9,21478,11/30/2024 2:00:00 PM
11/30/2024,10,21571,11/30/2024 3:00:00 PM
11/30/2024,11,21201,11/30/2024 4:00:00 PM
11/30/2024,12,20539,11/30/2024 5:00:00 PM
11/30/2024,13,19635,11/30/2024 6:00:00 PM
11/30/2024,14,18842,11/30/2024 7:00:00 PM
11/30/2024,15,18130,11/30/2024 8:00:00 PM
11/30/2024,16,17722,11/30/2024 9:00:00 PM
11/30/2024,17,17734,11/30/2024 10:00:00 PM
11/30/2024,18,18096,11/30/2024 11:00:00 PM
11/30/2024,19,19159,12/01/2024 12:00:00 AM
11/30/2024,20,19775,12/01/2024 1:00:00 AM
11/30/2024,21,20036,12/01/2024 2:00:00 AM
11/30/2024,22,20047,12/01/2024 3:00:00 AM
11/30/2024,23,20024,12/01/2024 4:00:00 AM
11/30/2024,24,19676,12/01/2024 5:00:00 AM
12/01/2024,1,19238,12/01/2024 6:00:00 AM
12/01/2024,2,19089,12/01/2024 7:00:00 AM
12/01/2024,3,18810,12/01/2024 8:00:00 AM
12/01/2024,4,18686,12/01/2024 9:00:00 AM
12/01/2024,5,18818,12/01/2024 10:00:00 AM
12/01/2024,6,19004,12/01/2024 11:00:00 AM
12/01/2024,7,19314,12/01/2024 12:00:00 PM
12/01/2024,8,19814,12/01/2024 1:00:00 PM
12/01/2024,9,20439,12/01/2024 2:00:00 PM
12/01/2024,10,20514,12/01/2024 3:00:00 PM
12/01/2024,11,19824,12/01/2024 4:00:00 PM
12/01/2024,12,18888,12/01/2024 5:00:00 PM
12/01/2024,13,18240,12/01/2024 6:00:00 PM
12/01/2024,14,17741,12/01/2024 7:00:00 PM
12/01/2024,15,17424,12/01/2024 8:00:00 PM
12/01/2024,16,17206,12/01/2024 9:00:00 PM
12/01/2024,17,17403,12/01/2024 10:00:00 PM
12/01/2024,18,17808,12/01/2024 11:00:00 PM
12/01/2024,19,18893,12/02/2024 12:00:00 AM
12/01/2024,20,19681,12/02/2024 1:00:00 AM
12/01/2024,21,19801,12/02/2024 2:00:00 AM
12/01/2024,22,19872,12/02/2024 3:00:00 AM
12/01/2024,23,19694,12/02/2024 4:00:00 AM
12/01/2024,24,19042,12/02/2024 5:00:00 AM
12/02/2024,1,18724,12/02/2024 6:00:00 AM
12/02/2024,2,18471,12/02/2024 7:00:00 AM
12/02/2024,3,18379,12/02/2024 8:00:00 AM
12/02/2024,4,18479,12/02/2024 9:00:00 AM
12/02/2024,5,18873,12/02/2024 10:00:00 AM
12/02/2024,6,19535,12/02/2024 11:00:00 AM
12/02/2024,7,20746,12/02/2024 12:00:00 PM
12/02/2024,8,22362,12/02/2024 1:00:00 PM
12/02/2024,9,22910,12/02/2024 2:00:00 PM
12/02/2024,10,22390,12/02/2024 3:00:00 PM
12/02/2024,11,21364,12/02/2024 4:00:00 PM
12/02/2024,12,20379,12/02/2024 5:00:00 PM
12/02/2024,13,19557,12/02/2024 6:00:00 PM
12/02/2024,14,18859,12/02/2024 7:00:00 PM
12/02/2024,15,18447,12/02/2024 8:00:00 PM
12/02/2024,16,18232,12/02/2024 9:00:00 PM
12/02/2024,17,18204,12/02/2024 10:00:00 PM
12/02/2024,18,18600,12/02/2024 11:00:00 PM
12/02/2024,19,19651,12/03/2024 12:00:00 AM
12/02/2024,20,20546,12/03/2024 1:00:00 AM
12/02/2024,21,20918,12/03/2024 2:00:00 AM
12/02/2024,22,20790,12/03/2024 3:00:00 AM
12/02/2024,23,20545,12/03/2024 4:00:00 AM
12/02/2024,24,19976,12/03/2024 5:00:00 AM
12/03/2024,1,19415,12/03/2024 6:00:00 AM
12/03/2024,2,19177,12/03/2024 7:00:00 AM
12/03/2024,3,19224,12/03/2024 8:00:00 AM
12/03/2024,4,19296,12/03/2024 9:00:00 AM
12/03/2024,5,19714,12/03/2024 10:00:00 AM
12/03/2024,6,20230,12/03/2024 11:00:00 AM
12/03/2024,7,21454,12/03/2024 12:00:00 PM
12/03/2024,8,23076,12/03/2024 1:00:00 PM
12/03/2024,9,23317,12/03/2024 2:00:00 PM
12/03/2024,10,22634,12/03/2024 3:00:00 PM
12/03/2024,11,21593,12/03/2024 4:00:00 PM
12/03/2024,12,20740,12/03/2024 5:00:00 PM
12/03/2024,13,19882,12/03/2024 6:00:00 PM
12/03/2024,14,19215,12/03/2024 7:00:00 PM
12/03/2024,15,18892,12/03/2024 8:00:00 PM
12/03/2024,16,18563,12/03/2024 9:00:00 PM
12/03/2024,17,18615,12/03/2024 10:00:00 PM
12/03/2024,18,19283,12/03/2024 11:00:00 PM
12/03/2024,19,20522,12/04/2024 12:00:00 AM
12/03/2024,20,21476,12/04/2024 1:00:00 AM
12/03/2024,21,21713,12/04/2024 2:00:00 AM
12/03/2024,22,21669,12/04/2024 3:00:00 AM
12/03/2024,23,21211,12/04/2024 4:00:00 AM
12/03/2024,24,20510,12/04/2024 5:00:00 AM
12/04/2024,1,20014,12/04/2024 6:00:00 AM
12/04/2024,2,19720,12/04/2024 7:00:00 AM
12/04/2024,3,19584,12/04/2024 8:00:00 AM
12/04/2024,4,19566,12/04/2024 9:00:00 AM
12/04/2024,5,19772,12/04/2024 10:00:00 AM
12/04/2024,6,20208,12/04/2024 11:00:00 AM
12/04/2024,7,20997,12/04/2024 12:00:00 PM
12/04/2024,8,22128,12/04/2024 1:00:00 PM
12/04/2024,9,22103,12/04/2024 2:00:00 PM
12/04/2024,10,21611,12/04/2024 3:00:00 PM
12/04/2024,11,20858,12/04/2024 4:00:00 PM
12/04/2024,12,20271,12/04/2024 5:00:00 PM
12/04/2024,13,19733,12/04/2024 6:00:00 PM
12/04/2024,14,19378,12/04/2024 7:00:00 PM
12/04/2024,15,19252,12/04/2024 8:00:00 PM
12/04/2024,16,19175,12/04/2024 9:00:00 PM
12/04/2024,17,19212,12/04/2024 10:00:00 PM
12/04/2024,18,19598,12/04/2024 11:00:00 PM
12/04/2024,19,20324,12/05/2024 12:00:00 AM
12/04/2024,20,20538,12/05/2024 1:00:00 AM
12/04/2024,21,20357,12/05/2024 2:00:00 AM
12/04/2024,22,20002,12/05/2024 3:00:00 AM
12/04/2024,23,19335,12/05/2024 4:00:00 AM
12/04/2024,24,18451,12/05/2024 5:00:00 AM
12/05/2024,1,17527,12/05/2024 6:00:00 AM
12/05/2024,2,16936,12/05/2024 7:00:00 AM
12/05/2024,3,16553,12/05/2024 8:00:00 AM
12/05/2024,4,16412,12/05/2024 9:00:00 AM
12/05/2024,5,16330,12/05/2024 10:00:00 AM
12/05/2024,6,16638,12/05/2024 11:00:00 AM
12/05/2024,7,17462,12/05/2024 12:00:00 PM
12/05/2024,8,18705,12/05/2024 1:00:00 PM
12/05/2024,9,18986,12/05/2024 2:00:00 PM
12/05/2024,10,18930,12/05/2024 3:00:00 PM
12/05/2024,11,18985,12/05/2024 4:00:00 PM
12/05/2024,12,19014,12/05/2024 5:00:00 PM
12/05/2024,13,18737,12/05/2024 6:00:00 PM
12/05/2024,14,18647,12/05/2024 7:00:00 PM
12/05/2024,15,18582,12/05/2024 8:00:00 PM
12/05/2024,16,18500,12/05/2024 9:00:00 PM
12/05/2024,17,18655,12/05/2024 10:00:00 PM
12/05/2024,18,19281,12/05/2024 11:00:00 PM
12/05/2024,19,20472,12/06/2024 12:00:00 AM
12/05/2024,20,21192,12/06/2024 1:00:00 AM
12/05/2024,21,21494,12/06/2024 2:00:00 AM
12/05/2024,22,21576,12/06/2024 3:00:00 AM
12/05/2024,23,21349,12/06/2024 4:00:00 AM
12/05/2024,24,20972,12/06/2024 5:00:00 AM
12/06/2024,1,20371,12/06/2024 6:00:00 AM
12/06/2024,2,20120,12/06/2024 7:00:00 AM
12/06/2024,3,20293,12/06/2024 8:00:00 AM
12/06/2024,4,20486,12/06/2024 9:00:00 AM
12/06/2024,5,20835,12/06/2024 10:00:00 AM
12/06/2024,6,21631,12/06/2024 11:00:00 AM
12/06/2024,7,22888,12/06/2024 12:00:00 PM
12/06/2024,8,24644,12/06/2024 1:00:00 PM
12/06/2024,9,25302,12/06/2024 2:00:00 PM
12/06/2024,10,24829,12/06/2024 3:00:00 PM
12/06/2024,11,24006,12/06/2024 4:00:00 PM
12/06/2024,12,23033,12/06/2024 5:00:00 PM
12/06/2024,13,22064,12/06/2024 6:00:00 PM
12/06/2024,14,21254,12/06/2024 7:00:00 PM
12/06/2024,15,20561,12/06/2024 8:00:00 PM
12/06/2024,16,20134,12/06/2024 9:00:00 PM
12/06/2024,17,20065,12/06/2024 10:00:00 PM
12/06/2024,18,20766,12/06/2024 11:00:00 PM
12/06/2024,19,22131,12/07/2024 12:00:00 AM
12/06/2024,20,22708,12/07/2024 1:00:00 AM
12/06/2024,21,22886,12/07/2024 2:00:00 AM
12/06/2024,22,22835,12/07/2024 3:00:00 AM
12/06/2024,23,22591,12/07/2024 4:00:00 AM
12/06/2024,24,22112,12/07/2024 5:00:00 AM
12/07/2024,1,21508,12/07/2024 6:00:00 AM
12/07/2024,2,21049,12/07/2024 7:00:00 AM
12/07/2024,3,20770,12/07/2024 8:00:00 AM
12/07/2024,4,20846,12/07/2024 9:00:00 AM
12/07/2024,5,20839,12/07/2024 10:00:00 AM
12/07/2024,6,20998,12/07/2024 11:00:00 AM
12/07/2024,7,21375,12/07/2024 12:00:00 PM
12/07/2024,8,21980,12/07/2024 1:00:00 PM
12/07/2024,9,22483,12/07/2024 2:00:00 PM
12/07/2024,10,22641,12/07/2024 3:00:00 PM
12/07/2024,11,22351,12/07/2024 4:00:00 PM
12/07/2024,12,21744,12/07/2024 5:00:00 PM
12/07/2024,13,20768,12/07/2024 6:00:00 PM
12/07/2024,14,20198,12/07/2024 7:00:00 PM
12/07/2024,15,19734,12/07/2024 8:00:00 PM
12/07/2024,16,19553,12/07/2024 9:00:00 PM
12/07/2024,17,19705,12/07/2024 10:00:00 PM
12/07/2024,18,19959,12/07/2024 11:00:00 PM
12/07/2024,19,20912,12/08/2024 12:00:00 AM
12/07/2024,20,20970,12/08/2024 1:00:00 AM
12/07/2024,21,20909,12/08/2024 2:00:00 AM
12/07/2024,22,20696,12/08/2024 3:00:00 AM
12/07/2024,23,20286,12/08/2024 4:00:00 AM
12/07/2024,24,19731,12/08/2024 5:00:00 AM
12/08/2024,1,19007,12/08/2024 6:00:00 AM
12/08/2024,2,18501,12/08/2024 7:00:00 AM
12/08/2024,3,18083,12/08/2024 8:00:00 AM
12/08/2024,4,17882,12/08/2024 9:00:00 AM
12/08/2024,5,17740,12/08/2024 10:00:00 AM
12/08/2024,6,17788,12/08/2024 11:00:00 AM
12/08/2024,7,17998,12/08/2024 12:00:00 PM
12/08/2024,8,18442,12/08/2024 1:00:00 PM
12/08/2024,9,18833,12/08/2024 2:00:00 PM
12/08/2024,10,19215,12/08/2024 3:00:00 PM
12/08/2024,11,19431,12/08/2024 4:00:00 PM
12/08/2024,12,19351,12/08/2024 5:00:00 PM
12/08/2024,13,19042,12/08/2024 6:00:00 PM
12/08/2024,14,18925,12/08/2024 7:00:00 PM
12/08/2024,15,18877,12/08/2024 8:00:00 PM
12/08/2024,16,18825,12/08/2024 9:00:00 PM
12/08/2024,17,18736,12/08/2024 10:00:00 PM
12/08/2024,18,19010,12/08/2024 11:00:00 PM
12/08/2024,19,19485,12/09/2024 12:00:00 AM
12/08/2024,20,19719,12/09/2024 1:00:00 AM
12/08/2024,21,19367,12/09/2024 2:00:00 AM
12/08/2024,22,19087,12/09/2024 3:00:00 AM
12/08/2024,23,18491,12/09/2024 4:00:00 AM
12/08/2024,24,17606,12/09/2024 5:00:00 AM
12/09/2024,1,16701,12/09/2024 6:00:00 AM
12/09/2024,2,16120,12/09/2024 7:00:00 AM
12/09/2024,3,15803,12/09/2024 8:00:00 AM
12/09/2024,4,15585,12/09/2024 9:00:00 AM
12/09/2024,5,15592,12/09/2024 10:00:00 AM
12/09/2024,6,15751,12/09/2024 11:00:00 AM
12/09/2024,7,16555,12/09/2024 12:00:00 PM
12/09/2024,8,17612,12/09/2024 1:00:00 PM
12/09/2024,9,18007,12/09/2024 2:00:00 PM
12/09/2024,10,18215,12/09/2024 3:00:00 PM
12/09/2024,11,18349,12/09/2024 4:00:00 PM
12/09/2024,12,18403,12/09/2024 5:00:00 PM
12/09/2024,13,18282,12/09/2024 6:00:00 PM
12/09/2024,14,18356,12/09/2024 7:00:00 PM
12/09/2024,15,18481,12/09/2024 8:00:00 PM
12/09/2024,16,18407,12/09/2024 9:00:00 PM
12/09/2024,17,18505,12/09/2024 10:00:00 PM
12/09/2024,18,18577,12/09/2024 11:00:00 PM
12/09/2024,19,19282,12/10/2024 12:00:00 AM
12/09/2024,20,19753,12/10/2024 1:00:00 AM
12/09/2024,21,19666,12/10/2024 2:00:00 AM
12/09/2024,22,19316,12/10/2024 3:00:00 AM
12/09/2024,23,18791,12/10/2024 4:00:00 AM
12/09/2024,24,17963,12/10/2024 5:00:00 AM
12/10/2024,1,17046,12/10/2024 6:00:00 AM
12/10/2024,2,16484,12/10/2024 7:00:00 AM
12/10/2024,3,16140,12/10/2024 8:00:00 AM
12/10/2024,4,15936,12/10/2024 9:00:00 AM
12/10/2024,5,15946,12/10/2024 10:00:00 AM
12/10/2024,6,16265,12/10/2024 11:00:00 AM
12/10/2024,7,16676,12/10/2024 12:00:00 PM
12/10/2024,8,17812,12/10/2024 1:00:00 PM
12/10/2024,9,18316,12/10/2024 2:00:00 PM
12/10/2024,10,18437,12/10/2024 3:00:00 PM
12/10/2024,11,18404,12/10/2024 4:00:00 PM
12/10/2024,12,18463,12/10/2024 5:00:00 PM
12/10/2024,13,18700,12/10/2024 6:00:00 PM
12/10/2024,14,18674,12/10/2024 7:00:00 PM
12/10/2024,15,18763,12/10/2024 8:00:00 PM
12/10/2024,16,18771,12/10/2024 9:00:00 PM
12/10/2024,17,18883,12/10/2024 10:00:00 PM
12/10/2024,18,19041,12/10/2024 11:00:00 PM
12/10/2024,19,19986,12/11/2024 12:00:00 AM
12/10/2024,20,20415,12/11/2024 1:00:00 AM
12/10/2024,21,20447,12/11/2024 2:00:00 AM
12/10/2024,22,20197,12/11/2024 3:00:00 AM
12/10/2024,23,19670,12/11/2024 4:00:00 AM
12/10/2024,24,19000,12/11/2024 5:00:00 AM
12/11/2024,1,18277,12/11/2024 6:00:00 AM
12/11/2024,2,17876,12/11/2024 7:00:00 AM
12/11/2024,3,17813,12/11/2024 8:00:00 AM
12/11/2024,4,17735,12/11/2024 9:00:00 AM
12/11/2024,5,17986,12/11/2024 10:00:00 AM
12/11/2024,6,18569,12/11/2024 11:00:00 AM
12/11/2024,7,19719,12/11/2024 12:00:00 PM
12/11/2024,8,21520,12/11/2024 1:00:00 PM
12/11/2024,9,22261,12/11/2024 2:00:00 PM
12/11/2024,10,21913,12/11/2024 3:00:00 PM
12/11/2024,11,21323,12/11/2024 4:00:00 PM
12/11/2024,12,20673,12/11/2024 5:00:00 PM
12/11/2024,13,19985,12/11/2024 6:00:00 PM
12/11/2024,14,19422,12/11/2024 7:00:00 PM
12/11/2024,15,19191,12/11/2024 8:00:00 PM
12/11/2024,16,19031,12/11/2024 9:00:00 PM
12/11/2024,17,19069,12/11/2024 10:00:00 PM
12/11/2024,18,19841,12/11/2024 11:00:00 PM
12/11/2024,19,21109,12/12/2024 12:00:00 AM
12/11/2024,20,22191,12/12/2024 1:00:00 AM
12/11/2024,21,22568,12/12/2024 2:00:00 AM
12/11/2024,22,22771,12/12/2024 3:00:00 AM
12/11/2024,23,22438,12/12/2024 4:00:00 AM
12/11/2024,24,21726,12/12/2024 5:00:00 AM
12/12/2024,1,21400,12/12/2024 6:00:00 AM
12/12/2024,2,21123,12/12/2024 7:00:00 AM
12/12/2024,3,20929,12/12/2024 8:00:00 AM
12/12/2024,4,21117,12/12/2024 9:00:00 AM
12/12/2024,5,21237,12/12/2024 10:00:00 AM
12/12/2024,6,21862,12/12/2024 11:00:00 AM
12/12/2024,7,23199,12/12/2024 12:00:00 PM
12/12/2024,8,24838,12/12/2024 1:00:00 PM
12/12/2024,9,25244,12/12/2024 2:00:00 PM
12/12/2024,10,24265,12/12/2024 3:00:00 PM
12/12/2024,11,22832,12/12/2024 4:00:00 PM
12/12/2024,12,21716,12/12/2024 5:00:00 PM
12/12/2024,13,20562,12/12/2024 6:00:00 PM
12/12/2024,14,19823,12/12/2024 7:00:00 PM
12/12/2024,15,19058,12/12/2024 8:00:00 PM
12/12/2024,16,18742,12/12/2024 9:00:00 PM
12/12/2024,17,18818,12/12/2024 10:00:00 PM
12/12/2024,18,19476,12/12/2024 11:00:00 PM
12/12/2024,19,20667,12/13/2024 12:00:00 AM
12/12/2024,20,21501,12/13/2024 1:00:00 AM
12/12/2024,21,21706,12/13/2024 2:00:00 AM
12/12/2024,22,21730,12/13/2024 3:00:00 AM
12/12/2024,23,21720,12/13/2024 4:00:00 AM
12/12/2024,24,20982,12/13/2024 5:00:00 AM
12/13/2024,1,20249,12/13/2024 6:00:00 AM
12/13/2024,2,19742,12/13/2024 7:00:00 AM
12/13/2024,3,19437,12/13/2024 8:00:00 AM
12/13/2024,4,19423,12/13/2024 9:00:00 AM
12/13/2024,5,19431,12/13/2024 10:00:00 AM
12/13/2024,6,19729,12/13/2024 11:00:00 AM
12/13/2024,7,20457,12/13/2024 12:00:00 PM
12/13/2024,8,21686,12/13/2024 1:00:00 PM
12/13/2024,9,21925,12/13/2024 2:00:00 PM
12/13/2024,10,21709,12/13/2024 3:00:00 PM
12/13/2024,11,21213,12/13/2024 4:00:00 PM
12/13/2024,12,20560,12/13/2024 5:00:00 PM
12/13/2024,13,19805,12/13/2024 6:00:00 PM
12/13/2024,14,19223,12/13/2024 7:00:00 PM
12/13/2024,15,18988,12/13/2024 8:00:00 PM
12/13/2024,16,18499,12/13/2024 9:00:00 PM
12/13/2024,17,18562,12/13/2024 10:00:00 PM
12/13/2024,18,18832,12/13/2024 11:00:00 PM
12/13/2024,19,19617,12/14/2024 12:00:00 AM
12/13/2024,20,19676,12/14/2024 1:00:00 AM
12/13/2024,21,19375,12/14/2024 2:00:00 AM
12/13/2024,22,19360,12/14/2024 3:00:00 AM
12/13/2024,23,18928,12/14/2024 4:00:00 AM
12/13/2024,24,18468,12/14/2024 5:00:00 AM
12/14/2024,1,17792,12/14/2024 6:00:00 AM
12/14/2024,2,17293,12/14/2024 7:00:00 AM
12/14/2024,3,16995,12/14/2024 8:00:00 AM
12/14/2024,4,16776,12/14/2024 9:00:00 AM
12/14/2024,5,16658,12/14/2024 10:00:00 AM
12/14/2024,6,16702,12/14/2024 11:00:00 AM
12/14/2024,7,17040,12/14/2024 12:00:00 PM
12/14/2024,8,17677,12/14/2024 1:00:00 PM
12/14/2024,9,18065,12/14/2024 2:00:00 PM
12/14/2024,10,18471,12/14/2024 3:00:00 PM
12/14/2024,11,18698,12/14/2024 4:00:00 PM
12/14/2024,12,18498,12/14/2024 5:00:00 PM
12/14/2024,13,18296,12/14/2024 6:00:00 PM
12/14/2024,14,18113,12/14/2024 7:00:00 PM
12/14/2024,15,17959,12/14/2024 8:00:00 PM
12/14/2024,16,17945,12/14/2024 9:00:00 PM
12/14/2024,17,17892,12/14/2024 10:00:00 PM
12/14/2024,18,18016,12/14/2024 11:00:00 PM
12/14/2024,19,18443,12/15/2024 12:00:00 AM
12/14/2024,20,18574,12/15/2024 1:00:00 AM
12/14/2024,21,18337,12/15/2024 2:00:00 AM
12/14/2024,22,18158,12/15/2024 3:00:00 AM
12/14/2024,23,17806,12/15/2024 4:00:00 AM
12/14/2024,24,17416,12/15/2024 5:00:00 AM
12/15/2024,1,16814,12/15/2024 6:00:00 AM
12/15/2024,2,16137,12/15/2024 7:00:00 AM
12/15/2024,3,15693,12/15/2024 8:00:00 AM
12/15/2024,4,15515,12/15/2024 9:00:00 AM
12/15/2024,5,15466,12/15/2024 10:00:00 AM
12/15/2024,6,15450,12/15/2024 11:00:00 AM
12/15/2024,7,15639,12/15/2024 12:00:00 PM
12/15/2024,8,16008,12/15/2024 1:00:00 PM
12/15/2024,9,16352,12/15/2024 2:00:00 PM
12/15/2024,10,16964,12/15/2024 3:00:00 PM
12/15/2024,11,17358,12/15/2024 4:00:00 PM
12/15/2024,12,17607,12/15/2024 5:00:00 PM
12/15/2024,13,17957,12/15/2024 6:00:00 PM
12/15/2024,14,18215,12/15/2024 7:00:00 PM
12/15/2024,15,18488,12/15/2024 8:00:00 PM
12/15/2024,16,18517,12/15/2024 9:00:00 PM
12/15/2024,17,18485,12/15/2024 10:00:00 PM
12/15/2024,18,18639,12/15/2024 11:00:00 PM
12/15/2024,19,19140,12/16/2024 12:00:00 AM
12/15/2024,20,19299,12/16/2024 1:00:00 AM
12/15/2024,21,19120,12/16/2024 2:00:00 AM
12/15/2024,22,18796,12/16/2024 3:00:00 AM
12/15/2024,23,18293,12/16/2024 4:00:00 AM
12/15/2024,24,17495,12/16/2024 5:00:00 AM
12/16/2024,1,16677,12/16/2024 6:00:00 AM
12/16/2024,2,15939,12/16/2024 7:00:00 AM
12/16/2024,3,15677,12/16/2024 8:00:00 AM
12/16/2024,4,15423,12/16/2024 9:00:00 AM
12/16/2024,5,15371,12/16/2024 10:00:00 AM
12/16/2024,6,15447,12/16/2024 11:00:00 AM
12/16/2024,7,16193,12/16/2024 12:00:00 PM
12/16/2024,8,17254,12/16/2024 1:00:00 PM
12/16/2024,9,17753,12/16/2024 2:00:00 PM
12/16/2024,10,17886,12/16/2024 3:00:00 PM
12/16/2024,11,18155,12/16/2024 4:00:00 PM
12/16/2024,12,18471,12/16/2024 5:00:00 PM
12/16/2024,13,18659,12/16/2024 6:00:00 PM
12/16/2024,14,18853,12/16/2024 7:00:00 PM
12/16/2024,15,19239,12/16/2024 8:00:00 PM
12/16/2024,16,19278,12/16/2024 9:00:00 PM
12/16/2024,17,19420,12/16/2024 10:00:00 PM
12/16/2024,18,19366,12/16/2024 11:00:00 PM
12/16/2024,19,19755,12/17/2024 12:00:00 AM
12/16/2024,20,19931,12/17/2024 1:00:00 AM
12/16/2024,21,19668,12/17/2024 2:00:00 AM
12/16/2024,22,19391,12/17/2024 3:00:00 AM
12/16/2024,23,18788,12/17/2024 4:00:00 AM
12/16/2024,24,17711,12/17/2024 5:00:00 AM
12/17/2024,1,16759,12/17/2024 6:00:00 AM
12/17/2024,2,16178,12/17/2024 7:00:00 AM
12/17/2024,3,15869,12/17/2024 8:00:00 AM
12/17/2024,4,15624,12/17/2024 9:00:00 AM
12/17/2024,5,15498,12/17/2024 10:00:00 AM
12/17/2024,6,15746,12/17/2024 11:00:00 AM
12/17/2024,7,16371,12/17/2024 12:00:00 PM
12/17/2024,8,17491,12/17/2024 1:00:00 PM
12/17/2024,9,17903,12/17/2024 2:00:00 PM
12/17/2024,10,17952,12/17/2024 3:00:00 PM
12/17/2024,11,18054,12/17/2024 4:00:00 PM
12/17/2024,12,18363,12/17/2024 5:00:00 PM
12/17/2024,13,18638,12/17/2024 6:00:00 PM
12/17/2024,14,19046,12/17/2024 7:00:00 PM
12/17/2024,15,19478,12/17/2024 8:00:00 PM
12/17/2024,16,19580,12/17/2024 9:00:00 PM
12/17/2024,17,19521,12/17/2024 10:00:00 PM
12/17/2024,18,19576,12/17/2024 11:00:00 PM
12/17/2024,19,19723,12/18/2024 12:00:00 AM
12/17/2024,20,20000,12/18/2024 1:00:00 AM
12/17/2024,21,19747,12/18/2024 2:00:00 AM
12/17/2024,22,19451,12/18/2024 3:00:00 AM
12/17/2024,23,18674,12/18/2024 4:00:00 AM
12/17/2024,24,17840,12/18/2024 5:00:00 AM
12/18/2024,1,16858,12/18/2024 6:00:00 AM
12/18/2024,2,16045,12/18/2024 7:00:00 AM
12/18/2024,3,15819,12/18/2024 8:00:00 AM
12/18/2024,4,15514,12/18/2024 9:00:00 AM
12/18/2024,5,15365,12/18/2024 10:00:00 AM
12/18/2024,6,15585,12/18/2024 11:00:00 AM
12/18/2024,7,16106,12/18/2024 12:00:00 PM
12/18/2024,8,17300,12/18/2024 1:00:00 PM
12/18/2024,9,17605,12/18/2024 2:00:00 PM
12/18/2024,10,17737,12/18/2024 3:00:00 PM
12/18/2024,11,17769,12/18/2024 4:00:00 PM
12/18/2024,12,18105,12/18/2024 5:00:00 PM
12/18/2024,13,18049,12/18/2024 6:00:00 PM
12/18/2024,14,18283,12/18/2024 7:00:00 PM
12/18/2024,15,18478,12/18/2024 8:00:00 PM
12/18/2024,16,18640,12/18/2024 9:00:00 PM
12/18/2024,17,18678,12/18/2024 10:00:00 PM
12/18/2024,18,18794,12/18/2024 11:00:00 PM
12/18/2024,19,19268,12/19/2024 12:00:00 AM
12/18/2024,20,19591,12/19/2024 1:00:00 AM
12/18/2024,21,19587,12/19/2024 2:00:00 AM
12/18/2024,22,19544,12/19/2024 3:00:00 AM
12/18/2024,23,19110,12/19/2024 4:00:00 AM
12/18/2024,24,18369,12/19/2024 5:00:00 AM
12/19/2024,1,17587,12/19/2024 6:00:00 AM
12/19/2024,2,17081,12/19/2024 7:00:00 AM
12/19/2024,3,16879,12/19/2024 8:00:00 AM
12/19/2024,4,16758,12/19/2024 9:00:00 AM
12/19/2024,5,16813,12/19/2024 10:00:00 AM
12/19/2024,6,17074,12/19/2024 11:00:00 AM
12/19/2024,7,17860,12/19/2024 12:00:00 PM
12/19/2024,8,19157,12/19/2024 1:00:00 PM
12/19/2024,9,19905,12/19/2024 2:00:00 PM
12/19/2024,10,19803,12/19/2024 3:00:00 PM
12/19/2024,11,19496,12/19/2024 4:00:00 PM
12/19/2024,12,19244,12/19/2024 5:00:00 PM
12/19/2024,13,18830,12/19/2024 6:00:00 PM
12/19/2024,14,18443,12/19/2024 7:00:00 PM
12/19/2024,15,18190,12/19/2024 8:00:00 PM
12/19/2024,16,18050,12/19/2024 9:00:00 PM
12/19/2024,17,17996,12/19/2024 10:00:00 PM
12/19/2024,18,18324,12/19/2024 11:00:00 PM
12/19/2024,19,19347,12/20/2024 12:00:00 AM
12/19/2024,20,20133,12/20/2024 1:00:00 AM
12/19/2024,21,20254,12/20/2024 2:00:00 AM
12/19/2024,22,20309,12/20/2024 3:00:00 AM
12/19/2024,23,20084,12/20/2024 4:00:00 AM
12/19/2024,24,19459,12/20/2024 5:00:00 AM
12/20/2024,1,18837,12/20/2024 6:00:00 AM
12/20/2024,2,18465,12/20/2024 7:00:00 AM
12/20/2024,3,18375,12/20/2024 8:00:00 AM
12/20/2024,4,18507,12/20/2024 9:00:00 AM
12/20/2024,5,18543,12/20/2024 10:00:00 AM
12/20/2024,6,19000,12/20/2024 11:00:00 AM
12/20/2024,7,19915,12/20/2024 12:00:00 PM
12/20/2024,8,21252,12/20/2024 1:00:00 PM
12/20/2024,9,22074,12/20/2024 2:00:00 PM
12/20/2024,10,21704,12/20/2024 3:00:00 PM
12/20/2024,11,20948,12/20/2024 4:00:00 PM
12/20/2024,12,20111,12/20/2024 5:00:00 PM
12/20/2024,13,19331,12/20/2024 6:00:00 PM
12/20/2024,14,18664,12/20/2024 7:00:00 PM
12/20/2024,15,18371,12/20/2024 8:00:00 PM
12/20/2024,16,18384,12/20/2024 9:00:00 PM
12/20/2024,17,18383,12/20/2024 10:00:00 PM
12/20/2024,18,18701,12/20/2024 11:00:00 PM
12/20/2024,19,19751,12/21/2024 12:00:00 AM
12/20/2024,20,20484,12/21/2024 1:00:00 AM
12/20/2024,21,20548,12/21/2024 2:00:00 AM
12/20/2024,22,20619,12/21/2024 3:00:00 AM
12/20/2024,23,20819,12/21/2024 4:00:00 AM
12/20/2024,24,20548,12/21/2024 5:00:00 AM
12/21/2024,1,20111,12/21/2024 6:00:00 AM
12/21/2024,2,19765,12/21/2024 7:00:00 AM
12/21/2024,3,19757,12/21/2024 8:00:00 AM
12/21/2024,4,19864,12/21/2024 9:00:00 AM
12/21/2024,5,20203,12/21/2024 10:00:00 AM
12/21/2024,6,20709,12/21/2024 11:00:00 AM
12/21/2024,7,21352,12/21/2024 12:00:00 PM
12/21/2024,8,22120,12/21/2024 1:00:00 PM
12/21/2024,9,22942,12/21/2024 2:00:00 PM
12/21/2024,10,23340,12/21/2024 3:00:00 PM
12/21/2024,11,22896,12/21/2024 4:00:00 PM
12/21/2024,12,22082,12/21/2024 5:00:00 PM
12/21/2024,13,21168,12/21/2024 6:00:00 PM
12/21/2024,14,20121,12/21/2024 7:00:00 PM
12/21/2024,15,19328,12/21/2024 8:00:00 PM
12/21/2024,16,19036,12/21/2024 9:00:00 PM
12/21/2024,17,18999,12/21/2024 10:00:00 PM
12/21/2024,18,19538,12/21/2024 11:00:00 PM
12/21/2024,19,20677,12/22/2024 12:00:00 AM
12/21/2024,20,21568,12/22/2024 1:00:00 AM
12/21/2024,21,22014,12/22/2024 2:00:00 AM
12/21/2024,22,22113,12/22/2024 3:00:00 AM
12/21/2024,23,22227,12/22/2024 4:00:00 AM
12/21/2024,24,21889,12/22/2024 5:00:00 AM
12/22/2024,1,21525,12/22/2024 6:00:00 AM
12/22/2024,2,21279,12/22/2024 7:00:00 AM
12/22/2024,3,21216,12/22/2024 8:00:00 AM
12/22/2024,4,21334,12/22/2024 9:00:00 AM
12/22/2024,5,21584,12/22/2024 10:00:00 AM
12/22/2024,6,21979,12/22/2024 11:00:00 AM
12/22/2024,7,22466,12/22/2024 12:00:00 PM
12/22/2024,8,23162,12/22/2024 1:00:00 PM
12/22/2024,9,23869,12/22/2024 2:00:00 PM
12/22/2024,10,24046,12/22/2024 3:00:00 PM
12/22/2024,11,23115,12/22/2024 4:00:00 PM
12/22/2024,12,21858,12/22/2024 5:00:00 PM
12/22/2024,13,20482,12/22/2024 6:00:00 PM
12/22/2024,14,19474,12/22/2024 7:00:00 PM
12/22/2024,15,18803,12/22/2024 8:00:00 PM
12/22/2024,16,18380,12/22/2024 9:00:00 PM
12/22/2024,17,18277,12/22/2024 10:00:00 PM
12/22/2024,18,18754,12/22/2024 11:00:00 PM
12/22/2024,19,19984,12/23/2024 12:00:00 AM
12/22/2024,20,20793,12/23/2024 1:00:00 AM
12/22/2024,21,21129,12/23/2024 2:00:00 AM
12/22/2024,22,21352,12/23/2024 3:00:00 AM
12/22/2024,23,21179,12/23/2024 4:00:00 AM
12/22/2024,24,20742,12/23/2024 5:00:00 AM
12/23/2024,1,20502,12/23/2024 6:00:00 AM
12/23/2024,2,20106,12/23/2024 7:00:00 AM
12/23/2024,3,19958,12/23/2024 8:00:00 AM
12/23/2024,4,19927,12/23/2024 9:00:00 AM
12/23/2024,5,20034,12/23/2024 10:00:00 AM
12/23/2024,6,20354,12/23/2024 11:00:00 AM
12/23/2024,7,21000,12/23/2024 12:00:00 PM
12/23/2024,8,21867,12/23/2024 1:00:00 PM
12/23/2024,9,22628,12/23/2024 2:00:00 PM
12/23/2024,10,22552,12/23/2024 3:00:00 PM
12/23/2024,11,21669,12/23/2024 4:00:00 PM
12/23/2024,12,20620,12/23/2024 5:00:00 PM
12/23/2024,13,19747,12/23/2024 6:00:00 PM
12/23/2024,14,19021,12/23/2024 7:00:00 PM
12/23/2024,15,18628,12/23/2024 8:00:00 PM
12/23/2024,16,18160,12/23/2024 9:00:00 PM
12/23/2024,17,18187,12/23/2024 10:00:00 PM
12/23/2024,18,18497,12/23/2024 11:00:00 PM
12/23/2024,19,18932,12/24/2024 12:00:00 AM
12/23/2024,20,19650,12/24/2024 1:00:00 AM
12/23/2024,21,19477,12/24/2024 2:00:00 AM
12/23/2024,22,19354,12/24/2024 3:00:00 AM
12/23/2024,23,19216,12/24/2024 4:00:00 AM
12/23/2024,24,18673,12/24/2024 5:00:00 AM
12/24/2024,1,18087,12/24/2024 6:00:00 AM
12/24/2024,2,17518,12/24/2024 7:00:00 AM
12/24/2024,3,17175,12/24/2024 8:00:00 AM
12/24/2024,4,16949,12/24/2024 9:00:00 AM
12/24/2024,5,16992,12/24/2024 10:00:00 AM
12/24/2024,6,17263,12/24/2024 11:00:00 AM
12/24/2024,7,17718,12/24/2024 12:00:00 PM
12/24/2024,8,18171,12/24/2024 1:00:00 PM
12/24/2024,9,18697,12/24/2024 2:00:00 PM
12/24/2024,10,18955,12/24/2024 3:00:00 PM
12/24/2024,11,18784,12/24/2024 4:00:00 PM
12/24/2024,12,18470,12/24/2024 5:00:00 PM
12/24/2024,13,18043,12/24/2024 6:00:00 PM
12/24/2024,14,17686,12/24/2024 7:00:00 PM
12/24/2024,15,17413,12/24/2024 8:00:00 PM
12/24/2024,16,17370,12/24/2024 9:00:00 PM
12/24/2024,17,17389,12/24/2024 10:00:00 PM
12/24/2024,18,17373,12/24/2024 11:00:00 PM
12/24/2024,19,17788,12/25/2024 12:00:00 AM
12/24/2024,20,17867,12/25/2024 1:00:00 AM
12/24/2024,21,17563,12/25/2024 2:00:00 AM
12/24/2024,22,17410,12/25/2024 3:00:00 AM
12/24/2024,23,17182,12/25/2024 4:00:00 AM
12/24/2024,24,16842,12/25/2024 5:00:00 AM
12/25/2024,1,16366,12/25/2024 6:00:00 AM
12/25/2024,2,15863,12/25/2024 7:00:00 AM
12/25/2024,3,15481,12/25/2024 8:00:00 AM
12/25/2024,4,15268,12/25/2024 9:00:00 AM
12/25/2024,5,15167,12/25/2024 10:00:00 AM
12/25/2024,6,15221,12/25/2024 11:00:00 AM
12/25/2024,7,15454,12/25/2024 12:00:00 PM
12/25/2024,8,15868,12/25/2024 1:00:00 PM
12/25/2024,9,16439,12/25/2024 2:00:00 PM
12/25/2024,10,17005,12/25/2024 3:00:00 PM
12/25/2024,11,17501,12/25/2024 4:00:00 PM
12/25/2024,12,17564,12/25/2024 5:00:00 PM
12/25/2024,13,17507,12/25/2024 6:00:00 PM
12/25/2024,14,17163,12/25/2024 7:00:00 PM
12/25/2024,15,16829,12/25/2024 8:00:00 PM
12/25/2024,16,16531,12/25/2024 9:00:00 PM
12/25/2024,17,16369,12/25/2024 10:00:00 PM
12/25/2024,18,16354,12/25/2024 11:00:00 PM
12/25/2024,19,16852,12/26/2024 12:00:00 AM
12/25/2024,20,17063,12/26/2024 1:00:00 AM
12/25/2024,21,17083,12/26/2024 2:00:00 AM
12/25/2024,22,17033,12/26/2024 3:00:00 AM
12/25/2024,23,16755,12/26/2024 4:00:00 AM
12/25/2024,24,16304,12/26/2024 5:00:00 AM
12/26/2024,1,15723,12/26/2024 6:00:00 AM
12/26/2024,2,15277,12/26/2024 7:00:00 AM
12/26/2024,3,14944,12/26/2024 8:00:00 AM
12/26/2024,4,14749,12/26/2024 9:00:00 AM
12/26/2024,5,14639,12/26/2024 10:00:00 AM
12/26/2024,6,14842,12/26/2024 11:00:00 AM
12/26/2024,7,15356,12/26/2024 12:00:00 PM
12/26/2024,8,16011,12/26/2024 1:00:00 PM
12/26/2024,9,16581,12/26/2024 2:00:00 PM
12/26/2024,10,17120,12/26/2024 3:00:00 PM
12/26/2024,11,17596,12/26/2024 4:00:00 PM
12/26/2024,12,17942,12/26/2024 5:00:00 PM
12/26/2024,13,18122,12/26/2024 6:00:00 PM
12/26/2024,14,18093,12/26/2024 7:00:00 PM
12/26/2024,15,18139,12/26/2024 8:00:00 PM
12/26/2024,16,18039,12/26/2024 9:00:00 PM
12/26/2024,17,18142,12/26/2024 10:00:00 PM
12/26/2024,18,18460,12/26/2024 11:00:00 PM
12/26/2024,19,18945,12/27/2024 12:00:00 AM
12/26/2024,20,19152,12/27/2024 1:00:00 AM
12/26/2024,21,18836,12/27/2024 2:00:00 AM
12/26/2024,22,18590,12/27/2024 3:00:00 AM
12/26/2024,23,18195,12/27/2024 4:00:00 AM
12/26/2024,24,17648,12/27/2024 5:00:00 AM
12/27/2024,1,16927,12/27/2024 6:00:00 AM
12/27/2024,2,16175,12/27/2024 7:00:00 AM
12/27/2024,3,15842,12/27/2024 8:00:00 AM
12/27/2024,4,15496,12/27/2024 9:00:00 AM
12/27/2024,5,15390,12/27/2024 10:00:00 AM
12/27/2024,6,15676,12/27/2024 11:00:00 AM
12/27/2024,7,16032,12/27/2024 12:00:00 PM
12/27/2024,8,16687,12/27/2024 1:00:00 PM
12/27/2024,9,17251,12/27/2024 2:00:00 PM
12/27/2024,10,17717,12/27/2024 3:00:00 PM
12/27/2024,11,17821,12/27/2024 4:00:00 PM
12/27/2024,12,18007,12/27/2024 5:00:00 PM
12/27/2024,13,18194,12/27/2024 6:00:00 PM
12/27/2024,14,18283,12/27/2024 7:00:00 PM
12/27/2024,15,18368,12/27/2024 8:00:00 PM
12/27/2024,16,18311,12/27/2024 9:00:00 PM
12/27/2024,17,18490,12/27/2024 10:00:00 PM
12/27/2024,18,18343,12/27/2024 11:00:00 PM
12/27/2024,19,18437,12/28/2024 12:00:00 AM
12/27/2024,20,18682,12/28/2024 1:00:00 AM
12/27/2024,21,18528,12/28/2024 2:00:00 AM
12/27/2024,22,18326,12/28/2024 3:00:00 AM
12/27/2024,23,18026,12/28/2024 4:00:00 AM
12/27/2024,24,17513,12/28/2024 5:00:00 AM
12/28/2024,1,17070,12/28/2024 6:00:00 AM
12/28/2024,2,16452,12/28/2024 7:00:00 AM
12/28/2024,3,15982,12/28/2024 8:00:00 AM
12/28/2024,4,15733,12/28/2024 9:00:00 AM
12/28/2024,5,15586,12/28/2024 10:00:00 AM
12/28/2024,6,15500,12/28/2024 11:00:00 AM
12/28/2024,7,15715,12/28/2024 12:00:00 PM
12/28/2024,8,16071,12/28/2024 1:00:00 PM
12/28/2024,9,16375,12/28/2024 2:00:00 PM
12/28/2024,10,16829,12/28/2024 3:00:00 PM
12/28/2024,11,17367,12/28/2024 4:00:00 PM
12/28/2024,12,17871,12/28/2024 5:00:00 PM
12/28/2024,13,18215,12/28/2024 6:00:00 PM
12/28/2024,14,18350,12/28/2024 7:00:00 PM
12/28/2024,15,18397,12/28/2024 8:00:00 PM
12/28/2024,16,18251,12/28/2024 9:00:00 PM
12/28/2024,17,18154,12/28/2024 10:00:00 PM
12/28/2024,18,18125,12/28/2024 11:00:00 PM
12/28/2024,19,18371,12/29/2024 12:00:00 AM
12/28/2024,20,18082,12/29/2024 1:00:00 AM
12/28/2024,21,17714,12/29/2024 2:00:00 AM
12/28/2024,22,17262,12/29/2024 3:00:00 AM
12/28/2024,23,16921,12/29/2024 4:00:00 AM
12/28/2024,24,16493,12/29/2024 5:00:00 AM
12/29/2024,1,15847,12/29/2024 6:00:00 AM
12/29/2024,2,15540,12/29/2024 7:00:00 AM
12/29/2024,3,15204,12/29/2024 8:00:00 AM
12/29/2024,4,14961,12/29/2024 9:00:00 AM
12/29/2024,5,14967,12/29/2024 10:00:00 AM
12/29/2024,6,14943,12/29/2024 11:00:00 AM
12/29/2024,7,15080,12/29/2024 12:00:00 PM
12/29/2024,8,15585,12/29/2024 1:00:00 PM
12/29/2024,9,15834,12/29/2024 2:00:00 PM
12/29/2024,10,16268,12/29/2024 3:00:00 PM
12/29/2024,11,16600,12/29/2024 4:00:00 PM
12/29/2024,12,16688,12/29/2024 5:00:00 PM
12/29/2024,13,16576,12/29/2024 6:00:00 PM
12/29/2024,14,16658,12/29/2024 7:00:00 PM
12/29/2024,15,16695,12/29/2024 8:00:00 PM
12/29/2024,16,16688,12/29/2024 9:00:00 PM
12/29/2024,17,16677,12/29/2024 10:00:00 PM
12/29/2024,18,16892,12/29/2024 11:00:00 PM
12/29/2024,19,17549,12/30/2024 12:00:00 AM
12/29/2024,20,17927,12/30/2024 1:00:00 AM
12/29/2024,21,17962,12/30/2024 2:00:00 AM
12/29/2024,22,17747,12/30/2024 3:00:00 AM
12/29/2024,23,17584,12/30/2024 4:00:00 AM
12/29/2024,24,16960,12/30/2024 5:00:00 AM
12/30/2024,1,16583,12/30/2024 6:00:00 AM
12/30/2024,2,16150,12/30/2024 7:00:00 AM
12/30/2024,3,15970,12/30/2024 8:00:00 AM
12/30/2024,4,15765,12/30/2024 9:00:00 AM
12/30/2024,5,15809,12/30/2024 10:00:00 AM
12/30/2024,6,15986,12/30/2024 11:00:00 AM
12/30/2024,7,16707,12/30/2024 12:00:00 PM
12/30/2024,8,17642,12/30/2024 1:00:00 PM
12/30/2024,9,18393,12/30/2024 2:00:00 PM
12/30/2024,10,18525,12/30/2024 3:00:00 PM
12/30/2024,11,18471,12/30/2024 4:00:00 PM
12/30/2024,12,18436,12/30/2024 5:00:00 PM
12/30/2024,13,18300,12/30/2024 6:00:00 PM
12/30/2024,14,18067,12/30/2024 7:00:00 PM
12/30/2024,15,18043,12/30/2024 8:00:00 PM
12/30/2024,16,17855,12/30/2024 9:00:00 PM
12/30/2024,17,17872,12/30/2024 10:00:00 PM
12/30/2024,18,17920,12/30/2024 11:00:00 PM
12/30/2024,19,18320,12/31/2024 12:00:00 AM
12/30/2024,20,18927,12/31/2024 1:00:00 AM
12/30/2024,21,18826,12/31/2024 2:00:00 AM
12/30/2024,22,18633,12/31/2024 3:00:00 AM
12/30/2024,23,18034,12/31/2024 4:00:00 AM
12/30/2024,24,17463,12/31/2024 5:00:00 AM
12/31/2024,1,16880,12/31/2024 6:00:00 AM
12/31/2024,2,16359,12/31/2024 7:00:00 AM
12/31/2024,3,15930,12/31/2024 8:00:00 AM
12/31/2024,4,15851,12/31/2024 9:00:00 AM
12/31/2024,5,15732,12/31/2024 10:00:00 AM
12/31/2024,6,15948,12/31/2024 11:00:00 AM
12/31/2024,7,16305,12/31/2024 12:00:00 PM
12/31/2024,8,16943,12/31/2024 1:00:00 PM
12/31/2024,9,17370,12/31/2024 2:00:00 PM
12/31/2024,10,17676,12/31/2024 3:00:00 PM
12/31/2024,11,17729,12/31/2024 4:00:00 PM
12/31/2024,12,18090,12/31/2024 5:00:00 PM
12/31/2024,13,18364,12/31/2024 6:00:00 PM
12/31/2024,14,18154,12/31/2024 7:00:00 PM
12/31/2024,15,18284,12/31/2024 8:00:00 PM
12/31/2024,16,18295,12/31/2024 9:00:00 PM
12/31/2024,17,18337,12/31/2024 10:00:00 PM
12/31/2024,18,18412,12/31/2024 11:00:00 PM
12/31/2024,19,18673,01/01/2025 12:00:00 AM
12/31/2024,20,19082,01/01/2025 1:00:00 AM
12/31/2024,21,18793,01/01/2025 2:00:00 AM
12/31/2024,22,18481,01/01/2025 3:00:00 AM
12/31/2024,23,18241,01/01/2025 4:00:00 AM
12/31/2024,24,17835,01/01/2025 5:00:00 AM
01/01/2025,1,17588,01/01/2025 6:00:00 AM
01/01/2025,2,17405,01/01/2025 7:00:00 AM
01/01/2025,3,17506,01/01/2025 8:00:00 AM
01/01/2025,4,17412,01/01/2025 9:00:00 AM
01/01/2025,5,17614,01/01/2025 10:00:00 AM
01/01/2025,6,17866,01/01/2025 11:00:00 AM
01/01/2025,7,18026,01/01/2025 12:00:00 PM
01/01/2025,8,18507,01/01/2025 1:00:00 PM
01/01/2025,9,19092,01/01/2025 2:00:00 PM
01/01/2025,10,19495,01/01/2025 3:00:00 PM
01/01/2025,11,19497,01/01/2025 4:00:00 PM
01/01/2025,12,19440,01/01/2025 5:00:00 PM
01/01/2025,13,18972,01/01/2025 6:00:00 PM
01/01/2025,14,18367,01/01/2025 7:00:00 PM
01/01/2025,15,17973,01/01/2025 8:00:00 PM
01/01/2025,16,17645,01/01/2025 9:00:00 PM
01/01/2025,17,17548,01/01/2025 10:00:00 PM
01/01/2025,18,17890,01/01/2025 11:00:00 PM
01/01/2025,19,18934,01/02/2025 12:00:00 AM
01/01/2025,20,19764,01/02/2025 1:00:00 AM
01/01/2025,21,20034,01/02/2025 2:00:00 AM
01/01/2025,22,20040,01/02/2025 3:00:00 AM
01/01/2025,23,19925,01/02/2025 4:00:00 AM
01/01/2025,24,19391,01/02/2025 5:00:00 AM
01/02/2025,1,19183,01/02/2025 6:00:00 AM
01/02/2025,2,18953,01/02/2025 7:00:00 AM
01/02/2025,3,18823,01/02/2025 8:00:00 AM
01/02/2025,4,18878,01/02/2025 9:00:00 AM
01/02/2025,5,19113,01/02/2025 10:00:00 AM
01/02/2025,6,19704,01/02/2025 11:00:00 AM
01/02/2025,7,20556,01/02/2025 12:00:00 PM
01/02/2025,8,21695,01/02/2025 1:00:00 PM
01/02/2025,9,22348,01/02/2025 2:00:00 PM
01/02/2025,10,22350,01/02/2025 3:00:00 PM
01/02/2025,11,21574,01/02/2025 4:00:00 PM
01/02/2025,12,20742,01/02/2025 5:00:00 PM
01/02/2025,13,19868,01/02/2025 6:00:00 PM
01/02/2025,14,19153,01/02/2025 7:00:00 PM
01/02/2025,15,18694,01/02/2025 8:00:00 PM
01/02/2025,16,18325,01/02/2025 9:00:00 PM
01/02/2025,17,18329,01/02/2025 10:00:00 PM
01/02/2025,18,18705,01/02/2025 11:00:00 PM
01/02/2025,19,19597,01/03/2025 12:00:00 AM
01/02/2025,20,20294,01/03/2025 1:00:00 AM
01/02/2025,21,20273,01/03/2025 2:00:00 AM
01/02/2025,22,20230,01/03/2025 3:00:00 AM
01/02/2025,23,19766,01/03/2025 4:00:00 AM
01/02/2025,24,19146,01/03/2025 5:00:00 AM
01/03/2025,1,18484,01/03/2025 6:00:00 AM
01/03/2025,2,17987,01/03/2025 7:00:00 AM
01/03/2025,3,17803,01/03/2025 8:00:00 AM
01/03/2025,4,17610,01/03/2025 9:00:00 AM
01/03/2025,5,17612,01/03/2025 10:00:00 AM
01/03/2025,6,17930,01/03/2025 11:00:00 AM
01/03/2025,7,18436,01/03/2025 12:00:00 PM
01/03/2025,8,19335,01/03/2025 1:00:00 PM
01/03/2025,9,20002,01/03/2025 2:00:00 PM
01/03/2025,10,20047,01/03/2025 3:00:00 PM
01/03/2025,11,19505,01/03/2025 4:00:00 PM
01/03/2025,12,19008,01/03/2025 5:00:00 PM
01/03/2025,13,18487,01/03/2025 6:00:00 PM
01/03/2025,14,18104,01/03/2025 7:00:00 PM
01/03/2025,15,17849,01/03/2025 8:00:00 PM
01/03/2025,16,17739,01/03/2025 9:00:00 PM
01/03/2025,17,17690,01/03/2025 10:00:00 PM
01/03/2025,18,17837,01/03/2025 11:00:00 PM
01/03/2025,19,18547,01/04/2025 12:00:00 AM
01/03/2025,20,19234,01/04/2025 1:00:00 AM
01/03/2025,21,19247,01/04/2025 2:00:00 AM
01/03/2025,22,19195,01/04/2025 3:00:00 AM
01/03/2025,23,19139,01/04/2025 4:00:00 AM
01/03/2025,24,18848,01/04/2025 5:00:00 AM
01/04/2025,1,18482,01/04/2025 6:00:00 AM
01/04/2025,2,18203,01/04/2025 7:00:00 AM
01/04/2025,3,18019,01/04/2025 8:00:00 AM
01/04/2025,4,17956,01/04/2025 9:00:00 AM
01/04/2025,5,18067,01/04/2025 10:00:00 AM
01/04/2025,6,18264,01/04/2025 11:00:00 AM
01/04/2025,7,18774,01/04/2025 12:00:00 PM
01/04/2025,8,19245,01/04/2025 1:00:00 PM
01/04/2025,9,19667,01/04/2025 2:00:00 PM
01/04/2025,10,20115,01/04/2025 3:00:00 PM
01/04/2025,11,20127,01/04/2025 4:00:00 PM
01/04/2025,12,19888,01/04/2025 5:00:00 PM
01/04/2025,13,19641,01/04/2025 6:00:00 PM
01/04/2025,14,19307,01/04/2025 7:00:00 PM
01/04/2025,15,18991,01/04/2025 8:00:00 PM
01/04/2025,16,18754,01/04/2025 9:00:00 PM
01/04/2025,17,18805,01/04/2025 10:00:00 PM
01/04/2025,18,19023,01/04/2025 11:00:00 PM
01/04/2025,19,19720,01/05/2025 12:00:00 AM
01/04/2025,20,20017,01/05/2025 1:00:00 AM
01/04/2025,21,20002,01/05/2025 2:00:00 AM
01/04/2025,22,19685,01/05/2025 3:00:00 AM
01/04/2025,23,19193,01/05/2025 4:00:00 AM
01/04/2025,24,18696,01/05/2025 5:00:00 AM
01/05/2025,1,18018,01/05/2025 6:00:00 AM
01/05/2025,2,17469,01/05/2025 7:00:00 AM
01/05/2025,3,17137,01/05/2025 8:00:00 AM
01/05/2025,4,16949,01/05/2025 9:00:00 AM
01/05/2025,5,16764,01/05/2025 10:00:00 AM
01/05/2025,6,16773,01/05/2025 11:00:00 AM
01/05/2025,7,16789,01/05/2025 12:00:00 PM
01/05/2025,8,17142,01/05/2025 1:00:00 PM
01/05/2025,9,17475,01/05/2025 2:00:00 PM
01/05/2025,10,17831,01/05/2025 3:00:00 PM
01/05/2025,11,18193,01/05/2025 4:00:00 PM
01/05/2025,12,18273,01/05/2025 5:00:00 PM
01/05/2025,13,18405,01/05/2025 6:00:00 PM
01/05/2025,14,18526,01/05/2025 7:00:00 PM
01/05/2025,15,18596,01/05/2025 8:00:00 PM
01/05/2025,16,18446,01/05/2025 9:00:00 PM
01/05/2025,17,18516,01/05/2025 10:00:00 PM
01/05/2025,18,18740,01/05/2025 11:00:00 PM
01/05/2025,19,19507,01/06/2025 12:00:00 AM
01/05/2025,20,19937,01/06/2025 1:00:00 AM
01/05/2025,21,20054,01/06/2025 2:00:00 AM
01/05/2025,22,19936,01/06/2025 3:00:00 AM
01/05/2025,23,19663,01/06/2025 4:00:00 AM
01/05/2025,24,19394,01/06/2025 5:00:00 AM
01/06/2025,1,19184,01/06/2025 6:00:00 AM
01/06/2025,2,19123,01/06/2025 7:00:00 AM
01/06/2025,3,19250,01/06/2025 8:00:00 AM
01/06/2025,4,19513,01/06/2025 9:00:00 AM
01/06/2025,5,20185,01/06/2025 10:00:00 AM
01/06/2025,6,21079,01/06/2025 11:00:00 AM
01/06/2025,7,22672,01/06/2025 12:00:00 PM
01/06/2025,8,24394,01/06/2025 1:00:00 PM
01/06/2025,9,25604,01/06/2025 2:00:00 PM
01/06/2025,10,25932,01/06/2025 3:00:00 PM
01/06/2025,11,26008,01/06/2025 4:00:00 PM
01/06/2025,12,25549,01/06/2025 5:00:00 PM
01/06/2025,13,24992,01/06/2025 6:00:00 PM
01/06/2025,14,24480,01/06/2025 7:00:00 PM
01/06/2025,15,23937,01/06/2025 8:00:00 PM
01/06/2025,16,23602,01/06/2025 9:00:00 PM
01/06/2025,17,23445,01/06/2025 10:00:00 PM
01/06/2025,18,24190,01/06/2025 11:00:00 PM
01/06/2025,19,25708,01/07/2025 12:00:00 AM
01/06/2025,20,26840,01/07/2025 1:00:00 AM
01/06/2025,21,27156,01/07/2025 2:00:00 AM
01/06/2025,22,27108,01/07/2025 3:00:00 AM
01/06/2025,23,26739,01/07/2025 4:00:00 AM
01/06/2025,24,25920,01/07/2025 5:00:00 AM
01/07/2025,1,25175,01/07/2025 6:00:00 AM
01/07/2025,2,24826,01/07/2025 7:00:00 AM
01/07/2025,3,24865,01/07/2025 8:00:00 AM
01/07/2025,4,24926,01/07/2025 9:00:00 AM
01/07/2025,5,24980,01/07/2025 10:00:00 AM
01/07/2025,6,25516,01/07/2025 11:00:00 AM
01/07/2025,7,26576,01/07/2025 12:00:00 PM
01/07/2025,8,27778,01/07/2025 1:00:00 PM
01/07/2025,9,28034,01/07/2025 2:00:00 PM
01/07/2025,10,27753,01/07/2025 3:00:00 PM
01/07/2025,11,27239,01/07/2025 4:00:00 PM
01/07/2025,12,26467,01/07/2025 5:00:00 PM
01/07/2025,13,25597,01/07/2025 6:00:00 PM
01/07/2025,14,24505,01/07/2025 7:00:00 PM
01/07/2025,15,23785,01/07/2025 8:00:00 PM
01/07/2025,16,23278,01/07/2025 9:00:00 PM
01/07/2025,17,23237,01/07/2025 10:00:00 PM
01/07/2025,18,23716,01/07/2025 11:00:00 PM
01/07/2025,19,25363,01/08/2025 12:00:00 AM
01/07/2025,20,26343,01/08/2025 1:00:00 AM
01/07/2025,21,26626,01/08/2025 2:00:00 AM
01/07/2025,22,26572,01/08/2025 3:00:00 AM
01/07/2025,23,26088,01/08/2025 4:00:00 AM
01/07/2025,24,25524,01/08/2025 5:00:00 AM
01/08/2025,1,25014,01/08/2025 6:00:00 AM
01/08/2025,2,24623,01/08/2025 7:00:00 AM
01/08/2025,3,24747,01/08/2025 8:00:00 AM
01/08/2025,4,24788,01/08/2025 9:00:00 AM
01/08/2025,5,24967,01/08/2025 10:00:00 AM
01/08/2025,6,25463,01/08/2025 11:00:00 AM
01/08/2025,7,26376,01/08/2025 12:00:00 PM
01/08/2025,8,27867,01/08/2025 1:00:00 PM
01/08/2025,9,28004,01/08/2025 2:00:00 PM
01/08/2025,10,27370,01/08/2025 3:00:00 PM
01/08/2025,11,26480,01/08/2025 4:00:00 PM
01/08/2025,12,25483,01/08/2025 5:00:00 PM
01/08/2025,13,24535,01/08/2025 6:00:00 PM
01/08/2025,14,23752,01/08/2025 7:00:00 PM
01/08/2025,15,23057,01/08/2025 8:00:00 PM
01/08/2025,16,22520,01/08/2025 9:00:00 PM
01/08/2025,17,22453,01/08/2025 10:00:00 PM
01/08/2025,18,23243,01/08/2025 11:00:00 PM
01/08/2025,19,24699,01/09/2025 12:00:00 AM
01/08/2025,20,25841,01/09/2025 1:00:00 AM
01/08/2025,21,26203,01/09/2025 2:00:00 AM
01/08/2025,22,26264,01/09/2025 3:00:00 AM
01/08/2025,23,25926,01/09/2025 4:00:00 AM
01/08/2025,24,25029,01/09/2025 5:00:00 AM
01/09/2025,1,24555,01/09/2025 6:00:00 AM
01/09/2025,2,24340,01/09/2025 7:00:00 AM
01/09/2025,3,24379,01/09/2025 8:00:00 AM
01/09/2025,4,24637,01/09/2025 9:00:00 AM
01/09/2025,5,24876,01/09/2025 10:00:00 AM
01/09/2025,6,25279,01/09/2025 11:00:00 AM
01/09/2025,7,26305,01/09/2025 12:00:00 PM
01/09/2025,8,27521,01/09/2025 1:00:00 PM
01/09/2025,9,27679,01/09/2025 2:00:00 PM
01/09/2025,10,27185,01/09/2025 3:00:00 PM
01/09/2025,11,26440,01/09/2025 4:00:00 PM
01/09/2025,12,25916,01/09/2025 5:00:00 PM
01/09/2025,13,25551,01/09/2025 6:00:00 PM
01/09/2025,14,24926,01/09/2025 7:00:00 PM
01/09/2025,15,24713,01/09/2025 8:00:00 PM
01/09/2025,16,24648,01/09/2025 9:00:00 PM
01/09/2025,17,24767,01/09/2025 10:00:00 PM
01/09/2025,18,25245,01/09/2025 11:00:00 PM
01/09/2025,19,25986,01/10/2025 12:00:00 AM
01/09/2025,20,26418,01/10/2025 1:00:00 AM
01/09/2025,21,26195,01/10/2025 2:00:00 AM
01/09/2025,22,25864,01/10/2025 3:00:00 AM
01/09/2025,23,25206,01/10/2025 4:00:00 AM
01/09/2025,24,24148,01/10/2025 5:00:00 AM
01/10/2025,1,23439,01/10/2025 6:00:00 AM
01/10/2025,2,23053,01/10/2025 7:00:00 AM
01/10/2025,3,22728,01/10/2025 8:00:00 AM
01/10/2025,4,22515,01/10/2025 9:00:00 AM
01/10/2025,5,22441,01/10/2025 10:00:00 AM
01/10/2025,6,22643,01/10/2025 11:00:00 AM
01/10/2025,7,23175,01/10/2025 12:00:00 PM
01/10/2025,8,24346,01/10/2025 1:00:00 PM
01/10/2025,9,24682,01/10/2025 2:00:00 PM
01/10/2025,10,24739,01/10/2025 3:00:00 PM
01/10/2025,11,24902,01/10/2025 4:00:00 PM
01/10/2025,12,24819,01/10/2025 5:00:00 PM
01/10/2025,13,24814,01/10/2025 6:00:00 PM
01/10/2025,14,24714,01/10/2025 7:00:00 PM
01/10/2025,15,24563,01/10/2025 8:00:00 PM
01/10/2025,16,24512,01/10/2025 9:00:00 PM
01/10/2025,17,24621,01/10/2025 10:00:00 PM
01/10/2025,18,25055,01/10/2025 11:00:00 PM
01/10/2025,19,25820,01/11/2025 12:00:00 AM
01/10/2025,20,25972,01/11/2025 1:00:00 AM
01/10/2025,21,25611,01/11/2025 2:00:00 AM
01/10/2025,22,25470,01/11/2025 3:00:00 AM
01/10/2025,23,24982,01/11/2025 4:00:00 AM
01/10/2025,24,24345,01/11/2025 5:00:00 AM
01/11/2025,1,23941,01/11/2025 6:00:00 AM
01/11/2025,2,23389,01/11/2025 7:00:00 AM
01/11/2025,3,23277,01/11/2025 8:00:00 AM
01/11/2025,4,23254,01/11/2025 9:00:00 AM
01/11/2025,5,23272,01/11/2025 10:00:00 AM
01/11/2025,6,23723,01/11/2025 11:00:00 AM
01/11/2025,7,24222,01/11/2025 12:00:00 PM
01/11/2025,8,24903,01/11/2025 1:00:00 PM
01/11/2025,9,25503,01/11/2025 2:00:00 PM
01/11/2025,10,25878,01/11/2025 3:00:00 PM
01/11/2025,11,25308,01/11/2025 4:00:00 PM
01/11/2025,12,24424,01/11/2025 5:00:00 PM
01/11/2025,13,23391,01/11/2025 6:00:00 PM
01/11/2025,14,22119,01/11/2025 7:00:00 PM
01/11/2025,15,21250,01/11/2025 8:00:00 PM
01/11/2025,16,20271,01/11/2025 9:00:00 PM
01/11/2025,17,19951,01/11/2025 10:00:00 PM
01/11/2025,18,20330,01/11/2025 11:00:00 PM
01/11/2025,19,21643,01/12/2025 12:00:00 AM
01/11/2025,20,23004,01/12/2025 1:00:00 AM
01/11/2025,21,23657,01/12/2025 2:00:00 AM
01/11/2025,22,24083,01/12/2025 3:00:00 AM
01/11/2025,23,23931,01/12/2025 4:00:00 AM
01/11/2025,24,23728,01/12/2025 5:00:00 AM
01/12/2025,1,23441,01/12/2025 6:00:00 AM
01/12/2025,2,23328,01/12/2025 7:00:00 AM
01/12/2025,3,23437,01/12/2025 8:00:00 AM
01/12/2025,4,23367,01/12/2025 9:00:00 AM
01/12/2025,5,23511,01/12/2025 10:00:00 AM
01/12/2025,6,23615,01/12/2025 11:00:00 AM
01/12/2025,7,23706,01/12/2025 12:00:00 PM
01/12/2025,8,24172,01/12/2025 1:00:00 PM
01/12/2025,9,24556,01/12/2025 2:00:00 PM
01/12/2025,10,24762,01/12/2025 3:00:00 PM
01/12/2025,11,24221,01/12/2025 4:00:00 PM
01/12/2025,12,23327,01/12/2025 5:00:00 PM
01/12/2025,13,22580,01/12/2025 6:00:00 PM
01/12/2025,14,22040,01/12/2025 7:00:00 PM
01/12/2025,15,21526,01/12/2025 8:00:00 PM
01/12/2025,16,21015,01/12/2025 9:00:00 PM
01/12/2025,17,20717,01/12/2025 10:00:00 PM
01/12/2025,18,21270,01/12/2025 11:00:00 PM
01/12/2025,19,22075,01/13/2025 12:00:00 AM
01/12/2025,20,22563,01/13/2025 1:00:00 AM
01/12/2025,21,22554,01/13/2025 2:00:00 AM
01/12/2025,22,22249,01/13/2025 3:00:00 AM
01/12/2025,23,21719,01/13/2025 4:00:00 AM
01/12/2025,24,21000,01/13/2025 5:00:00 AM
01/13/2025,1,20163,01/13/2025 6:00:00 AM
01/13/2025,2,19603,01/13/2025 7:00:00 AM
01/13/2025,3,19447,01/13/2025 8:00:00 AM
01/13/2025,4,19337,01/13/2025 9:00:00 AM
01/13/2025,5,19373,01/13/2025 10:00:00 AM
01/13/2025,6,19895,01/13/2025 11:00:00 AM
01/13/2025,7,20984,01/13/2025 12:00:00 PM
01/13/2025,8,22436,01/13/2025 1:00:00 PM
01/13/2025,9,23074,01/13/2025 2:00:00 PM
01/13/2025,10,22709,01/13/2025 3:00:00 PM
01/13/2025,11,22137,01/13/2025 4:00:00 PM
01/13/2025,12,21364,01/13/2025 5:00:00 PM
01/13/2025,13,20577,01/13/2025 6:00:00 PM
01/13/2025,14,19797,01/13/2025 7:00:00 PM
01/13/2025,15,19316,01/13/2025 8:00:00 PM
01/13/2025,16,19082,01/13/2025 9:00:00 PM
01/13/2025,17,19005,01/13/2025 10:00:00 PM
01/13/2025,18,19491,01/13/2025 11:00:00 PM
01/13/2025,19,20811,01/14/2025 12:00:00 AM
01/13/2025,20,22104,01/14/2025 1:00:00 AM
01/13/2025,21,22462,01/14/2025 2:00:00 AM
01/13/2025,22,22610,01/14/2025 3:00:00 AM
01/13/2025,23,22396,01/14/2025 4:00:00 AM
01/13/2025,24,21818,01/14/2025 5:00:00 AM
01/14/2025,1,21379,01/14/2025 6:00:00 AM
01/14/2025,2,21207,01/14/2025 7:00:00 AM
01/14/2025,3,21361,01/14/2025 8:00:00 AM
01/14/2025,4,21546,01/14/2025 9:00:00 AM
01/14/2025,5,21881,01/14/2025 10:00:00 AM
01/14/2025,6,22500,01/14/2025 11:00:00 AM
01/14/2025,7,23857,01/14/2025 12:00:00 PM
01/14/2025,8,25564,01/14/2025 1:00:00 PM
01/14/2025,9,25966,01/14/2025 2:00:00 PM
01/14/2025,10,25412,01/14/2025 3:00:00 PM
01/14/2025,11,24228,01/14/2025 4:00:00 PM
01/14/2025,12,23242,01/14/2025 5:00:00 PM
01/14/2025,13,21856,01/14/2025 6:00:00 PM
01/14/2025,14,20851,01/14/2025 7:00:00 PM
01/14/2025,15,20224,01/14/2025 8:00:00 PM
01/14/2025,16,19829,01/14/2025 9:00:00 PM
01/14/2025,17,19704,01/14/2025 10:00:00 PM
01/14/2025,18,20412,01/14/2025 11:00:00 PM
01/14/2025,19,21414,01/15/2025 12:00:00 AM
01/14/2025,20,22287,01/15/2025 1:00:00 AM
01/14/2025,21,22443,01/15/2025 2:00:00 AM
01/14/2025,22,22273,01/15/2025 3:00:00 AM
01/14/2025,23,21627,01/15/2025 4:00:00 AM
01/14/2025,24,20907,01/15/2025 5:00:00 AM
01/15/2025,1,20213,01/15/2025 6:00:00 AM
01/15/2025,2,20072,01/15/2025 7:00:00 AM
01/15/2025,3,19991,01/15/2025 8:00:00 AM
01/15/2025,4,19782,01/15/2025 9:00:00 AM
01/15/2025,5,20124,01/15/2025 10:00:00 AM
01/15/2025,6,20618,01/15/2025 11:00:00 AM
01/15/2025,7,21511,01/15/2025 12:00:00 PM
01/15/2025,8,22978,01/15/2025 1:00:00 PM
01/15/2025,9,23243,01/15/2025 2:00:00 PM
01/15/2025,10,22802,01/15/2025 3:00:00 PM
01/15/2025,11,22049,01/15/2025 4:00:00 PM
01/15/2025,12,21222,01/15/2025 5:00:00 PM
01/15/2025,13,20651,01/15/2025 6:00:00 PM
01/15/2025,14,19860,01/15/2025 7:00:00 PM
01/15/2025,15,19448,01/15/2025 8:00:00 PM
01/15/2025,16,19153,01/15/2025 9:00:00 PM
01/15/2025,17,19181,01/15/2025 10:00:00 PM
01/15/2025,18,19760,01/15/2025 11:00:00 PM
01/15/2025,19,20841,01/16/2025 12:00:00 AM
01/15/2025,20,21742,01/16/2025 1:00:00 AM
01/15/2025,21,21889,01/16/2025 2:00:00 AM
01/15/2025,22,21994,01/16/2025 3:00:00 AM
01/15/2025,23,21591,01/16/2025 4:00:00 AM
01/15/2025,24,20869,01/16/2025 5:00:00 AM
01/16/2025,1,20234,01/16/2025 6:00:00 AM
01/16/2025,2,19964,01/16/2025 7:00:00 AM
01/16/2025,3,20042,01/16/2025 8:00:00 AM
01/16/2025,4,20164,01/16/2025 9:00:00 AM
01/16/2025,5,20550,01/16/2025 10:00:00 AM
01/16/2025,6,21224,01/16/2025 11:00:00 AM
01/16/2025,7,22548,01/16/2025 12:00:00 PM
01/16/2025,8,24236,01/16/2025 1:00:00 PM
01/16/2025,9,24568,01/16/2025 2:00:00 PM
01/16/2025,10,23799,01/16/2025 3:00:00 PM
01/16/2025,11,22213,01/16/2025 4:00:00 PM
01/16/2025,12,20911,01/16/2025 5:00:00 PM
01/16/2025,13,19971,01/16/2025 6:00:00 PM
01/16/2025,14,18977,01/16/2025 7:00:00 PM
01/16/2025,15,18374,01/16/2025 8:00:00 PM
01/16/2025,16,18107,01/16/2025 9:00:00 PM
01/16/2025,17,17883,01/16/2025 10:00:00 PM
01/16/2025,18,18131,01/16/2025 11:00:00 PM
01/16/2025,19,19106,01/17/2025 12:00:00 AM
01/16/2025,20,20346,01/17/2025 1:00:00 AM
01/16/2025,21,20930,01/17/2025 2:00:00 AM
01/16/2025,22,21222,01/17/2025 3:00:00 AM
01/16/2025,23,21081,01/17/2025 4:00:00 AM
01/16/2025,24,20679,01/17/2025 5:00:00 AM
01/17/2025,1,20327,01/17/2025 6:00:00 AM
01/17/2025,2,20256,01/17/2025 7:00:00 AM
01/17/2025,3,20287,01/17/2025 8:00:00 AM
01/17/2025,4,20455,01/17/2025 9:00:00 AM
01/17/2025,5,20821,01/17/2025 10:00:00 AM
01/17/2025,6,21496,01/17/2025 11:00:00 AM
01/17/2025,7,22773,01/17/2025 12:00:00 PM
01/17/2025,8,24251,01/17/2025 1:00:00 PM
01/17/2025,9,24816,01/17/2025 2:00:00 PM
01/17/2025,10,23977,01/17/2025 3:00:00 PM
01/17/2025,11,22823,01/17/2025 4:00:00 PM
01/17/2025,12,21419,01/17/2025 5:00:00 PM
01/17/2025,13,20644,01/17/2025 6:00:00 PM
01/17/2025,14,20116,01/17/2025 7:00:00 PM
01/17/2025,15,19678,01/17/2025 8:00:00 PM
01/17/2025,16,19554,01/17/2025 9:00:00 PM
01/17/2025,17,19482,01/17/2025 10:00:00 PM
01/17/2025,18,19779,01/17/2025 11:00:00 PM
01/17/2025,19,20356,01/18/2025 12:00:00 AM
01/17/2025,20,20737,01/18/2025 1:00:00 AM
01/17/2025,21,20566,01/18/2025 2:00:00 AM
01/17/2025,22,20206,01/18/2025 3:00:00 AM
01/17/2025,23,19731,01/18/2025 4:00:00 AM
01/17/2025,24,18893,01/18/2025 5:00:00 AM
01/18/2025,1,18169,01/18/2025 6:00:00 AM
01/18/2025,2,17540,01/18/2025 7:00:00 AM
01/18/2025,3,17100,01/18/2025 8:00:00 AM
01/18/2025,4,16679,01/18/2025 9:00:00 AM
01/18/2025,5,16472,01/18/2025 10:00:00 AM
01/18/2025,6,16599,01/18/2025 11:00:00 AM
01/18/2025,7,16906,01/18/2025 12:00:00 PM
01/18/2025,8,17333,01/18/2025 1:00:00 PM
01/18/2025,9,17879,01/18/2025 2:00:00 PM
01/18/2025,10,18218,01/18/2025 3:00:00 PM
01/18/2025,11,18473,01/18/2025 4:00:00 PM
01/18/2025,12,18510,01/18/2025 5:00:00 PM
01/18/2025,13,18244,01/18/2025 6:00:00 PM
01/18/2025,14,18064,01/18/2025 7:00:00 PM
01/18/2025,15,17820,01/18/2025 8:00:00 PM
01/18/2025,16,17744,01/18/2025 9:00:00 PM
01/18/2025,17,17726,01/18/2025 10:00:00 PM
01/18/2025,18,17923,01/18/2025 11:00:00 PM
01/18/2025,19,18632,01/19/2025 12:00:00 AM
01/18/2025,20,19381,01/19/2025 1:00:00 AM
01/18/2025,21,19565,01/19/2025 2:00:00 AM
01/18/2025,22,19659,01/19/2025 3:00:00 AM
01/18/2025,23,19630,01/19/2025 4:00:00 AM
01/18/2025,24,19384,01/19/2025 5:00:00 AM
01/19/2025,1,19165,01/19/2025 6:00:00 AM
01/19/2025,2,19024,01/19/2025 7:00:00 AM
01/19/2025,3,19077,01/19/2025 8:00:00 AM
01/19/2025,4,19276,01/19/2025 9:00:00 AM
01/19/2025,5,19577,01/19/2025 10:00:00 AM
01/19/2025,6,20123,01/19/2025 11:00:00 AM
01/19/2025,7,20858,01/19/2025 12:00:00 PM
01/19/2025,8,22013,01/19/2025 1:00:00 PM
01/19/2025,9,23382,01/19/2025 2:00:00 PM
01/19/2025,10,24379,01/19/2025 3:00:00 PM
01/19/2025,11,24450,01/19/2025 4:00:00 PM
01/19/2025,12,23882,01/19/2025 5:00:00 PM
01/19/2025,13,23299,01/19/2025 6:00:00 PM
01/19/2025,14,22902,01/19/2025 7:00:00 PM
01/19/2025,15,22394,01/19/2025 8:00:00 PM
01/19/2025,16,21861,01/19/2025 9:00:00 PM
01/19/2025,17,21948,01/19/2025 10:00:00 PM
01/19/2025,18,22676,01/19/2025 11:00:00 PM
01/19/2025,19,24378,01/20/2025 12:00:00 AM
01/19/2025,20,25913,01/20/2025 1:00:00 AM
01/19/2025,21,26592,01/20/2025 2:00:00 AM
01/19/2025,22,26909,01/20/2025 3:00:00 AM
01/19/2025,23,26998,01/20/2025 4:00:00 AM
01/19/2025,24,26847,01/20/2025 5:00:00 AM
01/20/2025,1,26566,01/20/2025 6:00:00 AM
01/20/2025,2,26533,01/20/2025 7:00:00 AM
01/20/2025,3,26563,01/20/2025 8:00:00 AM
01/20/2025,4,26894,01/20/2025 9:00:00 AM
01/20/2025,5,27202,01/20/2025 10:00:00 AM
01/20/2025,6,27670,01/20/2025 11:00:00 AM
01/20/2025,7,28514,01/20/2025 12:00:00 PM
01/20/2025,8,29888,01/20/2025 1:00:00 PM
01/20/2025,9,30628,01/20/2025 2:00:00 PM
01/20/2025,10,30504,01/20/2025 3:00:00 PM
01/20/2025,11,29760,01/20/2025 4:00:00 PM
01/20/2025,12,28846,01/20/2025 5:00:00 PM
01/20/2025,13,27852,01/20/2025 6:00:00 PM
01/20/2025,14,26845,01/20/2025 7:00:00 PM
01/20/2025,15,26124,01/20/2025 8:00:00 PM
01/20/2025,16,25737,01/20/2025 9:00:00 PM
01/20/2025,17,25758,01/20/2025 10:00:00 PM
01/20/2025,18,26532,01/20/2025 11:00:00 PM
01/20/2025,19,27486,01/21/2025 12:00:00 AM
01/20/2025,20,28675,01/21/2025 1:00:00 AM
01/20/2025,21,28614,01/21/2025 2:00:00 AM
01/20/2025,22,28490,01/21/2025 3:00:00 AM
01/20/2025,23,27978,01/21/2025 4:00:00 AM
01/20/2025,24,27429,01/21/2025 5:00:00 AM
01/21/2025,1,26918,01/21/2025 6:00:00 AM
01/21/2025,2,26598,01/21/2025 7:00:00 AM
01/21/2025,3,26629,01/21/2025 8:00:00 AM
01/21/2025,4,26711,01/21/2025 9:00:00 AM
01/21/2025,5,27092,01/21/2025 10:00:00 AM
01/21/2025,6,27644,01/21/2025 11:00:00 AM
01/21/2025,7,28587,01/21/2025 12:00:00 PM
01/21/2025,8,29610,01/21/2025 1:00:00 PM
01/21/2025,9,30476,01/21/2025 2:00:00 PM
01/21/2025,10,31080,01/21/2025 3:00:00 PM
01/21/2025,11,31084,01/21/2025 4:00:00 PM
01/21/2025,12,31095,01/21/2025 5:00:00 PM
01/21/2025,13,30748,01/21/2025 6:00:00 PM
01/21/2025,14,30191,01/21/2025 7:00:00 PM
01/21/2025,15,29709,01/21/2025 8:00:00 PM
01/21/2025,16,29175,01/21/2025 9:00:00 PM
01/21/2025,17,28613,01/21/2025 10:00:00 PM
01/21/2025,18,28767,01/21/2025 11:00:00 PM
01/21/2025,19,29548,01/22/2025 12:00:00 AM
01/21/2025,20,30527,01/22/2025 1:00:00 AM
01/21/2025,21,30839,01/22/2025 2:00:00 AM
01/21/2025,22,30825,01/22/2025 3:00:00 AM
01/21/2025,23,30433,01/22/2025 4:00:00 AM
01/21/2025,24,30096,01/22/2025 5:00:00 AM
01/22/2025,1,29970,01/22/2025 6:00:00 AM
01/22/2025,2,29652,01/22/2025 7:00:00 AM
01/22/2025,3,29686,01/22/2025 8:00:00 AM
01/22/2025,4,29916,01/22/2025 9:00:00 AM
01/22/2025,5,30074,01/22/2025 10:00:00 AM
01/22/2025,6,30703,01/22/2025 11:00:00 AM
01/22/2025,7,31327,01/22/2025 12:00:00 PM
01/22/2025,8,32210,01/22/2025 1:00:00 PM
01/22/2025,9,32361,01/22/2025 2:00:00 PM
01/22/2025,10,31635,01/22/2025 3:00:00 PM
01/22/2025,11,30293,01/22/2025 4:00:00 PM
01/22/2025,12,29156,01/22/2025 5:00:00 PM
01/22/2025,13,28072,01/22/2025 6:00:00 PM
01/22/2025,14,26789,01/22/2025 7:00:00 PM
01/22/2025,15,25857,01/22/2025 8:00:00 PM
01/22/2025,16,24958,01/22/2025 9:00:00 PM
01/22/2025,17,24519,01/22/2025 10:00:00 PM
01/22/2025,18,25108,01/22/2025 11:00:00 PM
01/22/2025,19,26765,01/23/2025 12:00:00 AM
01/22/2025,20,28093,01/23/2025 1:00:00 AM
01/22/2025,21,28615,01/23/2025 2:00:00 AM
01/22/2025,22,28610,01/23/2025 3:00:00 AM
01/22/2025,23,28264,01/23/2025 4:00:00 AM
01/22/2025,24,27749,01/23/2025 5:00:00 AM
01/23/2025,1,27252,01/23/2025 6:00:00 AM
01/23/2025,2,27054,01/23/2025 7:00:00 AM
01/23/2025,3,27183,01/23/2025 8:00:00 AM
01/23/2025,4,27099,01/23/2025 9:00:00 AM
01/23/2025,5,27361,01/23/2025 10:00:00 AM
01/23/2025,6,27793,01/23/2025 11:00:00 AM
01/23/2025,7,28690,01/23/2025 12:00:00 PM
01/23/2025,8,29868,01/23/2025 1:00:00 PM
01/23/2025,9,30205,01/23/2025 2:00:00 PM
01/23/2025,10,29359,01/23/2025 3:00:00 PM
01/23/2025,11,27610,01/23/2025 4:00:00 PM
01/23/2025,12,25930,01/23/2025 5:00:00 PM
01/23/2025,13,24585,01/23/2025 6:00:00 PM
01/23/2025,14,23447,01/23/2025 7:00:00 PM
01/23/2025,15,22368,01/23/2025 8:00:00 PM
01/23/2025,16,21535,01/23/2025 9:00:00 PM
01/23/2025,17,21218,01/23/2025 10:00:00 PM
01/23/2025,18,21543,01/23/2025 11:00:00 PM
01/23/2025,19,22682,01/24/2025 12:00:00 AM
01/23/2025,20,24412,01/24/2025 1:00:00 AM
01/23/2025,21,25174,01/24/2025 2:00:00 AM
01/23/2025,22,25470,01/24/2025 3:00:00 AM
01/23/2025,23,25468,01/24/2025 4:00:00 AM
01/23/2025,24,25083,01/24/2025 5:00:00 AM
01/24/2025,1,24654,01/24/2025 6:00:00 AM
01/24/2025,2,24597,01/24/2025 7:00:00 AM
01/24/2025,3,24548,01/24/2025 8:00:00 AM
01/24/2025,4,24644,01/24/2025 9:00:00 AM
01/24/2025,5,24813,01/24/2025 10:00:00 AM
01/24/2025,6,25422,01/24/2025 11:00:00 AM
01/24/2025,7,26529,01/24/2025 12:00:00 PM
01/24/2025,8,27819,01/24/2025 1:00:00 PM
01/24/2025,9,28508,01/24/2025 2:00:00 PM
01/24/2025,10,27734,01/24/2025 3:00:00 PM
01/24/2025,11,25976,01/24/2025 4:00:00 PM
01/24/2025,12,24616,01/24/2025 5:00:00 PM
01/24/2025,13,23152,01/24/2025 6:00:00 PM
01/24/2025,14,22012,01/24/2025 7:00:00 PM
01/24/2025,15,21245,01/24/2025 8:00:00 PM
01/24/2025,16,20417,01/24/2025 9:00:00 PM
01/24/2025,17,20035,01/24/2025 10:00:00 PM
01/24/2025,18,20419,01/24/2025 11:00:00 PM
01/24/2025,19,21592,01/25/2025 12:00:00 AM
01/24/2025,20,23060,01/25/2025 1:00:00 AM
01/24/2025,21,23927,01/25/2025 2:00:00 AM
01/24/2025,22,24423,01/25/2025 3:00:00 AM
01/24/2025,23,24515,01/25/2025 4:00:00 AM
01/24/2025,24,24291,01/25/2025 5:00:00 AM
01/25/2025,1,24101,01/25/2025 6:00:00 AM
01/25/2025,2,24090,01/25/2025 7:00:00 AM
01/25/2025,3,24054,01/25/2025 8:00:00 AM
01/25/2025,4,24318,01/25/2025 9:00:00 AM
01/25/2025,5,24647,01/25/2025 10:00:00 AM
01/25/2025,6,25138,01/25/2025 11:00:00 AM
01/25/2025,7,25641,01/25/2025 12:00:00 PM
01/25/2025,8,26381,01/25/2025 1:00:00 PM
01/25/2025,9,26791,01/25/2025 2:00:00 PM
01/25/2025,10,26364,01/25/2025 3:00:00 PM
01/25/2025,11,25098,01/25/2025 4:00:00 PM
01/25/2025,12,23682,01/25/2025 5:00:00 PM
01/25/2025,13,22265,01/25/2025 6:00:00 PM
01/25/2025,14,20825,01/25/2025 7:00:00 PM
01/25/2025,15,19968,01/25/2025 8:00:00 PM
01/25/2025,16,19120,01/25/2025 9:00:00 PM
01/25/2025,17,18926,01/25/2025 10:00:00 PM
01/25/2025,18,19222,01/25/2025 11:00:00 PM
01/25/2025,19,19921,01/26/2025 12:00:00 AM
01/25/2025,20,20802,01/26/2025 1:00:00 AM
01/25/2025,21,21086,01/26/2025 2:00:00 AM
01/25/2025,22,21032,01/26/2025 3:00:00 AM
01/25/2025,23,20558,01/26/2025 4:00:00 AM
01/25/2025,24,20078,01/26/2025 5:00:00 AM
01/26/2025,1,19237,01/26/2025 6:00:00 AM
01/26/2025,2,18698,01/26/2025 7:00:00 AM
01/26/2025,3,18254,01/26/2025 8:00:00 AM
01/26/2025,4,18001,01/26/2025 9:00:00 AM
01/26/2025,5,17922,01/26/2025 10:00:00 AM
01/26/2025,6,17871,01/26/2025 11:00:00 AM
01/26/2025,7,18076,01/26/2025 12:00:00 PM
01/26/2025,8,18480,01/26/2025 1:00:00 PM
01/26/2025,9,19001,01/26/2025 2:00:00 PM
01/26/2025,10,19489,01/26/2025 3:00:00 PM
01/26/2025,11,19553,01/26/2025 4:00:00 PM
01/26/2025,12,19129,01/26/2025 5:00:00 PM
01/26/2025,13,18708,01/26/2025 6:00:00 PM
01/26/2025,14,18813,01/26/2025 7:00:00 PM
01/26/2025,15,18711,01/26/2025 8:00:00 PM
01/26/2025,16,18527,01/26/2025 9:00:00 PM
01/26/2025,17,18513,01/26/2025 10:00:00 PM
01/26/2025,18,18762,01/26/2025 11:00:00 PM
01/26/2025,19,19268,01/27/2025 12:00:00 AM
01/26/2025,20,19623,01/27/2025 1:00:00 AM
01/26/2025,21,19627,01/27/2025 2:00:00 AM
01/26/2025,22,19488,01/27/2025 3:00:00 AM
01/26/2025,23,18826,01/27/2025 4:00:00 AM
01/26/2025,24,18136,01/27/2025 5:00:00 AM
01/27/2025,1,17617,01/27/2025 6:00:00 AM
01/27/2025,2,16933,01/27/2025 7:00:00 AM
01/27/2025,3,16677,01/27/2025 8:00:00 AM
01/27/2025,4,16644,01/27/2025 9:00:00 AM
01/27/2025,5,16619,01/27/2025 10:00:00 AM
01/27/2025,6,16986,01/27/2025 11:00:00 AM
01/27/2025,7,17863,01/27/2025 12:00:00 PM
01/27/2025,8,19259,01/27/2025 1:00:00 PM
01/27/2025,9,19835,01/27/2025 2:00:00 PM
01/27/2025,10,19671,01/27/2025 3:00:00 PM
01/27/2025,11,19529,01/27/2025 4:00:00 PM
01/27/2025,12,19197,01/27/2025 5:00:00 PM
01/27/2025,13,18976,01/27/2025 6:00:00 PM
01/27/2025,14,18798,01/27/2025 7:00:00 PM
01/27/2025,15,18597,01/27/2025 8:00:00 PM
01/27/2025,16,18411,01/27/2025 9:00:00 PM
01/27/2025,17,18298,01/27/2025 10:00:00 PM
01/27/2025,18,18669,01/27/2025 11:00:00 PM
01/27/2025,19,19490,01/28/2025 12:00:00 AM
01/27/2025,20,20478,01/28/2025 1:00:00 AM
01/27/2025,21,20603,01/28/2025 2:00:00 AM
01/27/2025,22,20569,01/28/2025 3:00:00 AM
01/27/2025,23,20253,01/28/2025 4:00:00 AM
01/27/2025,24,19439,01/28/2025 5:00:00 AM
01/28/2025,1,18720,01/28/2025 6:00:00 AM
01/28/2025,2,18435,01/28/2025 7:00:00 AM
01/28/2025,3,18288,01/28/2025 8:00:00 AM
01/28/2025,4,18274,01/28/2025 9:00:00 AM
01/28/2025,5,18496,01/28/2025 10:00:00 AM
01/28/2025,6,18922,01/28/2025 11:00:00 AM
01/28/2025,7,19828,01/28/2025 12:00:00 PM
01/28/2025,8,21310,01/28/2025 1:00:00 PM
01/28/2025,9,21651,01/28/2025 2:00:00 PM
01/28/2025,10,21340,01/28/2025 3:00:00 PM
01/28/2025,11,20807,01/28/2025 4:00:00 PM
01/28/2025,12,20188,01/28/2025 5:00:00 PM
01/28/2025,13,19314,01/28/2025 6:00:00 PM
01/28/2025,14,18712,01/28/2025 7:00:00 PM
01/28/2025,15,18231,01/28/2025 8:00:00 PM
01/28/2025,16,17806,01/28/2025 9:00:00 PM
01/28/2025,17,17786,01/28/2025 10:00:00 PM
01/28/2025,18,18242,01/28/2025 11:00:00 PM
01/28/2025,19,18925,01/29/2025 12:00:00 AM
01/28/2025,20,19880,01/29/2025 1:00:00 AM
01/28/2025,21,19873,01/29/2025 2:00:00 AM
01/28/2025,22,19723,01/29/2025 3:00:00 AM
01/28/2025,23,19359,01/29/2025 4:00:00 AM
01/28/2025,24,18539,01/29/2025 5:00:00 AM
01/29/2025,1,17785,01/29/2025 6:00:00 AM
01/29/2025,2,17289,01/29/2025 7:00:00 AM
01/29/2025,3,17037,01/29/2025 8:00:00 AM
01/29/2025,4,17068,01/29/2025 9:00:00 AM
01/29/2025,5,17109,01/29/2025 10:00:00 AM
01/29/2025,6,17423,01/29/2025 11:00:00 AM
01/29/2025,7,18193,01/29/2025 12:00:00 PM
01/29/2025,8,19485,01/29/2025 1:00:00 PM
01/29/2025,9,19831,01/29/2025 2:00:00 PM
01/29/2025,10,19596,01/29/2025 3:00:00 PM
01/29/2025,11,19110,01/29/2025 4:00:00 PM
01/29/2025,12,18532,01/29/2025 5:00:00 PM
01/29/2025,13,18053,01/29/2025 6:00:00 PM
01/29/2025,14,17627,01/29/2025 7:00:00 PM
01/29/2025,15,17608,01/29/2025 8:00:00 PM
01/29/2025,16,17498,01/29/2025 9:00:00 PM
01/29/2025,17,17756,01/29/2025 10:00:00 PM
01/29/2025,18,18002,01/29/2025 11:00:00 PM
01/29/2025,19,18345,01/30/2025 12:00:00 AM
01/29/2025,20,19220,01/30/2025 1:00:00 AM
01/29/2025,21,19147,01/30/2025 2:00:00 AM
01/29/2025,22,18817,01/30/2025 3:00:00 AM
01/29/2025,23,18059,01/30/2025 4:00:00 AM
01/29/2025,24,17413,01/30/2025 5:00:00 AM
01/30/2025,1,16635,01/30/2025 6:00:00 AM
01/30/2025,2,16098,01/30/2025 7:00:00 AM
01/30/2025,3,15816,01/30/2025 8:00:00 AM
01/30/2025,4,15531,01/30/2025 9:00:00 AM
01/30/2025,5,15440,01/30/2025 10:00:00 AM
01/30/2025,6,15607,01/30/2025 11:00:00 AM
01/30/2025,7,16340,01/30/2025 12:00:00 PM
01/30/2025,8,17362,01/30/2025 1:00:00 PM
01/30/2025,9,17782,01/30/2025 2:00:00 PM
01/30/2025,10,17892,01/30/2025 3:00:00 PM
01/30/2025,11,18076,01/30/2025 4:00:00 PM
01/30/2025,12,18265,01/30/2025 5:00:00 PM
01/30/2025,13,18453,01/30/2025 6:00:00 PM
01/30/2025,14,18260,01/30/2025 7:00:00 PM
01/30/2025,15,18214,01/30/2025 8:00:00 PM
01/30/2025,16,18202,01/30/2025 9:00:00 PM
01/30/2025,17,18240,01/30/2025 10:00:00 PM
01/30/2025,18,18275,01/30/2025 11:00:00 PM
01/30/2025,19,18445,01/31/2025 12:00:00 AM
01/30/2025,20,18953,01/31/2025 1:00:00 AM
01/30/2025,21,18913,01/31/2025 2:00:00 AM
01/30/2025,22,18671,01/31/2025 3:00:00 AM
01/30/2025,23,18159,01/31/2025 4:00:00 AM
01/30/2025,24,17311,01/31/2025 5:00:00 AM
01/31/2025,1,16580,01/31/2025 6:00:00 AM
01/31/2025,2,15998,01/31/2025 7:00:00 AM
01/31/2025,3,15679,01/31/2025 8:00:00 AM
01/31/2025,4,15510,01/31/2025 9:00:00 AM
01/31/2025,5,15425,01/31/2025 10:00:00 AM
01/31/2025,6,15527,01/31/2025 11:00:00 AM
01/31/2025,7,16112,01/31/2025 12:00:00 PM
01/31/2025,8,17320,01/31/2025 1:00:00 PM
01/31/2025,9,17793,01/31/2025 2:00:00 PM
01/31/2025,10,17799,01/31/2025 3:00:00 PM
01/31/2025,11,17811,01/31/2025 4:00:00 PM
01/31/2025,12,17551,01/31/2025 5:00:00 PM
01/31/2025,13,17361,01/31/2025 6:00:00 PM
01/31/2025,14,17366,01/31/2025 7:00:00 PM
01/31/2025,15,17227,01/31/2025 8:00:00 PM
01/31/2025,16,17074,01/31/2025 9:00:00 PM
01/31/2025,17,16919,01/31/2025 10:00:00 PM
01/31/2025,18,16955,01/31/2025 11:00:00 PM
01/31/2025,19,17453,02/01/2025 12:00:00 AM
01/31/2025,20,18199,02/01/2025 1:00:00 AM
01/31/2025,21,18194,02/01/2025 2:00:00 AM
01/31/2025,22,18187,02/01/2025 3:00:00 AM
01/31/2025,23,17898,02/01/2025 4:00:00 AM
01/31/2025,24,17506,02/01/2025 5:00:00 AM
02/01/2025,1,17094,02/01/2025 6:00:00 AM
02/01/2025,2,16727,02/01/2025 7:00:00 AM
02/01/2025,3,16741,02/01/2025 8:00:00 AM
02/01/2025,4,16635,02/01/2025 9:00:00 AM
02/01/2025,5,16836,02/01/2025 10:00:00 AM
02/01/2025,6,17078,02/01/2025 11:00:00 AM
02/01/2025,7,17619,02/01/2025 12:00:00 PM
02/01/2025,8,18331,02/01/2025 1:00:00 PM
02/01/2025,9,19037,02/01/2025 2:00:00 PM
02/01/2025,10,19531,02/01/2025 3:00:00 PM
02/01/2025,11,19091,02/01/2025 4:00:00 PM
02/01/2025,12,18493,02/01/2025 5:00:00 PM
02/01/2025,13,17899,02/01/2025 6:00:00 PM
02/01/2025,14,17456,02/01/2025 7:00:00 PM
02/01/2025,15,16991,02/01/2025 8:00:00 PM
02/01/2025,16,16869,02/01/2025 9:00:00 PM
02/01/2025,17,16795,02/01/2025 10:00:00 PM
02/01/2025,18,16852,02/01/2025 11:00:00 PM
02/01/2025,19,17267,02/02/2025 12:00:00 AM
02/01/2025,20,17991,02/02/2025 1:00:00 AM
02/01/2025,21,18247,02/02/2025 2:00:00 AM
02/01/2025,22,18209,02/02/2025 3:00:00 AM
02/01/2025,23,18057,02/02/2025 4:00:00 AM
02/01/2025,24,17843,02/02/2025 5:00:00 AM
02/02/2025,1,17621,02/02/2025 6:00:00 AM
02/02/2025,2,17411,02/02/2025 7:00:00 AM
02/02/2025,3,17276,02/02/2025 8:00:00 AM
02/02/2025,4,17256,02/02/2025 9:00:00 AM
02/02/2025,5,17301,02/02/2025 10:00:00 AM
02/02/2025,6,17624,02/02/2025 11:00:00 AM
02/02/2025,7,18070,02/02/2025 12:00:00 PM
02/02/2025,8,18705,02/02/2025 1:00:00 PM
02/02/2025,9,19455,02/02/2025 2:00:00 PM
02/02/2025,10,19543,02/02/2025 3:00:00 PM
02/02/2025,11,18694,02/02/2025 4:00:00 PM
02/02/2025,12,17723,02/02/2025 5:00:00 PM
02/02/2025,13,17189,02/02/2025 6:00:00 PM
02/02/2025,14,16949,02/02/2025 7:00:00 PM
02/02/2025,15,16893,02/02/2025 8:00:00 PM
02/02/2025,16,16806,02/02/2025 9:00:00 PM
02/02/2025,17,16926,02/02/2025 10:00:00 PM
02/02/2025,18,17074,02/02/2025 11:00:00 PM
02/02/2025,19,17439,02/03/2025 12:00:00 AM
02/02/2025,20,18046,02/03/2025 1:00:00 AM
02/02/2025,21,18144,02/03/2025 2:00:00 AM
02/02/2025,22,17829,02/03/2025 3:00:00 AM
02/02/2025,23,17452,02/03/2025 4:00:00 AM
02/02/2025,24,16619,02/03/2025 5:00:00 AM
02/03/2025,1,16145,02/03/2025 6:00:00 AM
02/03/2025,2,15705,02/03/2025 7:00:00 AM
02/03/2025,3,15417,02/03/2025 8:00:00 AM
02/03/2025,4,15361,02/03/2025 9:00:00 AM
02/03/2025,5,15495,02/03/2025 10:00:00 AM
02/03/2025,6,15806,02/03/2025 11:00:00 AM
02/03/2025,7,16782,02/03/2025 12:00:00 PM
02/03/2025,8,18042,02/03/2025 1:00:00 PM
02/03/2025,9,18473,02/03/2025 2:00:00 PM
02/03/2025,10,18091,02/03/2025 3:00:00 PM
02/03/2025,11,17944,02/03/2025 4:00:00 PM
02/03/2025,12,17712,02/03/2025 5:00:00 PM
02/03/2025,13,17596,02/03/2025 6:00:00 PM
02/03/2025,14,17530,02/03/2025 7:00:00 PM
02/03/2025,15,17631,02/03/2025 8:00:00 PM
02/03/2025,16,17798,02/03/2025 9:00:00 PM
02/03/2025,17,17885,02/03/2025 10:00:00 PM
02/03/2025,18,18203,02/03/2025 11:00:00 PM
02/03/2025,19,18286,02/04/2025 12:00:00 AM
02/03/2025,20,18887,02/04/2025 1:00:00 AM
02/03/2025,21,18793,02/04/2025 2:00:00 AM
02/03/2025,22,18527,02/04/2025 3:00:00 AM
02/03/2025,23,17866,02/04/2025 4:00:00 AM
02/03/2025,24,16989,02/04/2025 5:00:00 AM
02/04/2025,1,16246,02/04/2025 6:00:00 AM
02/04/2025,2,15652,02/04/2025 7:00:00 AM
02/04/2025,3,15259,02/04/2025 8:00:00 AM
02/04/2025,4,15188,02/04/2025 9:00:00 AM
02/04/2025,5,15035,02/04/2025 10:00:00 AM
02/04/2025,6,15210,02/04/2025 11:00:00 AM
02/04/2025,7,15858,02/04/2025 12:00:00 PM
02/04/2025,8,17144,02/04/2025 1:00:00 PM
02/04/2025,9,17689,02/04/2025 2:00:00 PM
02/04/2025,10,17614,02/04/2025 3:00:00 PM
02/04/2025,11,17644,02/04/2025 4:00:00 PM
02/04/2025,12,17732,02/04/2025 5:00:00 PM
02/04/2025,13,18048,02/04/2025 6:00:00 PM
02/04/2025,14,18265,02/04/2025 7:00:00 PM
02/04/2025,15,18609,02/04/2025 8:00:00 PM
02/04/2025,16,18783,02/04/2025 9:00:00 PM
02/04/2025,17,18732,02/04/2025 10:00:00 PM
02/04/2025,18,18916,02/04/2025 11:00:00 PM
02/04/2025,19,19149,02/05/2025 12:00:00 AM
02/04/2025,20,19613,02/05/2025 1:00:00 AM
02/04/2025,21,19526,02/05/2025 2:00:00 AM
02/04/2025,22,19201,02/05/2025 3:00:00 AM
02/04/2025,23,18413,02/05/2025 4:00:00 AM
02/04/2025,24,17601,02/05/2025 5:00:00 AM
02/05/2025,1,16747,02/05/2025 6:00:00 AM
02/05/2025,2,16082,02/05/2025 7:00:00 AM
02/05/2025,3,15669,02/05/2025 8:00:00 AM
02/05/2025,4,15400,02/05/2025 9:00:00 AM
02/05/2025,5,15425,02/05/2025 10:00:00 AM
02/05/2025,6,15572,02/05/2025 11:00:00 AM
02/05/2025,7,16122,02/05/2025 12:00:00 PM
02/05/2025,8,17263,02/05/2025 1:00:00 PM
02/05/2025,9,17670,02/05/2025 2:00:00 PM
02/05/2025,10,17751,02/05/2025 3:00:00 PM
02/05/2025,11,17959,02/05/2025 4:00:00 PM
02/05/2025,12,18161,02/05/2025 5:00:00 PM
02/05/2025,13,18388,02/05/2025 6:00:00 PM
02/05/2025,14,18700,02/05/2025 7:00:00 PM
02/05/2025,15,18970,02/05/2025 8:00:00 PM
02/05/2025,16,19198,02/05/2025 9:00:00 PM
02/05/2025,17,19292,02/05/2025 10:00:00 PM
02/05/2025,18,19416,02/05/2025 11:00:00 PM
02/05/2025,19,19372,02/06/2025 12:00:00 AM
02/05/2025,20,19718,02/06/2025 1:00:00 AM
02/05/2025,21,19607,02/06/2025 2:00:00 AM
02/05/2025,22,19287,02/06/2025 3:00:00 AM
02/05/2025,23,18477,02/06/2025 4:00:00 AM
02/05/2025,24,17654,02/06/2025 5:00:00 AM
02/06/2025,1,16847,02/06/2025 6:00:00 AM
02/06/2025,2,16176,02/06/2025 7:00:00 AM
02/06/2025,3,15666,02/06/2025 8:00:00 AM
02/06/2025,4,15360,02/06/2025 9:00:00 AM
02/06/2025,5,15240,02/06/2025 10:00:00 AM
02/06/2025,6,15433,02/06/2025 11:00:00 AM
02/06/2025,7,16083,02/06/2025 12:00:00 PM
02/06/2025,8,17215,02/06/2025 1:00:00 PM
02/06/2025,9,17509,02/06/2025 2:00:00 PM
02/06/2025,10,17696,02/06/2025 3:00:00 PM
02/06/2025,11,17900,02/06/2025 4:00:00 PM
02/06/2025,12,18127,02/06/2025 5:00:00 PM
02/06/2025,13,18526,02/06/2025 6:00:00 PM
02/06/2025,14,18897,02/06/2025 7:00:00 PM
02/06/2025,15,19298,02/06/2025 8:00:00 PM
02/06/2025,16,19475,02/06/2025 9:00:00 PM
02/06/2025,17,19661,02/06/2025 10:00:00 PM
02/06/2025,18,19678,02/06/2025 11:00:00 PM
02/06/2025,19,19546,02/07/2025 12:00:00 AM
02/06/2025,20,19810,02/07/2025 1:00:00 AM
02/06/2025,21,19714,02/07/2025 2:00:00 AM
02/06/2025,22,19365,02/07/2025 3:00:00 AM
02/06/2025,23,18543,02/07/2025 4:00:00 AM
02/06/2025,24,17708,02/07/2025 5:00:00 AM
02/07/2025,1,16776,02/07/2025 6:00:00 AM
02/07/2025,2,16134,02/07/2025 7:00:00 AM
02/07/2025,3,15690,02/07/2025 8:00:00 AM
02/07/2025,4,15632,02/07/2025 9:00:00 AM
02/07/2025,5,15443,02/07/2025 10:00:00 AM
02/07/2025,6,15671,02/07/2025 11:00:00 AM
02/07/2025,7,16323,02/07/2025 12:00:00 PM
02/07/2025,8,17159,02/07/2025 1:00:00 PM
02/07/2025,9,17571,02/07/2025 2:00:00 PM
02/07/2025,10,17727,02/07/2025 3:00:00 PM
02/07/2025,11,18067,02/07/2025 4:00:00 PM
02/07/2025,12,18392,02/07/2025 5:00:00 PM
02/07/2025,13,18777,02/07/2025 6:00:00 PM
02/07/2025,14,19008,02/07/2025 7:00:00 PM
02/07/2025,15,19341,02/07/2025 8:00:00 PM
02/07/2025,16,19629,02/07/2025 9:00:00 PM
02/07/2025,17,19777,02/07/2025 10:00:00 PM
02/07/2025,18,19686,02/07/2025 11:00:00 PM
02/07/2025,19,19649,02/08/2025 12:00:00 AM
02/07/2025,20,19754,02/08/2025 1:00:00 AM
02/07/2025,21,19278,02/08/2025 2:00:00 AM
02/07/2025,22,18856,02/08/2025 3:00:00 AM
02/07/2025,23,18356,02/08/2025 4:00:00 AM
02/07/2025,24,17756,02/08/2025 5:00:00 AM
02/08/2025,1,17044,02/08/2025 6:00:00 AM
02/08/2025,2,16373,02/08/2025 7:00:00 AM
02/08/2025,3,16032,02/08/2025 8:00:00 AM
02/08/2025,4,15771,02/08/2025 9:00:00 AM
02/08/2025,5,15568,02/08/2025 10:00:00 AM
02/08/2025,6,15602,02/08/2025 11:00:00 AM
02/08/2025,7,15739,02/08/2025 12:00:00 PM
02/08/2025,8,16054,02/08/2025 1:00:00 PM
02/08/2025,9,16357,02/08/2025 2:00:00 PM
02/08/2025,10,16982,02/08/2025 3:00:00 PM
02/08/2025,11,17588,02/08/2025 4:00:00 PM
02/08/2025,12,18201,02/08/2025 5:00:00 PM
02/08/2025,13,18505,02/08/2025 6:00:00 PM
02/08/2025,14,18861,02/08/2025 7:00:00 PM
02/08/2025,15,19251,02/08/2025 8:00:00 PM
02/08/2025,16,19630,02/08/2025 9:00:00 PM
02/08/2025,17,19732,02/08/2025 10:00:00 PM
02/08/2025,18,19604,02/08/2025 11:00:00 PM
02/08/2025,19,19444,02/09/2025 12:00:00 AM
02/08/2025,20,19652,02/09/2025 1:00:00 AM
02/08/2025,21,19139,02/09/2025 2:00:00 AM
02/08/2025,22,18795,02/09/2025 3:00:00 AM
02/08/2025,23,18237,02/09/2025 4:00:00 AM
02/08/2025,24,17695,02/09/2025 5:00:00 AM
02/09/2025,1,16942,02/09/2025 6:00:00 AM
02/09/2025,2,16439,02/09/2025 7:00:00 AM
02/09/2025,3,16061,02/09/2025 8:00:00 AM
02/09/2025,4,15670,02/09/2025 9:00:00 AM
02/09/2025,5,15649,02/09/2025 10:00:00 AM
02/09/2025,6,15467,02/09/2025 11:00:00 AM
02/09/2025,7,15607,02/09/2025 12:00:00 PM
02/09/2025,8,15942,02/09/2025 1:00:00 PM
02/09/2025,9,16215,02/09/2025 2:00:00 PM
02/09/2025,10,16958,02/09/2025 3:00:00 PM
02/09/2025,11,17695,02/09/2025 4:00:00 PM
02/09/2025,12,18274,02/09/2025 5:00:00 PM
02/09/2025,13,18863,02/09/2025 6:00:00 PM
02/09/2025,14,19593,02/09/2025 7:00:00 PM
02/09/2025,15,19926,02/09/2025 8:00:00 PM
02/09/2025,16,20303,02/09/2025 9:00:00 PM
02/09/2025,17,20330,02/09/2025 10:00:00 PM
02/09/2025,18,20403,02/09/2025 11:00:00 PM
02/09/2025,19,20141,02/10/2025 12:00:00 AM
02/09/2025,20,19971,02/10/2025 1:00:00 AM
02/09/2025,21,19675,02/10/2025 2:00:00 AM
02/09/2025,22,19286,02/10/2025 3:00:00 AM
02/09/2025,23,18992,02/10/2025 4:00:00 AM
02/09/2025,24,18515,02/10/2025 5:00:00 AM
02/10/2025,1,17539,02/10/2025 6:00:00 AM
02/10/2025,2,16794,02/10/2025 7:00:00 AM
02/10/2025,3,16360,02/10/2025 8:00:00 AM
02/10/2025,4,16223,02/10/2025 9:00:00 AM
02/10/2025,5,16190,02/10/2025 10:00:00 AM
02/10/2025,6,16333,02/10/2025 11:00:00 AM
02/10/2025,7,17199,02/10/2025 12:00:00 PM
02/10/2025,8,18408,02/10/2025 1:00:00 PM
02/10/2025,9,19022,02/10/2025 2:00:00 PM
02/10/2025,10,18837,02/10/2025 3:00:00 PM
02/10/2025,11,18936,02/10/2025 4:00:00 PM
02/10/2025,12,19068,02/10/2025 5:00:00 PM
02/10/2025,13,19094,02/10/2025 6:00:00 PM
02/10/2025,14,19144,02/10/2025 7:00:00 PM
02/10/2025,15,19238,02/10/2025 8:00:00 PM
02/10/2025,16,19447,02/10/2025 9:00:00 PM
02/10/2025,17,19596,02/10/2025 10:00:00 PM
02/10/2025,18,19676,02/10/2025 11:00:00 PM
02/10/2025,19,19847,02/11/2025 12:00:00 AM
02/10/2025,20,20346,02/11/2025 1:00:00 AM
02/10/2025,21,20268,02/11/2025 2:00:00 AM
02/10/2025,22,20089,02/11/2025 3:00:00 AM
02/10/2025,23,19459,02/11/2025 4:00:00 AM
02/10/2025,24,18494,02/11/2025 5:00:00 AM
02/11/2025,1,17591,02/11/2025 6:00:00 AM
02/11/2025,2,16991,02/11/2025 7:00:00 AM
02/11/2025,3,16671,02/11/2025 8:00:00 AM
02/11/2025,4,16358,02/11/2025 9:00:00 AM
02/11/2025,5,16406,02/11/2025 10:00:00 AM
02/11/2025,6,16639,02/11/2025 11:00:00 AM
02/11/2025,7,17317,02/11/2025 12:00:00 PM
02/11/2025,8,18436,02/11/2025 1:00:00 PM
02/11/2025,9,18826,02/11/2025 2:00:00 PM
02/11/2025,10,19146,02/11/2025 3:00:00 PM
02/11/2025,11,19489,02/11/2025 4:00:00 PM
02/11/2025,12,19688,02/11/2025 5:00:00 PM
02/11/2025,13,19831,02/11/2025 6:00:00 PM
02/11/2025,14,19912,02/11/2025 7:00:00 PM
02/11/2025,15,20019,02/11/2025 8:00:00 PM
02/11/2025,16,20044,02/11/2025 9:00:00 PM
02/11/2025,17,20063,02/11/2025 10:00:00 PM
02/11/2025,18,20066,02/11/2025 11:00:00 PM
02/11/2025,19,20309,02/12/2025 12:00:00 AM
02/11/2025,20,20973,02/12/2025 1:00:00 AM
02/11/2025,21,20903,02/12/2025 2:00:00 AM
02/11/2025,22,20272,02/12/2025 3:00:00 AM
02/11/2025,23,19657,02/12/2025 4:00:00 AM
02/11/2025,24,18882,02/12/2025 5:00:00 AM
02/12/2025,1,18013,02/12/2025 6:00:00 AM
02/12/2025,2,17293,02/12/2025 7:00:00 AM
02/12/2025,3,16958,02/12/2025 8:00:00 AM
02/12/2025,4,16812,02/12/2025 9:00:00 AM
02/12/2025,5,16782,02/12/2025 10:00:00 AM
02/12/2025,6,16981,02/12/2025 11:00:00 AM
02/12/2025,7,17467,02/12/2025 12:00:00 PM
02/12/2025,8,18579,02/12/2025 1:00:00 PM
02/12/2025,9,19222,02/12/2025 2:00:00 PM
02/12/2025,10,19250,02/12/2025 3:00:00 PM
02/12/2025,11,19482,02/12/2025 4:00:00 PM
02/12/2025,12,19813,02/12/2025 5:00:00 PM
02/12/2025,13,19995,02/12/2025 6:00:00 PM
02/12/2025,14,20136,02/12/2025 7:00:00 PM
02/12/2025,15,20160,02/12/2025 8:00:00 PM
02/12/2025,16,19971,02/12/2025 9:00:00 PM
02/12/2025,17,20073,02/12/2025 10:00:00 PM
02/12/2025,18,20185,02/12/2025 11:00:00 PM
02/12/2025,19,20393,02/13/2025 12:00:00 AM
02/12/2025,20,20843,02/13/2025 1:00:00 AM
02/12/2025,21,20659,02/13/2025 2:00:00 AM
02/12/2025,22,20498,02/13/2025 3:00:00 AM
02/12/2025,23,19981,02/13/2025 4:00:00 AM
02/12/2025,24,18957,02/13/2025 5:00:00 AM
02/13/2025,1,18293,02/13/2025 6:00:00 AM
02/13/2025,2,17723,02/13/2025 7:00:00 AM
02/13/2025,3,17395,02/13/2025 8:00:00 AM
02/13/2025,4,17262,02/13/2025 9:00:00 AM
02/13/2025,5,17520,02/13/2025 10:00:00 AM
02/13/2025,6,17724,02/13/2025 11:00:00 AM
02/13/2025,7,18629,02/13/2025 12:00:00 PM
02/13/2025,8,20176,02/13/2025 1:00:00 PM
02/13/2025,9,20883,02/13/2025 2:00:00 PM
02/13/2025,10,21072,02/13/2025 3:00:00 PM
02/13/2025,11,21085,02/13/2025 4:00:00 PM
02/13/2025,12,20757,02/13/2025 5:00:00 PM
02/13/2025,13,20296,02/13/2025 6:00:00 PM
02/13/2025,14,19902,02/13/2025 7:00:00 PM
02/13/2025,15,19483,02/13/2025 8:00:00 PM
02/13/2025,16,19042,02/13/2025 9:00:00 PM
02/13/2025,17,18747,02/13/2025 10:00:00 PM
02/13/2025,18,19134,02/13/2025 11:00:00 PM
02/13/2025,19,19878,02/14/2025 12:00:00 AM
02/13/2025,20,21192,02/14/2025 1:00:00 AM
02/13/2025,21,21672,02/14/2025 2:00:00 AM
02/13/2025,22,21768,02/14/2025 3:00:00 AM
02/13/2025,23,21624,02/14/2025 4:00:00 AM
02/13/2025,24,20944,02/14/2025 5:00:00 AM
02/14/2025,1,20363,02/14/2025 6:00:00 AM
02/14/2025,2,19885,02/14/2025 7:00:00 AM
02/14/2025,3,19743,02/14/2025 8:00:00 AM
02/14/2025,4,19802,02/14/2025 9:00:00 AM
02/14/2025,5,20066,02/14/2025 10:00:00 AM
02/14/2025,6,20486,02/14/2025 11:00:00 AM
02/14/2025,7,21373,02/14/2025 12:00:00 PM
02/14/2025,8,22660,02/14/2025 1:00:00 PM
02/14/2025,9,22926,02/14/2025 2:00:00 PM
02/14/2025,10,23044,02/14/2025 3:00:00 PM
02/14/2025,11,22889,02/14/2025 4:00:00 PM
02/14/2025,12,22183,02/14/2025 5:00:00 PM
02/14/2025,13,21232,02/14/2025 6:00:00 PM
02/14/2025,14,20496,02/14/2025 7:00:00 PM
02/14/2025,15,19784,02/14/2025 8:00:00 PM
02/14/2025,16,19163,02/14/2025 9:00:00 PM
02/14/2025,17,18894,02/14/2025 10:00:00 PM
02/14/2025,18,19184,02/14/2025 11:00:00 PM
02/14/2025,19,19657,02/15/2025 12:00:00 AM
02/14/2025,20,20266,02/15/2025 1:00:00 AM
02/14/2025,21,19946,02/15/2025 2:00:00 AM
02/14/2025,22,19542,02/15/2025 3:00:00 AM
02/14/2025,23,19222,02/15/2025 4:00:00 AM
02/14/2025,24,18577,02/15/2025 5:00:00 AM
02/15/2025,1,17729,02/15/2025 6:00:00 AM
02/15/2025,2,17182,02/15/2025 7:00:00 AM
02/15/2025,3,16636,02/15/2025 8:00:00 AM
02/15/2025,4,16520,02/15/2025 9:00:00 AM
02/15/2025,5,16282,02/15/2025 10:00:00 AM
02/15/2025,6,15951,02/15/2025 11:00:00 AM
02/15/2025,7,16085,02/15/2025 12:00:00 PM
02/15/2025,8,16349,02/15/2025 1:00:00 PM
02/15/2025,9,16785,02/15/2025 2:00:00 PM
02/15/2025,10,17295,02/15/2025 3:00:00 PM
02/15/2025,11,17614,02/15/2025 4:00:00 PM
02/15/2025,12,17832,02/15/2025 5:00:00 PM
02/15/2025,13,18181,02/15/2025 6:00:00 PM
02/15/2025,14,18342,02/15/2025 7:00:00 PM
02/15/2025,15,18434,02/15/2025 8:00:00 PM
02/15/2025,16,18485,02/15/2025 9:00:00 PM
02/15/2025,17,18591,02/15/2025 10:00:00 PM
02/15/2025,18,18656,02/15/2025 11:00:00 PM
02/15/2025,19,18861,02/16/2025 12:00:00 AM
02/15/2025,20,19077,02/16/2025 1:00:00 AM
02/15/2025,21,18776,02/16/2025 2:00:00 AM
02/15/2025,22,18526,02/16/2025 3:00:00 AM
02/15/2025,23,18154,02/16/2025 4:00:00 AM
02/15/2025,24,17569,02/16/2025 5:00:00 AM
02/16/2025,1,17001,02/16/2025 6:00:00 AM
02/16/2025,2,16470,02/16/2025 7:00:00 AM
02/16/2025,3,16014,02/16/2025 8:00:00 AM
02/16/2025,4,15780,02/16/2025 9:00:00 AM
02/16/2025,5,15693,02/16/2025 10:00:00 AM
02/16/2025,6,15647,02/16/2025 11:00:00 AM
02/16/2025,7,16045,02/16/2025 12:00:00 PM
02/16/2025,8,16651,02/16/2025 1:00:00 PM
02/16/2025,9,17358,02/16/2025 2:00:00 PM
02/16/2025,10,18516,02/16/2025 3:00:00 PM
02/16/2025,11,19315,02/16/2025 4:00:00 PM
02/16/2025,12,19379,02/16/2025 5:00:00 PM
02/16/2025,13,19123,02/16/2025 6:00:00 PM
02/16/2025,14,19096,02/16/2025 7:00:00 PM
02/16/2025,15,18875,02/16/2025 8:00:00 PM
02/16/2025,16,18614,02/16/2025 9:00:00 PM
02/16/2025,17,18458,02/16/2025 10:00:00 PM
02/16/2025,18,18675,02/16/2025 11:00:00 PM
02/16/2025,19,19292,02/17/2025 12:00:00 AM
02/16/2025,20,20620,02/17/2025 1:00:00 AM
02/16/2025,21,21258,02/17/2025 2:00:00 AM
02/16/2025,22,21380,02/17/2025 3:00:00 AM
02/16/2025,23,21250,02/17/2025 4:00:00 AM
02/16/2025,24,20713,02/17/2025 5:00:00 AM
02/17/2025,1,20321,02/17/2025 6:00:00 AM
02/17/2025,2,20219,02/17/2025 7:00:00 AM
02/17/2025,3,20211,02/17/2025 8:00:00 AM
02/17/2025,4,20318,02/17/2025 9:00:00 AM
02/17/2025,5,20667,02/17/2025 10:00:00 AM
02/17/2025,6,21362,02/17/2025 11:00:00 AM
02/17/2025,7,22635,02/17/2025 12:00:00 PM
02/17/2025,8,24287,02/17/2025 1:00:00 PM
02/17/2025,9,24935,02/17/2025 2:00:00 PM
02/17/2025,10,24433,02/17/2025 3:00:00 PM
02/17/2025,11,23502,02/17/2025 4:00:00 PM
02/17/2025,12,22698,02/17/2025 5:00:00 PM
02/17/2025,13,21604,02/17/2025 6:00:00 PM
02/17/2025,14,20641,02/17/2025 7:00:00 PM
02/17/2025,15,19842,02/17/2025 8:00:00 PM
02/17/2025,16,19313,02/17/2025 9:00:00 PM
02/17/2025,17,19034,02/17/2025 10:00:00 PM
02/17/2025,18,19158,02/17/2025 11:00:00 PM
02/17/2025,19,19950,02/18/2025 12:00:00 AM
02/17/2025,20,21404,02/18/2025 1:00:00 AM
02/17/2025,21,21850,02/18/2025 2:00:00 AM
02/17/2025,22,21952,02/18/2025 3:00:00 AM
02/17/2025,23,21726,02/18/2025 4:00:00 AM
02/17/2025,24,21179,02/18/2025 5:00:00 AM
02/18/2025,1,20593,02/18/2025 6:00:00 AM
02/18/2025,2,20189,02/18/2025 7:00:00 AM
02/18/2025,3,20215,02/18/2025 8:00:00 AM
02/18/2025,4,20208,02/18/2025 9:00:00 AM
02/18/2025,5,20212,02/18/2025 10:00:00 AM
02/18/2025,6,20734,02/18/2025 11:00:00 AM
02/18/2025,7,21513,02/18/2025 12:00:00 PM
02/18/2025,8,22800,02/18/2025 1:00:00 PM
02/18/2025,9,23182,02/18/2025 2:00:00 PM
02/18/2025,10,22931,02/18/2025 3:00:00 PM
02/18/2025,11,22536,02/18/2025 4:00:00 PM
02/18/2025,12,21902,02/18/2025 5:00:00 PM
02/18/2025,13,21353,02/18/2025 6:00:00 PM
02/18/2025,14,20887,02/18/2025 7:00:00 PM
02/18/2025,15,20571,02/18/2025 8:00:00 PM
02/18/2025,16,20395,02/18/2025 9:00:00 PM
02/18/2025,17,20433,02/18/2025 10:00:00 PM
02/18/2025,18,20797,02/18/2025 11:00:00 PM
02/18/2025,19,21395,02/19/2025 12:00:00 AM
02/18/2025,20,22093,02/19/2025 1:00:00 AM
02/18/2025,21,22286,02/19/2025 2:00:00 AM
02/18/2025,22,22045,02/19/2025 3:00:00 AM
02/18/2025,23,21485,02/19/2025 4:00:00 AM
02/18/2025,24,20917,02/19/2025 5:00:00 AM
02/19/2025,1,20224,02/19/2025 6:00:00 AM
02/19/2025,2,20214,02/19/2025 7:00:00 AM
02/19/2025,3,20164,02/19/2025 8:00:00 AM
02/19/2025,4,20433,02/19/2025 9:00:00 AM
02/19/2025,5,20835,02/19/2025 10:00:00 AM
02/19/2025,6,21314,02/19/2025 11:00:00 AM
02/19/2025,7,22461,02/19/2025 12:00:00 PM
02/19/2025,8,24198,02/19/2025 1:00:00 PM
02/19/2025,9,24961,02/19/2025 2:00:00 PM
02/19/2025,10,25212,02/19/2025 3:00:00 PM
02/19/2025,11,25655,02/19/2025 4:00:00 PM
02/19/2025,12,25792,02/19/2025 5:00:00 PM
02/19/2025,13,25831,02/19/2025 6:00:00 PM
02/19/2025,14,25776,02/19/2025 7:00:00 PM
02/19/2025,15,25902,02/19/2025 8:00:00 PM
02/19/2025,16,25745,02/19/2025 9:00:00 PM
02/19/2025,17,26183,02/19/2025 10:00:00 PM
02/19/2025,18,27060,02/19/2025 11:00:00 PM
02/19/2025,19,28188,02/20/2025 12:00:00 AM
02/19/2025,20,29314,02/20/2025 1:00:00 AM
02/19/2025,21,29594,02/20/2025 2:00:00 AM
02/19/2025,22,29535,02/20/2025 3:00:00 AM
02/19/2025,23,29094,02/20/2025 4:00:00 AM
02/19/2025,24,28565,02/20/2025 5:00:00 AM
02/20/2025,1,28110,02/20/2025 6:00:00 AM
02/20/2025,2,27959,02/20/2025 7:00:00 AM
02/20/2025,3,27890,02/20/2025 8:00:00 AM
02/20/2025,4,28133,02/20/2025 9:00:00 AM
02/20/2025,5,28243,02/20/2025 10:00:00 AM
02/20/2025,6,28774,02/20/2025 11:00:00 AM
02/20/2025,7,29920,02/20/2025 12:00:00 PM
02/20/2025,8,31128,02/20/2025 1:00:00 PM
02/20/2025,9,31355,02/20/2025 2:00:00 PM
02/20/2025,10,30482,02/20/2025 3:00:00 PM
02/20/2025,11,29700,02/20/2025 4:00:00 PM
02/20/2025,12,28695,02/20/2025 5:00:00 PM
02/20/2025,13,27704,02/20/2025 6:00:00 PM
02/20/2025,14,26932,02/20/2025 7:00:00 PM
02/20/2025,15,25814,02/20/2025 8:00:00 PM
02/20/2025,16,24970,02/20/2025 9:00:00 PM
02/20/2025,17,24498,02/20/2025 10:00:00 PM
02/20/2025,18,24700,02/20/2025 11:00:00 PM
02/20/2025,19,25965,02/21/2025 12:00:00 AM
02/20/2025,20,27723,02/21/2025 1:00:00 AM
02/20/2025,21,28445,02/21/2025 2:00:00 AM
02/20/2025,22,28661,02/21/2025 3:00:00 AM
02/20/2025,23,28380,02/21/2025 4:00:00 AM
02/20/2025,24,27716,02/21/2025 5:00:00 AM
02/21/2025,1,27406,02/21/2025 6:00:00 AM
02/21/2025,2,27357,02/21/2025 7:00:00 AM
02/21/2025,3,27410,02/21/2025 8:00:00 AM
02/21/2025,4,27499,02/21/2025 9:00:00 AM
02/21/2025,5,27736,02/21/2025 10:00:00 AM
02/21/2025,6,28311,02/21/2025 11:00:00 AM
02/21/2025,7,29197,02/21/2025 12:00:00 PM
02/21/2025,8,30158,02/21/2025 1:00:00 PM
02/21/2025,9,30019,02/21/2025 2:00:00 PM
02/21/2025,10,29116,02/21/2025 3:00:00 PM
02/21/2025,11,28263,02/21/2025 4:00:00 PM
02/21/2025,12,26938,02/21/2025 5:00:00 PM
02/21/2025,13,25933,02/21/2025 6:00:00 PM
02/21/2025,14,25020,02/21/2025 7:00:00 PM
02/21/2025,15,24312,02/21/2025 8:00:00 PM
02/21/2025,16,23496,02/21/2025 9:00:00 PM
02/21/2025,17,23386,02/21/2025 10:00:00 PM
02/21/2025,18,23668,02/21/2025 11:00:00 PM
02/21/2025,19,24475,02/22/2025 12:00:00 AM
02/21/2025,20,25314,02/22/2025 1:00:00 AM
02/21/2025,21,25359,02/22/2025 2:00:00 AM
02/21/2025,22,25151,02/22/2025 3:00:00 AM
02/21/2025,23,24691,02/22/2025 4:00:00 AM
02/21/2025,24,23950,02/22/2025 5:00:00 AM
02/22/2025,1,23428,02/22/2025 6:00:00 AM
02/22/2025,2,22933,02/22/2025 7:00:00 AM
02/22/2025,3,22667,02/22/2025 8:00:00 AM
02/22/2025,4,22683,02/22/2025 9:00:00 AM
02/22/2025,5,22553,02/22/2025 10:00:00 AM
02/22/2025,6,22768,02/22/2025 11:00:00 AM
02/22/2025,7,23029,02/22/2025 12:00:00 PM
02/22/2025,8,23811,02/22/2025 1:00:00 PM
02/22/2025,9,24159,02/22/2025 2:00:00 PM
02/22/2025,10,24328,02/22/2025 3:00:00 PM
02/22/2025,11,24029,02/22/2025 4:00:00 PM
02/22/2025,12,23306,02/22/2025 5:00:00 PM
02/22/2025,13,22373,02/22/2025 6:00:00 PM
02/22/2025,14,21286,02/22/2025 7:00:00 PM
02/22/2025,15,20565,02/22/2025 8:00:00 PM
02/22/2025,16,19863,02/22/2025 9:00:00 PM
02/22/2025,17,19748,02/22/2025 10:00:00 PM
02/22/2025,18,19836,02/22/2025 11:00:00 PM
02/22/2025,19,20515,02/23/2025 12:00:00 AM
02/22/2025,20,21439,02/23/2025 1:00:00 AM
02/22/2025,21,21729,02/23/2025 2:00:00 AM
02/22/2025,22,21806,02/23/2025 3:00:00 AM
02/22/2025,23,21644,02/23/2025 4:00:00 AM
02/22/2025,24,21236,02/23/2025 5:00:00 AM
02/23/2025,1,20636,02/23/2025 6:00:00 AM
02/23/2025,2,20339,02/23/2025 7:00:00 AM
02/23/2025,3,20064,02/23/2025 8:00:00 AM
02/23/2025,4,20160,02/23/2025 9:00:00 AM
02/23/2025,5,20384,02/23/2025 10:00:00 AM
02/23/2025,6,20633,02/23/2025 11:00:00 AM
02/23/2025,7,20973,02/23/2025 12:00:00 PM
02/23/2025,8,21609,02/23/2025 1:00:00 PM
02/23/2025,9,22047,02/23/2025 2:00:00 PM
02/23/2025,10,22464,02/23/2025 3:00:00 PM
02/23/2025,11,22581,02/23/2025 4:00:00 PM
02/23/2025,12,22228,02/23/2025 5:00:00 PM
02/23/2025,13,21766,02/23/2025 6:00:00 PM
02/23/2025,14,21728,02/23/2025 7:00:00 PM
02/23/2025,15,21508,02/23/2025 8:00:00 PM
02/23/2025,16,21103,02/23/2025 9:00:00 PM
02/23/2025,17,20952,02/23/2025 10:00:00 PM
02/23/2025,18,20906,02/23/2025 11:00:00 PM
02/23/2025,19,21415,02/24/2025 12:00:00 AM
02/23/2025,20,22011,02/24/2025 1:00:00 AM
02/23/2025,21,22185,02/24/2025 2:00:00 AM
02/23/2025,22,21949,02/24/2025 3:00:00 AM
02/23/2025,23,21256,02/24/2025 4:00:00 AM
02/23/2025,24,20423,02/24/2025 5:00:00 AM
02/24/2025,1,19817,02/24/2025 6:00:00 AM
02/24/2025,2,19345,02/24/2025 7:00:00 AM
02/24/2025,3,19288,02/24/2025 8:00:00 AM
02/24/2025,4,19326,02/24/2025 9:00:00 AM
02/24/2025,5,19347,02/24/2025 10:00:00 AM
02/24/2025,6,19891,02/24/2025 11:00:00 AM
02/24/2025,7,20866,02/24/2025 12:00:00 PM
02/24/2025,8,22397,02/24/2025 1:00:00 PM
02/24/2025,9,22719,02/24/2025 2:00:00 PM
02/24/2025,10,22259,02/24/2025 3:00:00 PM
02/24/2025,11,21643,02/24/2025 4:00:00 PM
02/24/2025,12,20864,02/24/2025 5:00:00 PM
02/24/2025,13,20193,02/24/2025 6:00:00 PM
02/24/2025,14,19384,02/24/2025 7:00:00 PM
02/24/2025,15,18559,02/24/2025 8:00:00 PM
02/24/2025,16,17957,02/24/2025 9:00:00 PM
02/24/2025,17,17664,02/24/2025 10:00:00 PM
02/24/2025,18,17503,02/24/2025 11:00:00 PM
02/24/2025,19,18066,02/25/2025 12:00:00 AM
02/24/2025,20,18880,02/25/2025 1:00:00 AM
02/24/2025,21,19216,02/25/2025 2:00:00 AM
02/24/2025,22,19278,02/25/2025 3:00:00 AM
02/24/2025,23,19009,02/25/2025 4:00:00 AM
02/24/2025,24,18376,02/25/2025 5:00:00 AM
02/25/2025,1,17824,02/25/2025 6:00:00 AM
02/25/2025,2,17525,02/25/2025 7:00:00 AM
02/25/2025,3,17431,02/25/2025 8:00:00 AM
02/25/2025,4,17347,02/25/2025 9:00:00 AM
02/25/2025,5,17529,02/25/2025 10:00:00 AM
02/25/2025,6,18117,02/25/2025 11:00:00 AM
02/25/2025,7,19107,02/25/2025 12:00:00 PM
02/25/2025,8,20663,02/25/2025 1:00:00 PM
02/25/2025,9,20959,02/25/2025 2:00:00 PM
02/25/2025,10,20169,02/25/2025 3:00:00 PM
02/25/2025,11,19517,02/25/2025 4:00:00 PM
02/25/2025,12,18763,02/25/2025 5:00:00 PM
02/25/2025,13,17918,02/25/2025 6:00:00 PM
02/25/2025,14,17499,02/25/2025 7:00:00 PM
02/25/2025,15,17398,02/25/2025 8:00:00 PM
02/25/2025,16,17254,02/25/2025 9:00:00 PM
02/25/2025,17,17248,02/25/2025 10:00:00 PM
02/25/2025,18,17452,02/25/2025 11:00:00 PM
02/25/2025,19,17818,02/26/2025 12:00:00 AM
02/25/2025,20,18323,02/26/2025 1:00:00 AM
02/25/2025,21,18458,02/26/2025 2:00:00 AM
02/25/2025,22,18280,02/26/2025 3:00:00 AM
02/25/2025,23,17784,02/26/2025 4:00:00 AM
02/25/2025,24,17156,02/26/2025 5:00:00 AM
02/26/2025,1,16535,02/26/2025 6:00:00 AM
02/26/2025,2,16138,02/26/2025 7:00:00 AM
02/26/2025,3,16052,02/26/2025 8:00:00 AM
02/26/2025,4,16184,02/26/2025 9:00:00 AM
02/26/2025,5,16381,02/26/2025 10:00:00 AM
02/26/2025,6,16971,02/26/2025 11:00:00 AM
02/26/2025,7,17966,02/26/2025 12:00:00 PM
02/26/2025,8,19154,02/26/2025 1:00:00 PM
02/26/2025,9,19452,02/26/2025 2:00:00 PM
02/26/2025,10,18821,02/26/2025 3:00:00 PM
02/26/2025,11,18030,02/26/2025 4:00:00 PM
02/26/2025,12,17473,02/26/2025 5:00:00 PM
02/26/2025,13,17115,02/26/2025 6:00:00 PM
02/26/2025,14,16983,02/26/2025 7:00:00 PM
02/26/2025,15,17291,02/26/2025 8:00:00 PM
02/26/2025,16,17282,02/26/2025 9:00:00 PM
02/26/2025,17,17626,02/26/2025 10:00:00 PM
02/26/2025,18,17947,02/26/2025 11:00:00 PM
02/26/2025,19,17972,02/27/2025 12:00:00 AM
02/26/2025,20,18539,02/27/2025 1:00:00 AM
02/26/2025,21,18782,02/27/2025 2:00:00 AM
02/26/2025,22,18447,02/27/2025 3:00:00 AM
02/26/2025,23,17870,02/27/2025 4:00:00 AM
02/26/2025,24,16865,02/27/2025 5:00:00 AM
02/27/2025,1,16134,02/27/2025 6:00:00 AM
02/27/2025,2,15607,02/27/2025 7:00:00 AM
02/27/2025,3,15457,02/27/2025 8:00:00 AM
02/27/2025,4,15371,02/27/2025 9:00:00 AM
02/27/2025,5,15498,02/27/2025 10:00:00 AM
02/27/2025,6,15714,02/27/2025 11:00:00 AM
02/27/2025,7,16502,02/27/2025 12:00:00 PM
02/27/2025,8,17720,02/27/2025 1:00:00 PM
02/27/2025,9,17995,02/27/2025 2:00:00 PM
02/27/2025,10,17750,02/27/2025 3:00:00 PM
02/27/2025,11,17629,02/27/2025 4:00:00 PM
02/27/2025,12,17625,02/27/2025 5:00:00 PM
02/27/2025,13,17682,02/27/2025 6:00:00 PM
02/27/2025,14,17630,02/27/2025 7:00:00 PM
02/27/2025,15,17603,02/27/2025 8:00:00 PM
02/27/2025,16,17589,02/27/2025 9:00:00 PM
02/27/2025,17,17608,02/27/2025 10:00:00 PM
02/27/2025,18,17686,02/27/2025 11:00:00 PM
02/27/2025,19,17717,02/28/2025 12:00:00 AM
02/27/2025,20,18231,02/28/2025 1:00:00 AM
02/27/2025,21,18588,02/28/2025 2:00:00 AM
02/27/2025,22,18370,02/28/2025 3:00:00 AM
02/27/2025,23,17973,02/28/2025 4:00:00 AM
02/27/2025,24,17374,02/28/2025 5:00:00 AM
02/28/2025,1,16662,02/28/2025 6:00:00 AM
02/28/2025,2,16247,02/28/2025 7:00:00 AM
02/28/2025,3,16157,02/28/2025 8:00:00 AM
02/28/2025,4,16234,02/28/2025 9:00:00 AM
02/28/2025,5,16361,02/28/2025 10:00:00 AM
02/28/2025,6,16849,02/28/2025 11:00:00 AM
02/28/2025,7,18007,02/28/2025 12:00:00 PM
02/28/2025,8,19464,02/28/2025 1:00:00 PM
02/28/2025,9,19952,02/28/2025 2:00:00 PM
02/28/2025,10,19315,02/28/2025 3:00:00 PM
02/28/2025,11,18442,02/28/2025 4:00:00 PM
02/28/2025,12,17748,02/28/2025 5:00:00 PM
02/28/2025,13,17347,02/28/2025 6:00:00 PM
02/28/2025,14,17004,02/28/2025 7:00:00 PM
02/28/2025,15,17118,02/28/2025 8:00:00 PM
02/28/2025,16,17075,02/28/2025 9:00:00 PM
02/28/2025,17,17114,02/28/2025 10:00:00 PM
02/28/2025,18,17216,02/28/2025 11:00:00 PM
02/28/2025,19,17273,03/01/2025 12:00:00 AM
02/28/2025,20,17522,03/01/2025 1:00:00 AM
02/28/2025,21,17622,03/01/2025 2:00:00 AM
02/28/2025,22,17378,03/01/2025 3:00:00 AM
02/28/2025,23,17103,03/01/2025 4:00:00 AM
02/28/2025,24,16774,03/01/2025 5:00:00 AM
03/01/2025,1,16237,03/01/2025 6:00:00 AM
03/01/2025,2,15661,03/01/2025 7:00:00 AM
03/01/2025,3,15451,03/01/2025 8:00:00 AM
03/01/2025,4,15389,03/01/2025 9:00:00 AM
03/01/2025,5,15456,03/01/2025 10:00:00 AM
03/01/2025,6,15674,03/01/2025 11:00:00 AM
03/01/2025,7,16172,03/01/2025 12:00:00 PM
03/01/2025,8,16762,03/01/2025 1:00:00 PM
03/01/2025,9,17251,03/01/2025 2:00:00 PM
03/01/2025,10,17267,03/01/2025 3:00:00 PM
03/01/2025,11,17074,03/01/2025 4:00:00 PM
03/01/2025,12,16851,03/01/2025 5:00:00 PM
03/01/2025,13,16701,03/01/2025 6:00:00 PM
03/01/2025,14,16438,03/01/2025 7:00:00 PM
03/01/2025,15,16654,03/01/2025 8:00:00 PM
03/01/2025,16,16883,03/01/2025 9:00:00 PM
03/01/2025,17,17043,03/01/2025 10:00:00 PM
03/01/2025,18,17382,03/01/2025 11:00:00 PM
03/01/2025,19,17393,03/02/2025 12:00:00 AM
03/01/2025,20,17618,03/02/2025 1:00:00 AM
03/01/2025,21,17690,03/02/2025 2:00:00 AM
03/01/2025,22,17435,03/02/2025 3:00:00 AM
03/01/2025,23,17160,03/02/2025 4:00:00 AM
03/01/2025,24,16584,03/02/2025 5:00:00 AM
03/02/2025,1,16060,03/02/2025 6:00:00 AM
03/02/2025,2,15722,03/02/2025 7:00:00 AM
03/02/2025,3,15521,03/02/2025 8:00:00 AM
03/02/2025,4,15608,03/02/2025 9:00:00 AM
03/02/2025,5,15855,03/02/2025 10:00:00 AM
03/02/2025,6,16021,03/02/2025 11:00:00 AM
03/02/2025,7,16469,03/02/2025 12:00:00 PM
03/02/2025,8,16957,03/02/2025 1:00:00 PM
03/02/2025,9,17667,03/02/2025 2:00:00 PM
03/02/2025,10,17989,03/02/2025 3:00:00 PM
03/02/2025,11,17774,03/02/2025 4:00:00 PM
03/02/2025,12,17260,03/02/2025 5:00:00 PM
03/02/2025,13,16954,03/02/2025 6:00:00 PM
03/02/2025,14,16793,03/02/2025 7:00:00 PM
03/02/2025,15,16594,03/02/2025 8:00:00 PM
03/02/2025,16,16480,03/02/2025 9:00:00 PM
03/02/2025,17,16349,03/02/2025 10:00:00 PM
03/02/2025,18,16716,03/02/2025 11:00:00 PM
03/02/2025,19,17137,03/03/2025 12:00:00 AM
03/02/2025,20,17674,03/03/2025 1:00:00 AM
03/02/2025,21,18093,03/03/2025 2:00:00 AM
03/02/2025,22,18152,03/03/2025 3:00:00 AM
03/02/2025,23,17734,03/03/2025 4:00:00 AM
03/02/2025,24,17150,03/03/2025 5:00:00 AM
03/03/2025,1,16514,03/03/2025 6:00:00 AM
03/03/2025,2,16133,03/03/2025 7:00:00 AM
03/03/2025,3,15876,03/03/2025 8:00:00 AM
03/03/2025,4,16005,03/03/2025 9:00:00 AM
03/03/2025,5,16083,03/03/2025 10:00:00 AM
03/03/2025,6,16366,03/03/2025 11:00:00 AM
03/03/2025,7,17248,03/03/2025 12:00:00 PM
03/03/2025,8,18592,03/03/2025 1:00:00 PM
03/03/2025,9,19004,03/03/2025 2:00:00 PM
03/03/2025,10,18806,03/03/2025 3:00:00 PM
03/03/2025,11,18680,03/03/2025 4:00:00 PM
03/03/2025,12,18470,03/03/2025 5:00:00 PM
03/03/2025,13,18162,03/03/2025 6:00:00 PM
03/03/2025,14,17884,03/03/2025 7:00:00 PM
03/03/2025,15,17794,03/03/2025 8:00:00 PM
03/03/2025,16,17574,03/03/2025 9:00:00 PM
03/03/2025,17,17526,03/03/2025 10:00:00 PM
03/03/2025,18,17659,03/03/2025 11:00:00 PM
03/03/2025,19,17885,03/04/2025 12:00:00 AM
03/03/2025,20,18509,03/04/2025 1:00:00 AM
03/03/2025,21,18718,03/04/2025 2:00:00 AM
03/03/2025,22,18380,03/04/2025 3:00:00 AM
03/03/2025,23,17828,03/04/2025 4:00:00 AM
03/03/2025,24,17171,03/04/2025 5:00:00 AM
03/04/2025,1,16408,03/04/2025 6:00:00 AM
03/04/2025,2,15939,03/04/2025 7:00:00 AM
03/04/2025,3,15545,03/04/2025 8:00:00 AM
03/04/2025,4,15468,03/04/2025 9:00:00 AM
03/04/2025,5,15386,03/04/2025 10:00:00 AM
03/04/2025,6,15496,03/04/2025 11:00:00 AM
03/04/2025,7,16059,03/04/2025 12:00:00 PM
03/04/2025,8,16768,03/04/2025 1:00:00 PM
03/04/2025,9,17035,03/04/2025 2:00:00 PM
03/04/2025,10,17146,03/04/2025 3:00:00 PM
03/04/2025,11,17271,03/04/2025 4:00:00 PM
03/04/2025,12,17428,03/04/2025 5:00:00 PM
03/04/2025,13,17528,03/04/2025 6:00:00 PM
03/04/2025,14,17427,03/04/2025 7:00:00 PM
03/04/2025,15,17485,03/04/2025 8:00:00 PM
03/04/2025,16,17475,03/04/2025 9:00:00 PM
03/04/2025,17,17465,03/04/2025 10:00:00 PM
03/04/2025,18,17387,03/04/2025 11:00:00 PM
03/04/2025,19,17452,03/05/2025 12:00:00 AM
03/04/2025,20,18049,03/05/2025 1:00:00 AM
03/04/2025,21,18129,03/05/2025 2:00:00 AM
03/04/2025,22,17718,03/05/2025 3:00:00 AM
03/04/2025,23,17303,03/05/2025 4:00:00 AM
03/04/2025,24,16660,03/05/2025 5:00:00 AM
03/05/2025,1,16100,03/05/2025 6:00:00 AM
03/05/2025,2,15692,03/05/2025 7:00:00 AM
03/05/2025,3,15377,03/05/2025 8:00:00 AM
03/05/2025,4,15490,03/05/2025 9:00:00 AM
03/05/2025,5,15516,03/05/2025 10:00:00 AM
03/05/2025,6,15815,03/05/2025 11:00:00 AM
03/05/2025,7,16680,03/05/2025 12:00:00 PM
03/05/2025,8,18097,03/05/2025 1:00:00 PM
03/05/2025,9,18603,03/05/2025 2:00:00 PM
03/05/2025,10,18669,03/05/2025 3:00:00 PM
03/05/2025,11,18586,03/05/2025 4:00:00 PM
03/05/2025,12,18333,03/05/2025 5:00:00 PM
03/05/2025,13,17916,03/05/2025 6:00:00 PM
03/05/2025,14,17672,03/05/2025 7:00:00 PM
03/05/2025,15,17588,03/05/2025 8:00:00 PM
03/05/2025,16,17371,03/05/2025 9:00:00 PM
03/05/2025,17,17248,03/05/2025 10:00:00 PM
03/05/2025,18,17466,03/05/2025 11:00:00 PM
03/05/2025,19,18030,03/06/2025 12:00:00 AM
03/05/2025,20,18908,03/06/2025 1:00:00 AM
03/05/2025,21,19476,03/06/2025 2:00:00 AM
03/05/2025,22,19429,03/06/2025 3:00:00 AM
03/05/2025,23,19126,03/06/2025 4:00:00 AM
03/05/2025,24,18614,03/06/2025 5:00:00 AM
03/06/2025,1,17975,03/06/2025 6:00:00 AM
03/06/2025,2,17705,03/06/2025 7:00:00 AM
03/06/2025,3,17687,03/06/2025 8:00:00 AM
03/06/2025,4,17899,03/06/2025 9:00:00 AM
03/06/2025,5,18092,03/06/2025 10:00:00 AM
03/06/2025,6,18773,03/06/2025 11:00:00 AM
03/06/2025,7,19848,03/06/2025 12:00:00 PM
03/06/2025,8,21337,03/06/2025 1:00:00 PM
03/06/2025,9,21750,03/06/2025 2:00:00 PM
03/06/2025,10,20753,03/06/2025 3:00:00 PM
03/06/2025,11,19709,03/06/2025 4:00:00 PM
03/06/2025,12,18956,03/06/2025 5:00:00 PM
03/06/2025,13,18179,03/06/2025 6:00:00 PM
03/06/2025,14,17596,03/06/2025 7:00:00 PM
03/06/2025,15,17284,03/06/2025 8:00:00 PM
03/06/2025,16,17110,03/06/2025 9:00:00 PM
03/06/2025,17,16982,03/06/2025 10:00:00 PM
03/06/2025,18,17077,03/06/2025 11:00:00 PM
03/06/2025,19,17354,03/07/2025 12:00:00 AM
03/06/2025,20,18368,03/07/2025 1:00:00 AM
03/06/2025,21,18905,03/07/2025 2:00:00 AM
03/06/2025,22,19019,03/07/2025 3:00:00 AM
03/06/2025,23,18532,03/07/2025 4:00:00 AM
03/06/2025,24,18028,03/07/2025 5:00:00 AM
03/07/2025,1,17270,03/07/2025 6:00:00 AM
03/07/2025,2,16976,03/07/2025 7:00:00 AM
03/07/2025,3,16968,03/07/2025 8:00:00 AM
03/07/2025,4,16932,03/07/2025 9:00:00 AM
03/07/2025,5,16934,03/07/2025 10:00:00 AM
03/07/2025,6,17462,03/07/2025 11:00:00 AM
03/07/2025,7,18172,03/07/2025 12:00:00 PM
03/07/2025,8,19474,03/07/2025 1:00:00 PM
03/07/2025,9,19698,03/07/2025 2:00:00 PM
03/07/2025,10,19195,03/07/2025 3:00:00 PM
03/07/2025,11,18590,03/07/2025 4:00:00 PM
03/07/2025,12,18104,03/07/2025 5:00:00 PM
03/07/2025,13,17830,03/07/2025 6:00:00 PM
03/07/2025,14,17718,03/07/2025 7:00:00 PM
03/07/2025,15,17555,03/07/2025 8:00:00 PM
03/07/2025,16,17493,03/07/2025 9:00:00 PM
03/07/2025,17,17516,03/07/2025 10:00:00 PM
03/07/2025,18,17367,03/07/2025 11:00:00 PM
03/07/2025,19,17549,03/08/2025 12:00:00 AM
03/07/2025,20,17998,03/08/2025 1:00:00 AM
03/07/2025,21,18152,03/08/2025 2:00:00 AM
03/07/2025,22,17913,03/08/2025 3:00:00 AM
03/07/2025,23,17612,03/08/2025 4:00:00 AM
03/07/2025,24,16955,03/08/2025 5:00:00 AM
03/08/2025,1,16263,03/08/2025 6:00:00 AM
03/08/2025,2,15716,03/08/2025 7:00:00 AM
03/08/2025,3,15360,03/08/2025 8:00:00 AM
03/08/2025,4,15178,03/08/2025 9:00:00 AM
03/08/2025,5,15045,03/08/2025 10:00:00 AM
03/08/2025,6,15193,03/08/2025 11:00:00 AM
03/08/2025,7,15529,03/08/2025 12:00:00 PM
03/08/2025,8,15936,03/08/2025 1:00:00 PM
03/08/2025,9,16244,03/08/2025 2:00:00 PM
03/08/2025,10,16816,03/08/2025 3:00:00 PM
03/08/2025,11,17227,03/08/2025 4:00:00 PM
03/08/2025,12,17681,03/08/2025 5:00:00 PM
03/08/2025,13,17567,03/08/2025 6:00:00 PM
03/08/2025,14,17627,03/08/2025 7:00:00 PM
03/08/2025,15,17680,03/08/2025 8:00:00 PM
03/08/2025,16,17645,03/08/2025 9:00:00 PM
03/08/2025,17,17729,03/08/2025 10:00:00 PM
03/08/2025,18,17741,03/08/2025 11:00:00 PM
03/08/2025,19,17840,03/09/2025 12:00:00 AM
03/08/2025,20,18314,03/09/2025 1:00:00 AM
03/08/2025,21,18313,03/09/2025 2:00:00 AM
03/08/2025,22,17974,03/09/2025 3:00:00 AM
03/08/2025,23,17561,03/09/2025 4:00:00 AM
03/08/2025,24,17061,03/09/2025 5:00:00 AM
03/09/2025,1,16575,03/09/2025 6:00:00 AM
03/09/2025,2,16073,03/09/2025 7:00:00 AM
03/09/2025,3,15550,03/09/2025 8:00:00 AM
03/09/2025,4,15451,03/09/2025 9:00:00 AM
03/09/2025,5,15180,03/09/2025 10:00:00 AM
03/09/2025,6,15328,03/09/2025 11:00:00 AM
03/09/2025,7,15755,03/09/2025 12:00:00 PM
03/09/2025,8,16239,03/09/2025 1:00:00 PM
03/09/2025,9,16876,03/09/2025 2:00:00 PM
03/09/2025,10,17238,03/09/2025 3:00:00 PM
03/09/2025,11,17164,03/09/2025 4:00:00 PM
03/09/2025,12,17285,03/09/2025 5:00:00 PM
03/09/2025,13,17433,03/09/2025 6:00:00 PM
03/09/2025,14,17284,03/09/2025 7:00:00 PM
03/09/2025,15,17266,03/09/2025 8:00:00 PM
03/09/2025,16,17030,03/09/2025 9:00:00 PM
03/09/2025,17,17159,03/09/2025 10:00:00 PM
03/09/2025,18,17445,03/09/2025 11:00:00 PM
03/09/2025,19,17780,03/10/2025 12:00:00 AM
03/09/2025,20,18272,03/10/2025 1:00:00 AM
03/09/2025,21,18633,03/10/2025 2:00:00 AM
03/09/2025,22,18360,03/10/2025 3:00:00 AM
03/09/2025,23,17589,03/10/2025 4:00:00 AM
03/09/2025,24,16927,03/10/2025 5:00:00 AM
03/10/2025,1,16399,03/10/2025 6:00:00 AM
03/10/2025,2,16236,03/10/2025 7:00:00 AM
03/10/2025,3,16330,03/10/2025 8:00:00 AM
03/10/2025,4,16571,03/10/2025 9:00:00 AM
03/10/2025,5,16969,03/10/2025 10:00:00 AM
03/10/2025,6,17723,03/10/2025 11:00:00 AM
03/10/2025,7,19246,03/10/2025 12:00:00 PM
03/10/2025,8,19911,03/10/2025 1:00:00 PM
03/10/2025,9,19696,03/10/2025 2:00:00 PM
03/10/2025,10,19204,03/10/2025 3:00:00 PM
03/10/2025,11,18532,03/10/2025 4:00:00 PM
03/10/2025,12,17718,03/10/2025 5:00:00 PM
03/10/2025,13,17311,03/10/2025 6:00:00 PM
03/10/2025,14,17072,03/10/2025 7:00:00 PM
03/10/2025,15,16846,03/10/2025 8:00:00 PM
03/10/2025,16,16856,03/10/2025 9:00:00 PM
03/10/2025,17,17028,03/10/2025 10:00:00 PM
03/10/2025,18,17182,03/10/2025 11:00:00 PM
03/10/2025,19,17369,03/11/2025 12:00:00 AM
03/10/2025,20,17726,03/11/2025 1:00:00 AM
03/10/2025,21,18210,03/11/2025 2:00:00 AM
03/10/2025,22,17699,03/11/2025 3:00:00 AM
03/10/2025,23,16924,03/11/2025 4:00:00 AM
03/10/2025,24,16218,03/11/2025 5:00:00 AM
03/11/2025,1,15681,03/11/2025 6:00:00 AM
03/11/2025,2,15721,03/11/2025 7:00:00 AM
03/11/2025,3,15831,03/11/2025 8:00:00 AM
03/11/2025,4,15841,03/11/2025 9:00:00 AM
03/11/2025,5,16456,03/11/2025 10:00:00 AM
03/11/2025,6,17398,03/11/2025 11:00:00 AM
03/11/2025,7,18999,03/11/2025 12:00:00 PM
03/11/2025,8,19744,03/11/2025 1:00:00 PM
03/11/2025,9,19532,03/11/2025 2:00:00 PM
03/11/2025,10,18704,03/11/2025 3:00:00 PM
03/11/2025,11,17952,03/11/2025 4:00:00 PM
03/11/2025,12,17383,03/11/2025 5:00:00 PM
03/11/2025,13,17053,03/11/2025 6:00:00 PM
03/11/2025,14,17144,03/11/2025 7:00:00 PM
03/11/2025,15,17224,03/11/2025 8:00:00 PM
03/11/2025,16,17324,03/11/2025 9:00:00 PM
03/11/2025,17,17613,03/11/2025 10:00:00 PM
03/11/2025,18,17637,03/11/2025 11:00:00 PM
03/11/2025,19,17624,03/12/2025 12:00:00 AM
03/11/2025,20,17752,03/12/2025 1:00:00 AM
03/11/2025,21,17914,03/12/2025 2:00:00 AM
03/11/2025,22,17314,03/12/2025 3:00:00 AM
03/11/2025,23,16530,03/12/2025 4:00:00 AM
03/11/2025,24,15634,03/12/2025 5:00:00 AM
03/12/2025,1,14983,03/12/2025 6:00:00 AM
03/12/2025,2,14691,03/12/2025 7:00:00 AM
03/12/2025,3,14603,03/12/2025 8:00:00 AM
03/12/2025,4,14617,03/12/2025 9:00:00 AM
03/12/2025,5,14912,03/12/2025 10:00:00 AM
03/12/2025,6,15671,03/12/2025 11:00:00 AM
03/12/2025,7,16888,03/12/2025 12:00:00 PM
03/12/2025,8,17422,03/12/2025 1:00:00 PM
03/12/2025,9,17336,03/12/2025 2:00:00 PM
03/12/2025,10,17056,03/12/2025 3:00:00 PM
03/12/2025,11,16965,03/12/2025 4:00:00 PM
03/12/2025,12,16857,03/12/2025 5:00:00 PM
03/12/2025,13,16938,03/12/2025 6:00:00 PM
03/12/2025,14,17220,03/12/2025 7:00:00 PM
03/12/2025,15,17631,03/12/2025 8:00:00 PM
03/12/2025,16,17984,03/12/2025 9:00:00 PM
03/12/2025,17,18290,03/12/2025 10:00:00 PM
03/12/2025,18,18503,03/12/2025 11:00:00 PM
03/12/2025,19,18437,03/13/2025 12:00:00 AM
03/12/2025,20,18449,03/13/2025 1:00:00 AM
03/12/2025,21,18588,03/13/2025 2:00:00 AM
03/12/2025,22,18152,03/13/2025 3:00:00 AM
03/12/2025,23,17089,03/13/2025 4:00:00 AM
03/12/2025,24,16219,03/13/2025 5:00:00 AM
03/13/2025,1,15534,03/13/2025 6:00:00 AM
03/13/2025,2,15019,03/13/2025 7:00:00 AM
03/13/2025,3,14672,03/13/2025 8:00:00 AM
03/13/2025,4,14529,03/13/2025 9:00:00 AM
03/13/2025,5,14707,03/13/2025 10:00:00 AM
03/13/2025,6,15242,03/13/2025 11:00:00 AM
03/13/2025,7,16090,03/13/2025 12:00:00 PM
03/13/2025,8,16476,03/13/2025 1:00:00 PM
03/13/2025,9,16659,03/13/2025 2:00:00 PM
03/13/2025,10,16937,03/13/2025 3:00:00 PM
03/13/2025,11,17334,03/13/2025 4:00:00 PM
03/13/2025,12,17644,03/13/2025 5:00:00 PM
03/13/2025,13,17989,03/13/2025 6:00:00 PM
03/13/2025,14,18551,03/13/2025 7:00:00 PM
03/13/2025,15,19074,03/13/2025 8:00:00 PM
03/13/2025,16,19687,03/13/2025 9:00:00 PM
03/13/2025,17,20202,03/13/2025 10:00:00 PM
03/13/2025,18,20279,03/13/2025 11:00:00 PM
03/13/2025,19,20029,03/14/2025 12:00:00 AM
03/13/2025,20,19747,03/14/2025 1:00:00 AM
03/13/2025,21,19632,03/14/2025 2:00:00 AM
03/13/2025,22,18785,03/14/2025 3:00:00 AM
03/13/2025,23,17733,03/14/2025 4:00:00 AM
03/13/2025,24,16544,03/14/2025 5:00:00 AM
03/14/2025,1,15741,03/14/2025 6:00:00 AM
03/14/2025,2,15314,03/14/2025 7:00:00 AM
03/14/2025,3,14956,03/14/2025 8:00:00 AM
03/14/2025,4,14833,03/14/2025 9:00:00 AM
03/14/2025,5,14941,03/14/2025 10:00:00 AM
03/14/2025,6,15413,03/14/2025 11:00:00 AM
03/14/2025,7,16404,03/14/2025 12:00:00 PM
03/14/2025,8,16775,03/14/2025 1:00:00 PM
03/14/2025,9,16847,03/14/2025 2:00:00 PM
03/14/2025,10,17096,03/14/2025 3:00:00 PM
03/14/2025,11,17305,03/14/2025 4:00:00 PM
03/14/2025,12,17929,03/14/2025 5:00:00 PM
03/14/2025,13,18452,03/14/2025 6:00:00 PM
03/14/2025,14,18856,03/14/2025 7:00:00 PM
03/14/2025,15,19252,03/14/2025 8:00:00 PM
03/14/2025,16,19380,03/14/2025 9:00:00 PM
03/14/2025,17,19493,03/14/2025 10:00:00 PM
03/14/2025,18,19387,03/14/2025 11:00:00 PM
03/14/2025,19,19362,03/15/2025 12:00:00 AM
03/14/2025,20,19493,03/15/2025 1:00:00 AM
03/14/2025,21,19483,03/15/2025 2:00:00 AM
03/14/2025,22,19070,03/15/2025 3:00:00 AM
03/14/2025,23,18440,03/15/2025 4:00:00 AM
03/14/2025,24,17708,03/15/2025 5:00:00 AM
03/15/2025,1,16698,03/15/2025 6:00:00 AM
03/15/2025,2,16100,03/15/2025 7:00:00 AM
03/15/2025,3,15765,03/15/2025 8:00:00 AM
03/15/2025,4,15519,03/15/2025 9:00:00 AM
03/15/2025,5,15256,03/15/2025 10:00:00 AM
03/15/2025,6,15326,03/15/2025 11:00:00 AM
03/15/2025,7,15703,03/15/2025 12:00:00 PM
03/15/2025,8,16032,03/15/2025 1:00:00 PM
03/15/2025,9,16458,03/15/2025 2:00:00 PM
03/15/2025,10,17141,03/15/2025 3:00:00 PM
03/15/2025,11,17585,03/15/2025 4:00:00 PM
03/15/2025,12,18044,03/15/2025 5:00:00 PM
03/15/2025,13,17901,03/15/2025 6:00:00 PM
03/15/2025,14,17970,03/15/2025 7:00:00 PM
03/15/2025,15,17791,03/15/2025 8:00:00 PM
03/15/2025,16,17682,03/15/2025 9:00:00 PM
03/15/2025,17,17720,03/15/2025 10:00:00 PM
03/15/2025,18,17871,03/15/2025 11:00:00 PM
03/15/2025,19,17763,03/16/2025 12:00:00 AM
03/15/2025,20,17558,03/16/2025 1:00:00 AM
03/15/2025,21,17407,03/16/2025 2:00:00 AM
03/15/2025,22,16963,03/16/2025 3:00:00 AM
03/15/2025,23,16427,03/16/2025 4:00:00 AM
03/15/2025,24,15583,03/16/2025 5:00:00 AM
03/16/2025,1,14951,03/16/2025 6:00:00 AM
03/16/2025,2,14507,03/16/2025 7:00:00 AM
03/16/2025,3,14159,03/16/2025 8:00:00 AM
03/16/2025,4,14030,03/16/2025 9:00:00 AM
03/16/2025,5,14028,03/16/2025 10:00:00 AM
03/16/2025,6,14263,03/16/2025 11:00:00 AM
03/16/2025,7,14752,03/16/2025 12:00:00 PM
03/16/2025,8,15163,03/16/2025 1:00:00 PM
03/16/2025,9,15787,03/16/2025 2:00:00 PM
03/16/2025,10,16212,03/16/2025 3:00:00 PM
03/16/2025,11,16105,03/16/2025 4:00:00 PM
03/16/2025,12,16016,03/16/2025 5:00:00 PM
03/16/2025,13,16015,03/16/2025 6:00:00 PM
03/16/2025,14,15950,03/16/2025 7:00:00 PM
03/16/2025,15,15898,03/16/2025 8:00:00 PM
03/16/2025,16,16029,03/16/2025 9:00:00 PM
03/16/2025,17,16303,03/16/2025 10:00:00 PM
03/16/2025,18,16258,03/16/2025 11:00:00 PM
03/16/2025,19,16587,03/17/2025 12:00:00 AM
03/16/2025,20,17129,03/17/2025 1:00:00 AM
03/16/2025,21,17690,03/17/2025 2:00:00 AM
03/16/2025,22,17411,03/17/2025 3:00:00 AM
03/16/2025,23,16795,03/17/2025 4:00:00 AM
03/16/2025,24,16010,03/17/2025 5:00:00 AM
03/17/2025,1,15411,03/17/2025 6:00:00 AM
03/17/2025,2,15085,03/17/2025 7:00:00 AM
03/17/2025,3,15049,03/17/2025 8:00:00 AM
03/17/2025,4,15279,03/17/2025 9:00:00 AM
03/17/2025,5,15789,03/17/2025 10:00:00 AM
03/17/2025,6,17008,03/17/2025 11:00:00 AM
03/17/2025,7,18745,03/17/2025 12:00:00 PM
03/17/2025,8,19649,03/17/2025 1:00:00 PM
03/17/2025,9,19310,03/17/2025 2:00:00 PM
03/17/2025,10,18404,03/17/2025 3:00:00 PM
03/17/2025,11,17676,03/17/2025 4:00:00 PM
03/17/2025,12,17078,03/17/2025 5:00:00 PM
03/17/2025,13,16833,03/17/2025 6:00:00 PM
03/17/2025,14,16877,03/17/2025 7:00:00 PM
03/17/2025,15,16885,03/17/2025 8:00:00 PM
03/17/2025,16,16938,03/17/2025 9:00:00 PM
03/17/2025,17,17220,03/17/2025 10:00:00 PM
03/17/2025,18,17453,03/17/2025 11:00:00 PM
03/17/2025,19,17634,03/18/2025 12:00:00 AM
03/17/2025,20,17791,03/18/2025 1:00:00 AM
03/17/2025,21,18054,03/18/2025 2:00:00 AM
03/17/2025,22,17506,03/18/2025 3:00:00 AM
03/17/2025,23,16597,03/18/2025 4:00:00 AM
03/17/2025,24,15830,03/18/2025 5:00:00 AM
03/18/2025,1,15253,03/18/2025 6:00:00 AM
03/18/2025,2,14787,03/18/2025 7:00:00 AM
03/18/2025,3,14867,03/18/2025 8:00:00 AM
03/18/2025,4,14903,03/18/2025 9:00:00 AM
03/18/2025,5,15194,03/18/2025 10:00:00 AM
03/18/2025,6,15863,03/18/2025 11:00:00 AM
03/18/2025,7,17270,03/18/2025 12:00:00 PM
03/18/2025,8,17851,03/18/2025 1:00:00 PM
03/18/2025,9,17691,03/18/2025 2:00:00 PM
03/18/2025,10,17260,03/18/2025 3:00:00 PM
03/18/2025,11,17044,03/18/2025 4:00:00 PM
03/18/2025,12,16802,03/18/2025 5:00:00 PM
03/18/2025,13,16796,03/18/2025 6:00:00 PM
03/18/2025,14,16995,03/18/2025 7:00:00 PM
03/18/2025,15,17239,03/18/2025 8:00:00 PM
03/18/2025,16,17450,03/18/2025 9:00:00 PM
03/18/2025,17,17749,03/18/2025 10:00:00 PM
03/18/2025,18,17897,03/18/2025 11:00:00 PM
03/18/2025,19,17894,03/19/2025 12:00:00 AM
03/18/2025,20,18093,03/19/2025 1:00:00 AM
03/18/2025,21,18354,03/19/2025 2:00:00 AM
03/18/2025,22,17767,03/19/2025 3:00:00 AM
03/18/2025,23,16746,03/19/2025 4:00:00 AM
03/18/2025,24,15729,03/19/2025 5:00:00 AM
03/19/2025,1,15015,03/19/2025 6:00:00 AM
03/19/2025,2,14661,03/19/2025 7:00:00 AM
03/19/2025,3,14562,03/19/2025 8:00:00 AM
03/19/2025,4,14202,03/19/2025 9:00:00 AM
03/19/2025,5,14514,03/19/2025 10:00:00 AM
03/19/2025,6,15240,03/19/2025 11:00:00 AM
03/19/2025,7,16207,03/19/2025 12:00:00 PM
03/19/2025,8,16577,03/19/2025 1:00:00 PM
03/19/2025,9,16587,03/19/2025 2:00:00 PM
03/19/2025,10,16672,03/19/2025 3:00:00 PM
03/19/2025,11,16925,03/19/2025 4:00:00 PM
03/19/2025,12,17100,03/19/2025 5:00:00 PM
03/19/2025,13,17436,03/19/2025 6:00:00 PM
03/19/2025,14,17727,03/19/2025 7:00:00 PM
03/19/2025,15,17936,03/19/2025 8:00:00 PM
03/19/2025,16,18155,03/19/2025 9:00:00 PM
03/19/2025,17,18276,03/19/2025 10:00:00 PM
03/19/2025,18,18293,03/19/2025 11:00:00 PM
03/19/2025,19,18359,03/20/2025 12:00:00 AM
03/19/2025,20,18402,03/20/2025 1:00:00 AM
03/19/2025,21,18657,03/20/2025 2:00:00 AM
03/19/2025,22,18147,03/20/2025 3:00:00 AM
03/19/2025,23,17056,03/20/2025 4:00:00 AM
03/19/2025,24,16055,03/20/2025 5:00:00 AM
03/20/2025,1,15351,03/20/2025 6:00:00 AM
03/20/2025,2,14843,03/20/2025 7:00:00 AM
03/20/2025,3,14752,03/20/2025 8:00:00 AM
03/20/2025,4,14649,03/20/2025 9:00:00 AM
03/20/2025,5,15071,03/20/2025 10:00:00 AM
03/20/2025,6,15978,03/20/2025 11:00:00 AM
03/20/2025,7,17472,03/20/2025 12:00:00 PM
03/20/2025,8,18411,03/20/2025 1:00:00 PM
03/20/2025,9,18516,03/20/2025 2:00:00 PM
03/20/2025,10,18255,03/20/2025 3:00:00 PM
03/20/2025,11,18094,03/20/2025 4:00:00 PM
03/20/2025,12,17627,03/20/2025 5:00:00 PM
03/20/2025,13,17407,03/20/2025 6:00:00 PM
03/20/2025,14,17172,03/20/2025 7:00:00 PM
03/20/2025,15,16963,03/20/2025 8:00:00 PM
03/20/2025,16,16842,03/20/2025 9:00:00 PM
03/20/2025,17,16819,03/20/2025 10:00:00 PM
03/20/2025,18,16888,03/20/2025 11:00:00 PM
03/20/2025,19,17188,03/21/2025 12:00:00 AM
03/20/2025,20,17764,03/21/2025 1:00:00 AM
03/20/2025,21,18563,03/21/2025 2:00:00 AM
03/20/2025,22,18414,03/21/2025 3:00:00 AM
03/20/2025,23,17817,03/21/2025 4:00:00 AM
03/20/2025,24,17123,03/21/2025 5:00:00 AM
03/21/2025,1,16813,03/21/2025 6:00:00 AM
03/21/2025,2,16655,03/21/2025 7:00:00 AM
03/21/2025,3,16763,03/21/2025 8:00:00 AM
03/21/2025,4,17063,03/21/2025 9:00:00 AM
03/21/2025,5,17546,03/21/2025 10:00:00 AM
03/21/2025,6,18687,03/21/2025 11:00:00 AM
03/21/2025,7,20413,03/21/2025 12:00:00 PM
03/21/2025,8,21202,03/21/2025 1:00:00 PM
03/21/2025,9,20937,03/21/2025 2:00:00 PM
03/21/2025,10,19761,03/21/2025 3:00:00 PM
03/21/2025,11,18700,03/21/2025 4:00:00 PM
03/21/2025,12,17814,03/21/2025 5:00:00 PM
03/21/2025,13,17224,03/21/2025 6:00:00 PM
03/21/2025,14,16953,03/21/2025 7:00:00 PM
03/21/2025,15,16716,03/21/2025 8:00:00 PM
03/21/2025,16,16503,03/21/2025 9:00:00 PM
03/21/2025,17,16548,03/21/2025 10:00:00 PM
03/21/2025,18,16453,03/21/2025 11:00:00 PM
03/21/2025,19,16648,03/22/2025 12:00:00 AM
03/21/2025,20,16966,03/22/2025 1:00:00 AM
03/21/2025,21,17362,03/22/2025 2:00:00 AM
03/21/2025,22,17208,03/22/2025 3:00:00 AM
03/21/2025,23,16647,03/22/2025 4:00:00 AM
03/21/2025,24,16018,03/22/2025 5:00:00 AM
03/22/2025,1,15638,03/22/2025 6:00:00 AM
03/22/2025,2,15475,03/22/2025 7:00:00 AM
03/22/2025,3,15308,03/22/2025 8:00:00 AM
03/22/2025,4,15295,03/22/2025 9:00:00 AM
03/22/2025,5,15533,03/22/2025 10:00:00 AM
03/22/2025,6,15996,03/22/2025 11:00:00 AM
03/22/2025,7,16614,03/22/2025 12:00:00 PM
03/22/2025,8,17078,03/22/2025 1:00:00 PM
03/22/2025,9,17431,03/22/2025 2:00:00 PM
03/22/2025,10,17115,03/22/2025 3:00:00 PM
03/22/2025,11,16651,03/22/2025 4:00:00 PM
03/22/2025,12,16436,03/22/2025 5:00:00 PM
03/22/2025,13,16344,03/22/2025 6:00:00 PM
03/22/2025,14,16461,03/22/2025 7:00:00 PM
03/22/2025,15,16652,03/22/2025 8:00:00 PM
03/22/2025,16,17040,03/22/2025 9:00:00 PM
03/22/2025,17,17093,03/22/2025 10:00:00 PM
03/22/2025,18,17259,03/22/2025 11:00:00 PM
03/22/2025,19,17137,03/23/2025 12:00:00 AM
03/22/2025,20,17059,03/23/2025 1:00:00 AM
03/22/2025,21,17170,03/23/2025 2:00:00 AM
03/22/2025,22,16929,03/23/2025 3:00:00 AM
03/22/2025,23,16485,03/23/2025 4:00:00 AM
03/22/2025,24,15718,03/23/2025 5:00:00 AM
03/23/2025,1,14976,03/23/2025 6:00:00 AM
03/23/2025,2,14658,03/23/2025 7:00:00 AM
03/23/2025,3,14433,03/23/2025 8:00:00 AM
03/23/2025,4,14242,03/23/2025 9:00:00 AM
03/23/2025,5,14279,03/23/2025 10:00:00 AM
03/23/2025,6,14523,03/23/2025 11:00:00 AM
03/23/2025,7,14828,03/23/2025 12:00:00 PM
03/23/2025,8,15131,03/23/2025 1:00:00 PM
03/23/2025,9,15738,03/23/2025 2:00:00 PM
03/23/2025,10,16262,03/23/2025 3:00:00 PM
03/23/2025,11,16409,03/23/2025 4:00:00 PM
03/23/2025,12,16660,03/23/2025 5:00:00 PM
03/23/2025,13,16979,03/23/2025 6:00:00 PM
03/23/2025,14,17257,03/23/2025 7:00:00 PM
03/23/2025,15,17659,03/23/2025 8:00:00 PM
03/23/2025,16,17847,03/23/2025 9:00:00 PM
03/23/2025,17,18096,03/23/2025 10:00:00 PM
03/23/2025,18,18204,03/23/2025 11:00:00 PM
03/23/2025,19,18357,03/24/2025 12:00:00 AM
03/23/2025,20,18384,03/24/2025 1:00:00 AM
03/23/2025,21,18512,03/24/2025 2:00:00 AM
03/23/2025,22,17891,03/24/2025 3:00:00 AM
03/23/2025,23,16987,03/24/2025 4:00:00 AM
03/23/2025,24,15963,03/24/2025 5:00:00 AM
03/24/2025,1,15310,03/24/2025 6:00:00 AM
03/24/2025,2,14863,03/24/2025 7:00:00 AM
03/24/2025,3,14534,03/24/2025 8:00:00 AM
03/24/2025,4,14648,03/24/2025 9:00:00 AM
03/24/2025,5,14824,03/24/2025 10:00:00 AM
03/24/2025,6,15295,03/24/2025 11:00:00 AM
03/24/2025,7,16101,03/24/2025 12:00:00 PM
03/24/2025,8,16585,03/24/2025 1:00:00 PM
03/24/2025,9,16609,03/24/2025 2:00:00 PM
03/24/2025,10,16753,03/24/2025 3:00:00 PM
03/24/2025,11,16891,03/24/2025 4:00:00 PM
03/24/2025,12,16964,03/24/2025 5:00:00 PM
03/24/2025,13,17178,03/24/2025 6:00:00 PM
03/24/2025,14,17456,03/24/2025 7:00:00 PM
03/24/2025,15,18010,03/24/2025 8:00:00 PM
03/24/2025,16,18310,03/24/2025 9:00:00 PM
03/24/2025,17,18752,03/24/2025 10:00:00 PM
03/24/2025,18,19076,03/24/2025 11:00:00 PM
03/24/2025,19,19095,03/25/2025 12:00:00 AM
03/24/2025,20,18864,03/25/2025 1:00:00 AM
03/24/2025,21,18905,03/25/2025 2:00:00 AM
03/24/2025,22,18056,03/25/2025 3:00:00 AM
03/24/2025,23,16891,03/25/2025 4:00:00 AM
03/24/2025,24,15858,03/25/2025 5:00:00 AM
03/25/2025,1,15179,03/25/2025 6:00:00 AM
03/25/2025,2,14741,03/25/2025 7:00:00 AM
03/25/2025,3,14409,03/25/2025 8:00:00 AM
03/25/2025,4,14418,03/25/2025 9:00:00 AM
03/25/2025,5,14613,03/25/2025 10:00:00 AM
03/25/2025,6,15273,03/25/2025 11:00:00 AM
03/25/2025,7,16162,03/25/2025 12:00:00 PM
03/25/2025,8,16801,03/25/2025 1:00:00 PM
03/25/2025,9,16710,03/25/2025 2:00:00 PM
03/25/2025,10,16838,03/25/2025 3:00:00 PM
03/25/2025,11,16887,03/25/2025 4:00:00 PM
03/25/2025,12,17304,03/25/2025 5:00:00 PM
03/25/2025,13,18005,03/25/2025 6:00:00 PM
03/25/2025,14,18581,03/25/2025 7:00:00 PM
03/25/2025,15,19370,03/25/2025 8:00:00 PM
03/25/2025,16,19912,03/25/2025 9:00:00 PM
03/25/2025,17,20246,03/25/2025 10:00:00 PM
03/25/2025,18,20367,03/25/2025 11:00:00 PM
03/25/2025,19,20199,03/26/2025 12:00:00 AM
03/25/2025,20,19728,03/26/2025 1:00:00 AM
03/25/2025,21,19609,03/26/2025 2:00:00 AM
03/25/2025,22,18739,03/26/2025 3:00:00 AM
03/25/2025,23,17636,03/26/2025 4:00:00 AM
03/25/2025,24,16527,03/26/2025 5:00:00 AM
03/26/2025,1,15607,03/26/2025 6:00:00 AM
03/26/2025,2,15089,03/26/2025 7:00:00 AM
03/26/2025,3,14795,03/26/2025 8:00:00 AM
03/26/2025,4,14800,03/26/2025 9:00:00 AM
03/26/2025,5,14839,03/26/2025 10:00:00 AM
03/26/2025,6,15318,03/26/2025 11:00:00 AM
03/26/2025,7,16135,03/26/2025 12:00:00 PM
03/26/2025,8,16593,03/26/2025 1:00:00 PM
03/26/2025,9,16852,03/26/2025 2:00:00 PM
03/26/2025,10,16801,03/26/2025 3:00:00 PM
03/26/2025,11,17114,03/26/2025 4:00:00 PM
03/26/2025,12,17622,03/26/2025 5:00:00 PM
03/26/2025,13,18240,03/26/2025 6:00:00 PM
03/26/2025,14,18783,03/26/2025 7:00:00 PM
03/26/2025,15,19303,03/26/2025 8:00:00 PM
03/26/2025,16,19697,03/26/2025 9:00:00 PM
03/26/2025,17,19835,03/26/2025 10:00:00 PM
03/26/2025,18,19671,03/26/2025 11:00:00 PM
03/26/2025,19,19626,03/27/2025 12:00:00 AM
03/26/2025,20,19555,03/27/2025 1:00:00 AM
03/26/2025,21,19500,03/27/2025 2:00:00 AM
03/26/2025,22,18881,03/27/2025 3:00:00 AM
03/26/2025,23,17773,03/27/2025 4:00:00 AM
03/26/2025,24,16606,03/27/2025 5:00:00 AM
03/27/2025,1,15746,03/27/2025 6:00:00 AM
03/27/2025,2,15215,03/27/2025 7:00:00 AM
03/27/2025,3,14860,03/27/2025 8:00:00 AM
03/27/2025,4,14831,03/27/2025 9:00:00 AM
03/27/2025,5,14958,03/27/2025 10:00:00 AM
03/27/2025,6,15516,03/27/2025 11:00:00 AM
03/27/2025,7,16355,03/27/2025 12:00:00 PM
03/27/2025,8,16748,03/27/2025 1:00:00 PM
03/27/2025,9,16972,03/27/2025 2:00:00 PM
03/27/2025,10,17112,03/27/2025 3:00:00 PM
03/27/2025,11,17264,03/27/2025 4:00:00 PM
03/27/2025,12,17596,03/27/2025 5:00:00 PM
03/27/2025,13,17889,03/27/2025 6:00:00 PM
03/27/2025,14,18346,03/27/2025 7:00:00 PM
03/27/2025,15,18687,03/27/2025 8:00:00 PM
03/27/2025,16,18955,03/27/2025 9:00:00 PM
03/27/2025,17,19049,03/27/2025 10:00:00 PM
03/27/2025,18,18830,03/27/2025 11:00:00 PM
03/27/2025,19,18915,03/28/2025 12:00:00 AM
03/27/2025,20,19059,03/28/2025 1:00:00 AM
03/27/2025,21,19331,03/28/2025 2:00:00 AM
03/27/2025,22,18838,03/28/2025 3:00:00 AM
03/27/2025,23,17877,03/28/2025 4:00:00 AM
03/27/2025,24,16761,03/28/2025 5:00:00 AM
03/28/2025,1,16270,03/28/2025 6:00:00 AM
03/28/2025,2,15719,03/28/2025 7:00:00 AM
03/28/2025,3,15153,03/28/2025 8:00:00 AM
03/28/2025,4,15075,03/28/2025 9:00:00 AM
03/28/2025,5,15225,03/28/2025 10:00:00 AM
03/28/2025,6,15693,03/28/2025 11:00:00 AM
03/28/2025,7,16482,03/28/2025 12:00:00 PM
03/28/2025,8,16883,03/28/2025 1:00:00 PM
03/28/2025,9,17115,03/28/2025 2:00:00 PM
03/28/2025,10,17391,03/28/2025 3:00:00 PM
03/28/2025,11,17647,03/28/2025 4:00:00 PM
03/28/2025,12,18129,03/28/2025 5:00:00 PM
03/28/2025,13,18331,03/28/2025 6:00:00 PM
03/28/2025,14,18515,03/28/2025 7:00:00 PM
03/28/2025,15,18683,03/28/2025 8:00:00 PM
03/28/2025,16,19027,03/28/2025 9:00:00 PM
03/28/2025,17,18986,03/28/2025 10:00:00 PM
03/28/2025,18,18611,03/28/2025 11:00:00 PM
03/28/2025,19,18311,03/29/2025 12:00:00 AM
03/28/2025,20,18366,03/29/2025 1:00:00 AM
03/28/2025,21,18379,03/29/2025 2:00:00 AM
03/28/2025,22,17974,03/29/2025 3:00:00 AM
03/28/2025,23,17360,03/29/2025 4:00:00 AM
03/28/2025,24,16577,03/29/2025 5:00:00 AM
03/29/2025,1,15791,03/29/2025 6:00:00 AM
03/29/2025,2,15364,03/29/2025 7:00:00 AM
03/29/2025,3,15113,03/29/2025 8:00:00 AM
03/29/2025,4,14881,03/29/2025 9:00:00 AM
03/29/2025,5,14916,03/29/2025 10:00:00 AM
03/29/2025,6,14885,03/29/2025 11:00:00 AM
03/29/2025,7,15253,03/29/2025 12:00:00 PM
03/29/2025,8,15499,03/29/2025 1:00:00 PM
03/29/2025,9,16055,03/29/2025 2:00:00 PM
03/29/2025,10,16891,03/29/2025 3:00:00 PM
03/29/2025,11,17418,03/29/2025 4:00:00 PM
03/29/2025,12,17692,03/29/2025 5:00:00 PM
03/29/2025,13,18105,03/29/2025 6:00:00 PM
03/29/2025,14,18373,03/29/2025 7:00:00 PM
03/29/2025,15,18646,03/29/2025 8:00:00 PM
03/29/2025,16,18681,03/29/2025 9:00:00 PM
03/29/2025,17,18741,03/29/2025 10:00:00 PM
03/29/2025,18,18759,03/29/2025 11:00:00 PM
03/29/2025,19,18716,03/30/2025 12:00:00 AM
03/29/2025,20,18813,03/30/2025 1:00:00 AM
03/29/2025,21,18647,03/30/2025 2:00:00 AM
03/29/2025,22,18261,03/30/2025 3:00:00 AM
03/29/2025,23,17621,03/30/2025 4:00:00 AM
03/29/2025,24,16947,03/30/2025 5:00:00 AM
03/30/2025,1,16179,03/30/2025 6:00:00 AM
03/30/2025,2,15591,03/30/2025 7:00:00 AM
03/30/2025,3,15352,03/30/2025 8:00:00 AM
03/30/2025,4,15143,03/30/2025 9:00:00 AM
03/30/2025,5,15048,03/30/2025 10:00:00 AM
03/30/2025,6,15289,03/30/2025 11:00:00 AM
03/30/2025,7,15360,03/30/2025 12:00:00 PM
03/30/2025,8,15536,03/30/2025 1:00:00 PM
03/30/2025,9,16156,03/30/2025 2:00:00 PM
03/30/2025,10,16887,03/30/2025 3:00:00 PM
03/30/2025,11,17555,03/30/2025 4:00:00 PM
03/30/2025,12,18191,03/30/2025 5:00:00 PM
03/30/2025,13,18979,03/30/2025 6:00:00 PM
03/30/2025,14,19822,03/30/2025 7:00:00 PM
03/30/2025,15,20390,03/30/2025 8:00:00 PM
03/30/2025,16,20965,03/30/2025 9:00:00 PM
03/30/2025,17,21469,03/30/2025 10:00:00 PM
03/30/2025,18,21592,03/30/2025 11:00:00 PM
03/30/2025,19,21246,03/31/2025 12:00:00 AM
03/30/2025,20,20822,03/31/2025 1:00:00 AM
03/30/2025,21,20702,03/31/2025 2:00:00 AM
03/30/2025,22,20092,03/31/2025 3:00:00 AM
03/30/2025,23,19075,03/31/2025 4:00:00 AM
03/30/2025,24,18054,03/31/2025 5:00:00 AM
03/31/2025,1,17149,03/31/2025 6:00:00 AM
03/31/2025,2,16602,03/31/2025 7:00:00 AM
03/31/2025,3,16287,03/31/2025 8:00:00 AM
03/31/2025,4,15956,03/31/2025 9:00:00 AM
03/31/2025,5,15922,03/31/2025 10:00:00 AM
03/31/2025,6,16476,03/31/2025 11:00:00 AM
03/31/2025,7,17267,03/31/2025 12:00:00 PM
03/31/2025,8,17523,03/31/2025 1:00:00 PM
03/31/2025,9,17428,03/31/2025 2:00:00 PM
03/31/2025,10,17510,03/31/2025 3:00:00 PM
03/31/2025,11,17704,03/31/2025 4:00:00 PM
03/31/2025,12,17895,03/31/2025 5:00:00 PM
03/31/2025,13,18310,03/31/2025 6:00:00 PM
03/31/2025,14,18671,03/31/2025 7:00:00 PM
03/31/2025,15,19126,03/31/2025 8:00:00 PM
03/31/2025,16,19755,03/31/2025 9:00:00 PM
03/31/2025,17,20246,03/31/2025 10:00:00 PM
03/31/2025,18,20583,03/31/2025 11:00:00 PM
03/31/2025,19,20328,04/01/2025 12:00:00 AM
03/31/2025,20,20018,04/01/2025 1:00:00 AM
03/31/2025,21,19926,04/01/2025 2:00:00 AM
03/31/2025,22,19153,04/01/2025 3:00:00 AM
03/31/2025,23,18092,04/01/2025 4:00:00 AM
03/31/2025,24,16958,04/01/2025 5:00:00 AM
04/01/2025,1,16114,04/01/2025 6:00:00 AM
04/01/2025,2,15491,04/01/2025 7:00:00 AM
04/01/2025,3,14905,04/01/2025 8:00:00 AM
04/01/2025,4,14882,04/01/2025 9:00:00 AM
04/01/2025,5,15028,04/01/2025 10:00:00 AM
04/01/2025,6,15543,04/01/2025 11:00:00 AM
04/01/2025,7,16474,04/01/2025 12:00:00 PM
04/01/2025,8,16769,04/01/2025 1:00:00 PM
04/01/2025,9,16755,04/01/2025 2:00:00 PM
04/01/2025,10,16733,04/01/2025 3:00:00 PM
04/01/2025,11,16940,04/01/2025 4:00:00 PM
04/01/2025,12,17213,04/01/2025 5:00:00 PM
04/01/2025,13,17493,04/01/2025 6:00:00 PM
04/01/2025,14,17729,04/01/2025 7:00:00 PM
04/01/2025,15,17995,04/01/2025 8:00:00 PM
04/01/2025,16,18348,04/01/2025 9:00:00 PM
04/01/2025,17,18714,04/01/2025 10:00:00 PM
04/01/2025,18,19028,04/01/2025 11:00:00 PM
04/01/2025,19,19157,04/02/2025 12:00:00 AM
04/01/2025,20,19304,04/02/2025 1:00:00 AM
04/01/2025,21,19704,04/02/2025 2:00:00 AM
04/01/2025,22,19487,04/02/2025 3:00:00 AM
04/01/2025,23,18594,04/02/2025 4:00:00 AM
04/01/2025,24,17468,04/02/2025 5:00:00 AM
04/02/2025,1,16870,04/02/2025 6:00:00 AM
04/02/2025,2,16489,04/02/2025 7:00:00 AM
04/02/2025,3,16188,04/02/2025 8:00:00 AM
04/02/2025,4,16098,04/02/2025 9:00:00 AM
04/02/2025,5,16202,04/02/2025 10:00:00 AM
04/02/2025,6,16654,04/02/2025 11:00:00 AM
04/02/2025,7,17644,04/02/2025 12:00:00 PM
04/02/2025,8,18076,04/02/2025 1:00:00 PM
04/02/2025,9,18174,04/02/2025 2:00:00 PM
04/02/2025,10,18776,04/02/2025 3:00:00 PM
04/02/2025,11,19503,04/02/2025 4:00:00 PM
04/02/2025,12,20025,04/02/2025 5:00:00 PM
04/02/2025,13,20834,04/02/2025 6:00:00 PM
04/02/2025,14,21151,04/02/2025 7:00:00 PM
04/02/2025,15,21543,04/02/2025 8:00:00 PM
04/02/2025,16,21499,04/02/2025 9:00:00 PM
04/02/2025,17,21547,04/02/2025 10:00:00 PM
04/02/2025,18,21340,04/02/2025 11:00:00 PM
04/02/2025,19,20729,04/03/2025 12:00:00 AM
04/02/2025,20,20222,04/03/2025 1:00:00 AM
04/02/2025,21,20337,04/03/2025 2:00:00 AM
04/02/2025,22,19963,04/03/2025 3:00:00 AM
04/02/2025,23,19196,04/03/2025 4:00:00 AM
04/02/2025,24,18256,04/03/2025 5:00:00 AM
04/03/2025,1,17486,04/03/2025 6:00:00 AM
04/03/2025,2,16823,04/03/2025 7:00:00 AM
04/03/2025,3,16393,04/03/2025 8:00:00 AM
04/03/2025,4,16158,04/03/2025 9:00:00 AM
04/03/2025,5,16296,04/03/2025 10:00:00 AM
04/03/2025,6,16915,04/03/2025 11:00:00 AM
04/03/2025,7,17775,04/03/2025 12:00:00 PM
04/03/2025,8,18061,04/03/2025 1:00:00 PM
04/03/2025,9,18289,04/03/2025 2:00:00 PM
04/03/2025,10,19003,04/03/2025 3:00:00 PM
04/03/2025,11,19697,04/03/2025 4:00:00 PM
04/03/2025,12,19948,04/03/2025 5:00:00 PM
04/03/2025,13,20702,04/03/2025 6:00:00 PM
04/03/2025,14,21090,04/03/2025 7:00:00 PM
04/03/2025,15,21484,04/03/2025 8:00:00 PM
04/03/2025,16,21742,04/03/2025 9:00:00 PM
04/03/2025,17,22001,04/03/2025 10:00:00 PM
04/03/2025,18,21913,04/03/2025 11:00:00 PM
04/03/2025,19,21595,04/04/2025 12:00:00 AM
04/03/2025,20,21376,04/04/2025 1:00:00 AM
04/03/2025,21,21298,04/04/2025 2:00:00 AM
04/03/2025,22,20683,04/04/2025 3:00:00 AM
04/03/2025,23,19726,04/04/2025 4:00:00 AM
04/03/2025,24,18706,04/04/2025 5:00:00 AM
04/04/2025,1,17924,04/04/2025 6:00:00 AM
04/04/2025,2,17396,04/04/2025 7:00:00 AM
04/04/2025,3,16820,04/04/2025 8:00:00 AM
04/04/2025,4,16642,04/04/2025 9:00:00 AM
04/04/2025,5,16660,04/04/2025 10:00:00 AM
04/04/2025,6,17188,04/04/2025 11:00:00 AM
04/04/2025,7,18081,04/04/2025 12:00:00 PM
04/04/2025,8,18422,04/04/2025 1:00:00 PM
04/04/2025,9,18621,04/04/2025 2:00:00 PM
04/04/2025,10,19135,04/04/2025 3:00:00 PM
04/04/2025,11,19782,04/04/2025 4:00:00 PM
04/04/2025,12,20291,04/04/2025 5:00:00 PM
04/04/2025,13,20816,04/04/2025 6:00:00 PM
04/04/2025,14,21517,04/04/2025 7:00:00 PM
04/04/2025,15,21876,04/04/2025 8:00:00 PM
04/04/2025,16,22084,04/04/2025 9:00:00 PM
04/04/2025,17,22128,04/04/2025 10:00:00 PM
04/04/2025,18,21941,04/04/2025 11:00:00 PM
04/04/2025,19,21550,04/05/2025 12:00:00 AM
04/04/2025,20,21195,04/05/2025 1:00:00 AM
04/04/2025,21,21023,04/05/2025 2:00:00 AM
04/04/2025,22,20706,04/05/2025 3:00:00 AM
04/04/2025,23,19948,04/05/2025 4:00:00 AM
04/04/2025,24,18946,04/05/2025 5:00:00 AM
04/05/2025,1,18239,04/05/2025 6:00:00 AM
04/05/2025,2,17612,04/05/2025 7:00:00 AM
04/05/2025,3,17129,04/05/2025 8:00:00 AM
04/05/2025,4,16647,04/05/2025 9:00:00 AM
04/05/2025,5,16559,04/05/2025 10:00:00 AM
04/05/2025,6,16733,04/05/2025 11:00:00 AM
04/05/2025,7,17082,04/05/2025 12:00:00 PM
04/05/2025,8,17336,04/05/2025 1:00:00 PM
04/05/2025,9,18033,04/05/2025 2:00:00 PM
04/05/2025,10,18707,04/05/2025 3:00:00 PM
04/05/2025,11,19395,04/05/2025 4:00:00 PM
04/05/2025,12,19943,04/05/2025 5:00:00 PM
04/05/2025,13,20332,04/05/2025 6:00:00 PM
04/05/2025,14,20275,04/05/2025 7:00:00 PM
04/05/2025,15,20263,04/05/2025 8:00:00 PM
04/05/2025,16,20238,04/05/2025 9:00:00 PM
04/05/2025,17,19959,04/05/2025 10:00:00 PM
04/05/2025,18,19825,04/05/2025 11:00:00 PM
04/05/2025,19,19636,04/06/2025 12:00:00 AM
04/05/2025,20,19487,04/06/2025 1:00:00 AM
04/05/2025,21,19431,04/06/2025 2:00:00 AM
04/05/2025,22,18965,04/06/2025 3:00:00 AM
04/05/2025,23,18345,04/06/2025 4:00:00 AM
04/05/2025,24,17525,04/06/2025 5:00:00 AM
04/06/2025,1,16804,04/06/2025 6:00:00 AM
04/06/2025,2,16349,04/06/2025 7:00:00 AM
04/06/2025,3,15881,04/06/2025 8:00:00 AM
04/06/2025,4,15589,04/06/2025 9:00:00 AM
04/06/2025,5,15486,04/06/2025 10:00:00 AM
04/06/2025,6,15330,04/06/2025 11:00:00 AM
04/06/2025,7,15478,04/06/2025 12:00:00 PM
04/06/2025,8,15706,04/06/2025 1:00:00 PM
04/06/2025,9,16310,04/06/2025 2:00:00 PM
04/06/2025,10,16792,04/06/2025 3:00:00 PM
04/06/2025,11,17034,04/06/2025 4:00:00 PM
04/06/2025,12,17090,04/06/2025 5:00:00 PM
04/06/2025,13,16968,04/06/2025 6:00:00 PM
04/06/2025,14,16952,04/06/2025 7:00:00 PM
04/06/2025,15,17052,04/06/2025 8:00:00 PM
04/06/2025,16,17001,04/06/2025 9:00:00 PM
04/06/2025,17,17111,04/06/2025 10:00:00 PM
04/06/2025,18,17293,04/06/2025 11:00:00 PM
04/06/2025,19,17396,04/07/2025 12:00:00 AM
04/06/2025,20,17634,04/07/2025 1:00:00 AM
04/06/2025,21,17983,04/07/2025 2:00:00 AM
04/06/2025,22,17606,04/07/2025 3:00:00 AM
04/06/2025,23,16809,04/07/2025 4:00:00 AM
04/06/2025,24,16080,04/07/2025 5:00:00 AM
04/07/2025,1,15443,04/07/2025 6:00:00 AM
04/07/2025,2,15154,04/07/2025 7:00:00 AM
04/07/2025,3,15058,04/07/2025 8:00:00 AM
04/07/2025,4,15075,04/07/2025 9:00:00 AM
04/07/2025,5,15300,04/07/2025 10:00:00 AM
04/07/2025,6,16130,04/07/2025 11:00:00 AM
04/07/2025,7,17382,04/07/2025 12:00:00 PM
04/07/2025,8,17810,04/07/2025 1:00:00 PM
04/07/2025,9,17900,04/07/2025 2:00:00 PM
04/07/2025,10,17758,04/07/2025 3:00:00 PM
04/07/2025,11,17487,04/07/2025 4:00:00 PM
04/07/2025,12,17193,04/07/2025 5:00:00 PM
04/07/2025,13,16898,04/07/2025 6:00:00 PM
04/07/2025,14,16742,04/07/2025 7:00:00 PM
04/07/2025,15,16487,04/07/2025 8:00:00 PM
04/07/2025,16,16411,04/07/2025 9:00:00 PM
04/07/2025,17,16547,04/07/2025 10:00:00 PM
04/07/2025,18,16646,04/07/2025 11:00:00 PM
04/07/2025,19,16976,04/08/2025 12:00:00 AM
04/07/2025,20,17459,04/08/2025 1:00:00 AM
04/07/2025,21,18080,04/08/2025 2:00:00 AM
04/07/2025,22,17765,04/08/2025 3:00:00 AM
04/07/2025,23,17133,04/08/2025 4:00:00 AM
04/07/2025,24,16413,04/08/2025 5:00:00 AM
04/08/2025,1,15918,04/08/2025 6:00:00 AM
04/08/2025,2,15788,04/08/2025 7:00:00 AM
04/08/2025,3,15693,04/08/2025 8:00:00 AM
04/08/2025,4,15786,04/08/2025 9:00:00 AM
04/08/2025,5,16081,04/08/2025 10:00:00 AM
04/08/2025,6,16957,04/08/2025 11:00:00 AM
04/08/2025,7,18301,04/08/2025 12:00:00 PM
04/08/2025,8,18720,04/08/2025 1:00:00 PM
04/08/2025,9,18205,04/08/2025 2:00:00 PM
04/08/2025,10,17548,04/08/2025 3:00:00 PM
04/08/2025,11,17007,04/08/2025 4:00:00 PM
04/08/2025,12,16484,04/08/2025 5:00:00 PM
04/08/2025,13,16292,04/08/2025 6:00:00 PM
04/08/2025,14,16354,04/08/2025 7:00:00 PM
04/08/2025,15,16298,04/08/2025 8:00:00 PM
04/08/2025,16,16435,04/08/2025 9:00:00 PM
04/08/2025,17,16671,04/08/2025 10:00:00 PM
04/08/2025,18,16873,04/08/2025 11:00:00 PM
04/08/2025,19,17114,04/09/2025 12:00:00 AM
04/08/2025,20,17193,04/09/2025 1:00:00 AM
04/08/2025,21,17708,04/09/2025 2:00:00 AM
04/08/2025,22,17276,04/09/2025 3:00:00 AM
04/08/2025,23,16533,04/09/2025 4:00:00 AM
04/08/2025,24,15698,04/09/2025 5:00:00 AM
04/09/2025,1,15095,04/09/2025 6:00:00 AM
04/09/2025,2,14903,04/09/2025 7:00:00 AM
04/09/2025,3,14906,04/09/2025 8:00:00 AM
04/09/2025,4,14942,04/09/2025 9:00:00 AM
04/09/2025,5,15258,04/09/2025 10:00:00 AM
04/09/2025,6,16142,04/09/2025 11:00:00 AM
04/09/2025,7,17482,04/09/2025 12:00:00 PM
04/09/2025,8,17839,04/09/2025 1:00:00 PM
04/09/2025,9,17434,04/09/2025 2:00:00 PM
04/09/2025,10,17058,04/09/2025 3:00:00 PM
04/09/2025,11,16749,04/09/2025 4:00:00 PM
04/09/2025,12,16567,04/09/2025 5:00:00 PM
04/09/2025,13,16495,04/09/2025 6:00:00 PM
04/09/2025,14,16761,04/09/2025 7:00:00 PM
04/09/2025,15,16940,04/09/2025 8:00:00 PM
04/09/2025,16,17285,04/09/2025 9:00:00 PM
04/09/2025,17,17630,04/09/2025 10:00:00 PM
04/09/2025,18,17933,04/09/2025 11:00:00 PM
04/09/2025,19,18066,04/10/2025 12:00:00 AM
04/09/2025,20,17885,04/10/2025 1:00:00 AM
04/09/2025,21,18152,04/10/2025 2:00:00 AM
04/09/2025,22,17689,04/10/2025 3:00:00 AM
04/09/2025,23,16655,04/10/2025 4:00:00 AM
04/09/2025,24,15544,04/10/2025 5:00:00 AM
04/10/2025,1,14895,04/10/2025 6:00:00 AM
04/10/2025,2,14501,04/10/2025 7:00:00 AM
04/10/2025,3,14244,04/10/2025 8:00:00 AM
04/10/2025,4,14155,04/10/2025 9:00:00 AM
04/10/2025,5,14417,04/10/2025 10:00:00 AM
04/10/2025,6,15188,04/10/2025 11:00:00 AM
04/10/2025,7,16214,04/10/2025 12:00:00 PM
04/10/2025,8,16586,04/10/2025 1:00:00 PM
04/10/2025,9,16515,04/10/2025 2:00:00 PM
04/10/2025,10,16614,04/10/2025 3:00:00 PM
04/10/2025,11,16761,04/10/2025 4:00:00 PM
04/10/2025,12,16973,04/10/2025 5:00:00 PM
04/10/2025,13,17282,04/10/2025 6:00:00 PM
04/10/2025,14,17914,04/10/2025 7:00:00 PM
04/10/2025,15,18586,04/10/2025 8:00:00 PM
04/10/2025,16,19185,04/10/2025 9:00:00 PM
04/10/2025,17,19660,04/10/2025 10:00:00 PM
04/10/2025,18,19838,04/10/2025 11:00:00 PM
04/10/2025,19,19742,04/11/2025 12:00:00 AM
04/10/2025,20,19385,04/11/2025 1:00:00 AM
04/10/2025,21,19318,04/11/2025 2:00:00 AM
04/10/2025,22,18570,04/11/2025 3:00:00 AM
04/10/2025,23,17581,04/11/2025 4:00:00 AM
04/10/2025,24,16408,04/11/2025 5:00:00 AM
04/11/2025,1,15596,04/11/2025 6:00:00 AM
04/11/2025,2,14949,04/11/2025 7:00:00 AM
04/11/2025,3,14676,04/11/2025 8:00:00 AM
04/11/2025,4,14525,04/11/2025 9:00:00 AM
04/11/2025,5,14638,04/11/2025 10:00:00 AM
04/11/2025,6,15127,04/11/2025 11:00:00 AM
04/11/2025,7,16117,04/11/2025 12:00:00 PM
04/11/2025,8,16421,04/11/2025 1:00:00 PM
04/11/2025,9,16618,04/11/2025 2:00:00 PM
04/11/2025,10,16874,04/11/2025 3:00:00 PM
04/11/2025,11,16940,04/11/2025 4:00:00 PM
04/11/2025,12,17285,04/11/2025 5:00:00 PM
04/11/2025,13,17534,04/11/2025 6:00:00 PM
04/11/2025,14,18053,04/11/2025 7:00:00 PM
04/11/2025,15,18396,04/11/2025 8:00:00 PM
04/11/2025,16,18683,04/11/2025 9:00:00 PM
04/11/2025,17,18894,04/11/2025 10:00:00 PM
04/11/2025,18,18848,04/11/2025 11:00:00 PM
04/11/2025,19,18616,04/12/2025 12:00:00 AM
04/11/2025,20,18064,04/12/2025 1:00:00 AM
04/11/2025,21,17944,04/12/2025 2:00:00 AM
04/11/2025,22,17423,04/12/2025 3:00:00 AM
04/11/2025,23,16644,04/12/2025 4:00:00 AM
04/11/2025,24,15718,04/12/2025 5:00:00 AM
04/12/2025,1,15105,04/12/2025 6:00:00 AM
04/12/2025,2,14577,04/12/2025 7:00:00 AM
04/12/2025,3,14328,04/12/2025 8:00:00 AM
04/12/2025,4,14304,04/12/2025 9:00:00 AM
04/12/2025,5,14194,04/12/2025 10:00:00 AM
04/12/2025,6,14422,04/12/2025 11:00:00 AM
04/12/2025,7,14820,04/12/2025 12:00:00 PM
04/12/2025,8,15255,04/12/2025 1:00:00 PM
04/12/2025,9,15654,04/12/2025 2:00:00 PM
04/12/2025,10,15838,04/12/2025 3:00:00 PM
04/12/2025,11,15944,04/12/2025 4:00:00 PM
04/12/2025,12,15990,04/12/2025 5:00:00 PM
04/12/2025,13,16147,04/12/2025 6:00:00 PM
04/12/2025,14,16492,04/12/2025 7:00:00 PM
04/12/2025,15,16821,04/12/2025 8:00:00 PM
04/12/2025,16,17285,04/12/2025 9:00:00 PM
04/12/2025,17,17692,04/12/2025 10:00:00 PM
04/12/2025,18,17986,04/12/2025 11:00:00 PM
04/12/2025,19,17921,04/13/2025 12:00:00 AM
04/12/2025,20,17424,04/13/2025 1:00:00 AM
04/12/2025,21,17522,04/13/2025 2:00:00 AM
04/12/2025,22,17097,04/13/2025 3:00:00 AM
04/12/2025,23,16234,04/13/2025 4:00:00 AM
04/12/2025,24,15561,04/13/2025 5:00:00 AM
04/13/2025,1,15068,04/13/2025 6:00:00 AM
04/13/2025,2,14545,04/13/2025 7:00:00 AM
04/13/2025,3,14401,04/13/2025 8:00:00 AM
04/13/2025,4,14113,04/13/2025 9:00:00 AM
04/13/2025,5,14188,04/13/2025 10:00:00 AM
04/13/2025,6,14291,04/13/2025 11:00:00 AM
04/13/2025,7,14531,04/13/2025 12:00:00 PM
04/13/2025,8,15004,04/13/2025 1:00:00 PM
04/13/2025,9,15541,04/13/2025 2:00:00 PM
04/13/2025,10,15888,04/13/2025 3:00:00 PM
04/13/2025,11,16270,04/13/2025 4:00:00 PM
04/13/2025,12,16694,04/13/2025 5:00:00 PM
04/13/2025,13,17191,04/13/2025 6:00:00 PM
04/13/2025,14,17930,04/13/2025 7:00:00 PM
04/13/2025,15,18471,04/13/2025 8:00:00 PM
04/13/2025,16,19235,04/13/2025 9:00:00 PM
04/13/2025,17,19714,04/13/2025 10:00:00 PM
04/13/2025,18,19913,04/13/2025 11:00:00 PM
04/13/2025,19,19855,04/14/2025 12:00:00 AM
04/13/2025,20,19493,04/14/2025 1:00:00 AM
04/13/2025,21,19464,04/14/2025 2:00:00 AM
04/13/2025,22,18957,04/14/2025 3:00:00 AM
04/13/2025,23,17629,04/14/2025 4:00:00 AM
04/13/2025,24,16400,04/14/2025 5:00:00 AM
04/14/2025,1,15679,04/14/2025 6:00:00 AM
04/14/2025,2,15138,04/14/2025 7:00:00 AM
04/14/2025,3,14741,04/14/2025 8:00:00 AM
04/14/2025,4,14657,04/14/2025 9:00:00 AM
04/14/2025,5,14629,04/14/2025 10:00:00 AM
04/14/2025,6,15131,04/14/2025 11:00:00 AM
04/14/2025,7,15917,04/14/2025 12:00:00 PM
04/14/2025,8,16427,04/14/2025 1:00:00 PM
04/14/2025,9,16703,04/14/2025 2:00:00 PM
04/14/2025,10,17142,04/14/2025 3:00:00 PM
04/14/2025,11,17606,04/14/2025 4:00:00 PM
04/14/2025,12,18153,04/14/2025 5:00:00 PM
04/14/2025,13,18766,04/14/2025 6:00:00 PM
04/14/2025,14,19603,04/14/2025 7:00:00 PM
04/14/2025,15,20390,04/14/2025 8:00:00 PM
04/14/2025,16,21029,04/14/2025 9:00:00 PM
04/14/2025,17,21488,04/14/2025 10:00:00 PM
04/14/2025,18,21485,04/14/2025 11:00:00 PM
04/14/2025,19,21115,04/15/2025 12:00:00 AM
04/14/2025,20,20583,04/15/2025 1:00:00 AM
04/14/2025,21,20363,04/15/2025 2:00:00 AM
04/14/2025,22,19553,04/15/2025 3:00:00 AM
04/14/2025,23,18345,04/15/2025 4:00:00 AM
04/14/2025,24,16966,04/15/2025 5:00:00 AM
04/15/2025,1,16084,04/15/2025 6:00:00 AM
04/15/2025,2,15473,04/15/2025 7:00:00 AM
04/15/2025,3,15091,04/15/2025 8:00:00 AM
04/15/2025,4,14882,04/15/2025 9:00:00 AM
04/15/2025,5,14902,04/15/2025 10:00:00 AM
04/15/2025,6,15497,04/15/2025 11:00:00 AM
04/15/2025,7,16320,04/15/2025 12:00:00 PM
04/15/2025,8,16684,04/15/2025 1:00:00 PM
04/15/2025,9,16903,04/15/2025 2:00:00 PM
04/15/2025,10,16905,04/15/2025 3:00:00 PM
04/15/2025,11,17045,04/15/2025 4:00:00 PM
04/15/2025,12,17191,04/15/2025 5:00:00 PM
04/15/2025,13,17544,04/15/2025 6:00:00 PM
04/15/2025,14,17937,04/15/2025 7:00:00 PM
04/15/2025,15,18340,04/15/2025 8:00:00 PM
04/15/2025,16,18769,04/15/2025 9:00:00 PM
04/15/2025,17,19150,04/15/2025 10:00:00 PM
04/15/2025,18,19270,04/15/2025 11:00:00 PM
04/15/2025,19,19147,04/16/2025 12:00:00 AM
04/15/2025,20,18798,04/16/2025 1:00:00 AM
04/15/2025,21,18800,04/16/2025 2:00:00 AM
04/15/2025,22,18040,04/16/2025 3:00:00 AM
04/15/2025,23,17023,04/16/2025 4:00:00 AM
04/15/2025,24,16075,04/16/2025 5:00:00 AM
04/16/2025,1,15291,04/16/2025 6:00:00 AM
04/16/2025,2,14824,04/16/2025 7:00:00 AM
04/16/2025,3,14576,04/16/2025 8:00:00 AM
04/16/2025,4,14541,04/16/2025 9:00:00 AM
04/16/2025,5,14603,04/16/2025 10:00:00 AM
04/16/2025,6,15248,04/16/2025 11:00:00 AM
04/16/2025,7,16194,04/16/2025 12:00:00 PM
04/16/2025,8,16685,04/16/2025 1:00:00 PM
04/16/2025,9,16653,04/16/2025 2:00:00 PM
04/16/2025,10,16609,04/16/2025 3:00:00 PM
04/16/2025,11,16480,04/16/2025 4:00:00 PM
04/16/2025,12,16751,04/16/2025 5:00:00 PM
04/16/2025,13,17017,04/16/2025 6:00:00 PM
04/16/2025,14,17480,04/16/2025 7:00:00 PM
04/16/2025,15,18110,04/16/2025 8:00:00 PM
04/16/2025,16,18592,04/16/2025 9:00:00 PM
04/16/2025,17,19058,04/16/2025 10:00:00 PM
04/16/2025,18,19199,04/16/2025 11:00:00 PM
04/16/2025,19,19221,04/17/2025 12:00:00 AM
04/16/2025,20,18852,04/17/2025 1:00:00 AM
04/16/2025,21,18896,04/17/2025 2:00:00 AM
04/16/2025,22,18331,04/17/2025 3:00:00 AM
04/16/2025,23,17440,04/17/2025 4:00:00 AM
04/16/2025,24,16338,04/17/2025 5:00:00 AM
04/17/2025,1,15640,04/17/2025 6:00:00 AM
04/17/2025,2,15213,04/17/2025 7:00:00 AM
04/17/2025,3,14873,04/17/2025 8:00:00 AM
04/17/2025,4,14750,04/17/2025 9:00:00 AM
04/17/2025,5,14833,04/17/2025 10:00:00 AM
04/17/2025,6,15370,04/17/2025 11:00:00 AM
04/17/2025,7,16352,04/17/2025 12:00:00 PM
04/17/2025,8,16724,04/17/2025 1:00:00 PM
04/17/2025,9,16707,04/17/2025 2:00:00 PM
04/17/2025,10,16956,04/17/2025 3:00:00 PM
04/17/2025,11,17422,04/17/2025 4:00:00 PM
04/17/2025,12,18138,04/17/2025 5:00:00 PM
04/17/2025,13,18821,04/17/2025 6:00:00 PM
04/17/2025,14,19368,04/17/2025 7:00:00 PM
04/17/2025,15,20051,04/17/2025 8:00:00 PM
04/17/2025,16,20531,04/17/2025 9:00:00 PM
04/17/2025,17,21082,04/17/2025 10:00:00 PM
04/17/2025,18,20981,04/17/2025 11:00:00 PM
04/17/2025,19,20669,04/18/2025 12:00:00 AM
04/17/2025,20,20117,04/18/2025 1:00:00 AM
04/17/2025,21,20137,04/18/2025 2:00:00 AM
04/17/2025,22,19614,04/18/2025 3:00:00 AM
04/17/2025,23,18720,04/18/2025 4:00:00 AM
04/17/2025,24,17670,04/18/2025 5:00:00 AM
04/18/2025,1,16957,04/18/2025 6:00:00 AM
04/18/2025,2,16293,04/18/2025 7:00:00 AM
04/18/2025,3,15965,04/18/2025 8:00:00 AM
04/18/2025,4,15845,04/18/2025 9:00:00 AM
04/18/2025,5,15791,04/18/2025 10:00:00 AM
04/18/2025,6,16041,04/18/2025 11:00:00 AM
04/18/2025,7,16435,04/18/2025 12:00:00 PM
04/18/2025,8,16821,04/18/2025 1:00:00 PM
04/18/2025,9,17327,04/18/2025 2:00:00 PM
04/18/2025,10,18142,04/18/2025 3:00:00 PM
04/18/2025,11,18976,04/18/2025 4:00:00 PM
04/18/2025,12,19791,04/18/2025 5:00:00 PM
04/18/2025,13,20491,04/18/2025 6:00:00 PM
04/18/2025,14,21162,04/18/2025 7:00:00 PM
04/18/2025,15,21886,04/18/2025 8:00:00 PM
04/18/2025,16,22188,04/18/2025 9:00:00 PM
04/18/2025,17,22186,04/18/2025 10:00:00 PM
04/18/2025,18,22059,04/18/2025 11:00:00 PM
04/18/2025,19,21500,04/19/2025 12:00:00 AM
04/18/2025,20,20850,04/19/2025 1:00:00 AM
04/18/2025,21,20670,04/19/2025 2:00:00 AM
04/18/2025,22,20212,04/19/2025 3:00:00 AM
04/18/2025,23,19168,04/19/2025 4:00:00 AM
04/18/2025,24,18211,04/19/2025 5:00:00 AM
04/19/2025,1,17300,04/19/2025 6:00:00 AM
04/19/2025,2,16745,04/19/2025 7:00:00 AM
04/19/2025,3,16417,04/19/2025 8:00:00 AM
04/19/2025,4,15964,04/19/2025 9:00:00 AM
04/19/2025,5,15869,04/19/2025 10:00:00 AM
04/19/2025,6,15782,04/19/2025 11:00:00 AM
04/19/2025,7,15864,04/19/2025 12:00:00 PM
04/19/2025,8,16181,04/19/2025 1:00:00 PM
04/19/2025,9,16879,04/19/2025 2:00:00 PM
04/19/2025,10,17879,04/19/2025 3:00:00 PM
04/19/2025,11,18479,04/19/2025 4:00:00 PM
04/19/2025,12,19073,04/19/2025 5:00:00 PM
04/19/2025,13,19766,04/19/2025 6:00:00 PM
04/19/2025,14,20291,04/19/2025 7:00:00 PM
04/19/2025,15,20681,04/19/2025 8:00:00 PM
04/19/2025,16,20708,04/19/2025 9:00:00 PM
04/19/2025,17,20810,04/19/2025 10:00:00 PM
04/19/2025,18,20585,04/19/2025 11:00:00 PM
04/19/2025,19,20547,04/20/2025 12:00:00 AM
04/19/2025,20,20015,04/20/2025 1:00:00 AM
04/19/2025,21,20077,04/20/2025 2:00:00 AM
04/19/2025,22,19613,04/20/2025 3:00:00 AM
04/19/2025,23,18725,04/20/2025 4:00:00 AM
04/19/2025,24,17813,04/20/2025 5:00:00 AM
04/20/2025,1,16982,04/20/2025 6:00:00 AM
04/20/2025,2,16428,04/20/2025 7:00:00 AM
04/20/2025,3,15927,04/20/2025 8:00:00 AM
04/20/2025,4,15815,04/20/2025 9:00:00 AM
04/20/2025,5,15943,04/20/2025 10:00:00 AM
04/20/2025,6,15940,04/20/2025 11:00:00 AM
04/20/2025,7,16097,04/20/2025 12:00:00 PM
04/20/2025,8,16469,04/20/2025 1:00:00 PM
04/20/2025,9,17300,04/20/2025 2:00:00 PM
04/20/2025,10,18007,04/20/2025 3:00:00 PM
04/20/2025,11,18659,04/20/2025 4:00:00 PM
04/20/2025,12,19305,04/20/2025 5:00:00 PM
04/20/2025,13,19900,04/20/2025 6:00:00 PM
04/20/2025,14,20436,04/20/2025 7:00:00 PM
04/20/2025,15,20814,04/20/2025 8:00:00 PM
04/20/2025,16,20795,04/20/2025 9:00:00 PM
04/20/2025,17,20812,04/20/2025 10:00:00 PM
04/20/2025,18,20729,04/20/2025 11:00:00 PM
04/20/2025,19,20276,04/21/2025 12:00:00 AM
04/20/2025,20,19992,04/21/2025 1:00:00 AM
04/20/2025,21,19903,04/21/2025 2:00:00 AM
04/20/2025,22,19843,04/21/2025 3:00:00 AM
04/20/2025,23,18945,04/21/2025 4:00:00 AM
04/20/2025,24,17907,04/21/2025 5:00:00 AM
04/21/2025,1,17188,04/21/2025 6:00:00 AM
04/21/2025,2,16561,04/21/2025 7:00:00 AM
04/21/2025,3,16011,04/21/2025 8:00:00 AM
04/21/2025,4,15750,04/21/2025 9:00:00 AM
04/21/2025,5,15794,04/21/2025 10:00:00 AM
04/21/2025,6,16368,04/21/2025 11:00:00 AM
04/21/2025,7,16983,04/21/2025 12:00:00 PM
04/21/2025,8,17241,04/21/2025 1:00:00 PM
04/21/2025,9,17824,04/21/2025 2:00:00 PM
04/21/2025,10,18363,04/21/2025 3:00:00 PM
04/21/2025,11,18946,04/21/2025 4:00:00 PM
04/21/2025,12,19263,04/21/2025 5:00:00 PM
04/21/2025,13,19786,04/21/2025 6:00:00 PM
04/21/2025,14,20244,04/21/2025 7:00:00 PM
04/21/2025,15,20412,04/21/2025 8:00:00 PM
04/21/2025,16,20516,04/21/2025 9:00:00 PM
04/21/2025,17,20641,04/21/2025 10:00:00 PM
04/21/2025,18,20513,04/21/2025 11:00:00 PM
04/21/2025,19,20352,04/22/2025 12:00:00 AM
04/21/2025,20,20108,04/22/2025 1:00:00 AM
04/21/2025,21,19970,04/22/2025 2:00:00 AM
04/21/2025,22,19440,04/22/2025 3:00:00 AM
04/21/2025,23,18385,04/22/2025 4:00:00 AM
04/21/2025,24,17278,04/22/2025 5:00:00 AM
04/22/2025,1,16495,04/22/2025 6:00:00 AM
04/22/2025,2,15948,04/22/2025 7:00:00 AM
04/22/2025,3,15652,04/22/2025 8:00:00 AM
04/22/2025,4,15310,04/22/2025 9:00:00 AM
04/22/2025,5,15522,04/22/2025 10:00:00 AM
04/22/2025,6,15967,04/22/2025 11:00:00 AM
04/22/2025,7,16812,04/22/2025 12:00:00 PM
04/22/2025,8,17146,04/22/2025 1:00:00 PM
04/22/2025,9,17545,04/22/2025 2:00:00 PM
04/22/2025,10,18087,04/22/2025 3:00:00 PM
04/22/2025,11,18860,04/22/2025 4:00:00 PM
04/22/2025,12,19606,04/22/2025 5:00:00 PM
04/22/2025,13,20474,04/22/2025 6:00:00 PM
04/22/2025,14,21190,04/22/2025 7:00:00 PM
04/22/2025,15,21628,04/22/2025 8:00:00 PM
04/22/2025,16,21787,04/22/2025 9:00:00 PM
04/22/2025,17,21873,04/22/2025 10:00:00 PM
04/22/2025,18,21759,04/22/2025 11:00:00 PM
04/22/2025,19,21447,04/23/2025 12:00:00 AM
04/22/2025,20,20840,04/23/2025 1:00:00 AM
04/22/2025,21,20664,04/23/2025 2:00:00 AM
04/22/2025,22,19875,04/23/2025 3:00:00 AM
04/22/2025,23,19032,04/23/2025 4:00:00 AM
04/22/2025,24,17871,04/23/2025 5:00:00 AM
04/23/2025,1,16873,04/23/2025 6:00:00 AM
04/23/2025,2,16339,04/23/2025 7:00:00 AM
04/23/2025,3,15976,04/23/2025 8:00:00 AM
04/23/2025,4,15874,04/23/2025 9:00:00 AM
04/23/2025,5,15811,04/23/2025 10:00:00 AM
04/23/2025,6,16213,04/23/2025 11:00:00 AM
04/23/2025,7,16860,04/23/2025 12:00:00 PM
04/23/2025,8,17292,04/23/2025 1:00:00 PM
04/23/2025,9,17642,04/23/2025 2:00:00 PM
04/23/2025,10,18069,04/23/2025 3:00:00 PM
04/23/2025,11,18697,04/23/2025 4:00:00 PM
04/23/2025,12,19286,04/23/2025 5:00:00 PM
04/23/2025,13,19771,04/23/2025 6:00:00 PM
04/23/2025,14,20301,04/23/2025 7:00:00 PM
04/23/2025,15,20988,04/23/2025 8:00:00 PM
04/23/2025,16,21063,04/23/2025 9:00:00 PM
04/23/2025,17,21092,04/23/2025 10:00:00 PM
04/23/2025,18,20967,04/23/2025 11:00:00 PM
04/23/2025,19,20617,04/24/2025 12:00:00 AM
04/23/2025,20,20499,04/24/2025 1:00:00 AM
04/23/2025,21,20411,04/24/2025 2:00:00 AM
04/23/2025,22,19830,04/24/2025 3:00:00 AM
04/23/2025,23,18936,04/24/2025 4:00:00 AM
04/23/2025,24,17850,04/24/2025 5:00:00 AM
04/24/2025,1,17126,04/24/2025 6:00:00 AM
04/24/2025,2,16489,04/24/2025 7:00:00 AM
04/24/2025,3,16043,04/24/2025 8:00:00 AM
04/24/2025,4,15888,04/24/2025 9:00:00 AM
04/24/2025,5,16078,04/24/2025 10:00:00 AM
04/24/2025,6,16488,04/24/2025 11:00:00 AM
04/24/2025,7,17245,04/24/2025 12:00:00 PM
04/24/2025,8,17644,04/24/2025 1:00:00 PM
04/24/2025,9,17875,04/24/2025 2:00:00 PM
04/24/2025,10,18078,04/24/2025 3:00:00 PM
04/24/2025,11,18666,04/24/2025 4:00:00 PM
04/24/2025,12,19388,04/24/2025 5:00:00 PM
04/24/2025,13,19977,04/24/2025 6:00:00 PM
04/24/2025,14,20700,04/24/2025 7:00:00 PM
04/24/2025,15,21125,04/24/2025 8:00:00 PM
04/24/2025,16,21242,04/24/2025 9:00:00 PM
04/24/2025,17,21425,04/24/2025 10:00:00 PM
04/24/2025,18,21487,04/24/2025 11:00:00 PM
04/24/2025,19,21082,04/25/2025 12:00:00 AM
04/24/2025,20,20631,04/25/2025 1:00:00 AM
04/24/2025,21,20857,04/25/2025 2:00:00 AM
04/24/2025,22,20284,04/25/2025 3:00:00 AM
04/24/2025,23,19146,04/25/2025 4:00:00 AM
04/24/2025,24,18018,04/25/2025 5:00:00 AM
04/25/2025,1,17247,04/25/2025 6:00:00 AM
04/25/2025,2,16653,04/25/2025 7:00:00 AM
04/25/2025,3,16358,04/25/2025 8:00:00 AM
04/25/2025,4,16146,04/25/2025 9:00:00 AM
04/25/2025,5,16266,04/25/2025 10:00:00 AM
04/25/2025,6,16666,04/25/2025 11:00:00 AM
04/25/2025,7,17451,04/25/2025 12:00:00 PM
04/25/2025,8,17759,04/25/2025 1:00:00 PM
04/25/2025,9,18301,04/25/2025 2:00:00 PM
04/25/2025,10,18834,04/25/2025 3:00:00 PM
04/25/2025,11,19632,04/25/2025 4:00:00 PM
04/25/2025,12,20135,04/25/2025 5:00:00 PM
04/25/2025,13,20781,04/25/2025 6:00:00 PM
04/25/2025,14,21591,04/25/2025 7:00:00 PM
04/25/2025,15,22128,04/25/2025 8:00:00 PM
04/25/2025,16,22465,04/25/2025 9:00:00 PM
04/25/2025,17,22890,04/25/2025 10:00:00 PM
04/25/2025,18,22878,04/25/2025 11:00:00 PM
04/25/2025,19,22344,04/26/2025 12:00:00 AM
04/25/2025,20,21323,04/26/2025 1:00:00 AM
04/25/2025,21,20980,04/26/2025 2:00:00 AM
04/25/2025,22,20178,04/26/2025 3:00:00 AM
04/25/2025,23,19074,04/26/2025 4:00:00 AM
04/25/2025,24,18027,04/26/2025 5:00:00 AM
04/26/2025,1,17106,04/26/2025 6:00:00 AM
04/26/2025,2,16434,04/26/2025 7:00:00 AM
04/26/2025,3,15906,04/26/2025 8:00:00 AM
04/26/2025,4,15695,04/26/2025 9:00:00 AM
04/26/2025,5,15543,04/26/2025 10:00:00 AM
04/26/2025,6,15368,04/26/2025 11:00:00 AM
04/26/2025,7,15649,04/26/2025 12:00:00 PM
04/26/2025,8,15851,04/26/2025 1:00:00 PM
04/26/2025,9,16707,04/26/2025 2:00:00 PM
04/26/2025,10,17707,04/26/2025 3:00:00 PM
04/26/2025,11,18751,04/26/2025 4:00:00 PM
04/26/2025,12,19658,04/26/2025 5:00:00 PM
04/26/2025,13,20532,04/26/2025 6:00:00 PM
04/26/2025,14,21413,04/26/2025 7:00:00 PM
04/26/2025,15,22081,04/26/2025 8:00:00 PM
04/26/2025,16,22434,04/26/2025 9:00:00 PM
04/26/2025,17,22771,04/26/2025 10:00:00 PM
04/26/2025,18,22629,04/26/2025 11:00:00 PM
04/26/2025,19,22337,04/27/2025 12:00:00 AM
04/26/2025,20,21509,04/27/2025 1:00:00 AM
04/26/2025,21,21160,04/27/2025 2:00:00 AM
04/26/2025,22,20397,04/27/2025 3:00:00 AM
04/26/2025,23,19479,04/27/2025 4:00:00 AM
04/26/2025,24,18215,04/27/2025 5:00:00 AM
04/27/2025,1,17223,04/27/2025 6:00:00 AM
04/27/2025,2,16508,04/27/2025 7:00:00 AM
04/27/2025,3,16048,04/27/2025 8:00:00 AM
04/27/2025,4,15691,04/27/2025 9:00:00 AM
04/27/2025,5,15613,04/27/2025 10:00:00 AM
04/27/2025,6,15715,04/27/2025 11:00:00 AM
04/27/2025,7,15704,04/27/2025 12:00:00 PM
04/27/2025,8,15823,04/27/2025 1:00:00 PM
04/27/2025,9,16743,04/27/2025 2:00:00 PM
04/27/2025,10,17972,04/27/2025 3:00:00 PM
04/27/2025,11,18777,04/27/2025 4:00:00 PM
04/27/2025,12,19968,04/27/2025 5:00:00 PM
04/27/2025,13,21135,04/27/2025 6:00:00 PM
04/27/2025,14,22159,04/27/2025 7:00:00 PM
04/27/2025,15,22743,04/27/2025 8:00:00 PM
04/27/2025,16,22932,04/27/2025 9:00:00 PM
04/27/2025,17,23102,04/27/2025 10:00:00 PM
04/27/2025,18,23143,04/27/2025 11:00:00 PM
04/27/2025,19,22799,04/28/2025 12:00:00 AM
04/27/2025,20,22152,04/28/2025 1:00:00 AM
04/27/2025,21,21780,04/28/2025 2:00:00 AM
04/27/2025,22,21010,04/28/2025 3:00:00 AM
04/27/2025,23,19690,04/28/2025 4:00:00 AM
04/27/2025,24,18216,04/28/2025 5:00:00 AM
04/28/2025,1,17078,04/28/2025 6:00:00 AM
04/28/2025,2,16289,04/28/2025 7:00:00 AM
04/28/2025,3,15957,04/28/2025 8:00:00 AM
04/28/2025,4,15633,04/28/2025 9:00:00 AM
04/28/2025,5,15647,04/28/2025 10:00:00 AM
04/28/2025,6,16228,04/28/2025 11:00:00 AM
04/28/2025,7,16785,04/28/2025 12:00:00 PM
04/28/2025,8,17358,04/28/2025 1:00:00 PM
04/28/2025,9,17968,04/28/2025 2:00:00 PM
04/28/2025,10,18959,04/28/2025 3:00:00 PM
04/28/2025,11,19862,04/28/2025 4:00:00 PM
04/28/2025,12,21271,04/28/2025 5:00:00 PM
04/28/2025,13,22016,04/28/2025 6:00:00 PM
04/28/2025,14,22840,04/28/2025 7:00:00 PM
04/28/2025,15,23588,04/28/2025 8:00:00 PM
04/28/2025,16,24098,04/28/2025 9:00:00 PM
04/28/2025,17,24189,04/28/2025 10:00:00 PM
04/28/2025,18,24008,04/28/2025 11:00:00 PM
04/28/2025,19,23572,04/29/2025 12:00:00 AM
04/28/2025,20,22869,04/29/2025 1:00:00 AM
04/28/2025,21,22388,04/29/2025 2:00:00 AM
04/28/2025,22,21452,04/29/2025 3:00:00 AM
04/28/2025,23,20146,04/29/2025 4:00:00 AM
04/28/2025,24,18760,04/29/2025 5:00:00 AM
04/29/2025,1,17806,04/29/2025 6:00:00 AM
04/29/2025,2,17200,04/29/2025 7:00:00 AM
04/29/2025,3,16619,04/29/2025 8:00:00 AM
04/29/2025,4,16345,04/29/2025 9:00:00 AM
04/29/2025,5,16269,04/29/2025 10:00:00 AM
04/29/2025,6,16603,04/29/2025 11:00:00 AM
04/29/2025,7,17382,04/29/2025 12:00:00 PM
04/29/2025,8,17894,04/29/2025 1:00:00 PM
04/29/2025,9,18526,04/29/2025 2:00:00 PM
04/29/2025,10,19217,04/29/2025 3:00:00 PM
04/29/2025,11,19988,04/29/2025 4:00:00 PM
04/29/2025,12,20869,04/29/2025 5:00:00 PM
04/29/2025,13,21562,04/29/2025 6:00:00 PM
04/29/2025,14,22382,04/29/2025 7:00:00 PM
04/29/2025,15,22681,04/29/2025 8:00:00 PM
04/29/2025,16,23034,04/29/2025 9:00:00 PM
04/29/2025,17,23189,04/29/2025 10:00:00 PM
04/29/2025,18,22989,04/29/2025 11:00:00 PM
04/29/2025,19,22557,04/30/2025 12:00:00 AM
04/29/2025,20,21979,04/30/2025 1:00:00 AM
04/29/2025,21,21915,04/30/2025 2:00:00 AM
04/29/2025,22,21097,04/30/2025 3:00:00 AM
04/29/2025,23,19873,04/30/2025 4:00:00 AM
04/29/2025,24,18608,04/30/2025 5:00:00 AM
04/30/2025,1,17662,04/30/2025 6:00:00 AM
04/30/2025,2,16867,04/30/2025 7:00:00 AM
04/30/2025,3,16537,04/30/2025 8:00:00 AM
04/30/2025,4,16251,04/30/2025 9:00:00 AM
04/30/2025,5,16156,04/30/2025 10:00:00 AM
04/30/2025,6,16705,04/30/2025 11:00:00 AM
04/30/2025,7,17263,04/30/2025 12:00:00 PM
04/30/2025,8,17662,04/30/2025 1:00:00 PM
04/30/2025,9,18133,04/30/2025 2:00:00 PM
04/30/2025,10,19015,04/30/2025 3:00:00 PM
04/30/2025,11,19886,04/30/2025 4:00:00 PM
04/30/2025,12,20669,04/30/2025 5:00:00 PM
04/30/2025,13,21397,04/30/2025 6:00:00 PM
04/30/2025,14,21955,04/30/2025 7:00:00 PM
04/30/2025,15,22419,04/30/2025 8:00:00 PM
04/30/2025,16,22788,04/30/2025 9:00:00 PM
04/30/2025,17,22827,04/30/2025 10:00:00 PM
04/30/2025,18,22413,04/30/2025 11:00:00 PM
04/30/2025,19,21974,05/01/2025 12:00:00 AM
04/30/2025,20,21361,05/01/2025 1:00:00 AM
04/30/2025,21,21335,05/01/2025 2:00:00 AM
04/30/2025,22,20709,05/01/2025 3:00:00 AM
04/30/2025,23,19625,05/01/2025 4:00:00 AM
04/30/2025,24,18621,05/01/2025 5:00:00 AM
05/01/2025,1,17662,05/01/2025 6:00:00 AM
05/01/2025,2,17016,05/01/2025 7:00:00 AM
05/01/2025,3,16452,05/01/2025 8:00:00 AM
05/01/2025,4,16306,05/01/2025 9:00:00 AM
05/01/2025,5,16142,05/01/2025 10:00:00 AM
05/01/2025,6,16571,05/01/2025 11:00:00 AM
05/01/2025,7,17211,05/01/2025 12:00:00 PM
05/01/2025,8,17466,05/01/2025 1:00:00 PM
05/01/2025,9,17639,05/01/2025 2:00:00 PM
05/01/2025,10,18068,05/01/2025 3:00:00 PM
05/01/2025,11,18624,05/01/2025 4:00:00 PM
05/01/2025,12,19487,05/01/2025 5:00:00 PM
05/01/2025,13,20410,05/01/2025 6:00:00 PM
05/01/2025,14,21420,05/01/2025 7:00:00 PM
05/01/2025,15,22178,05/01/2025 8:00:00 PM
05/01/2025,16,22758,05/01/2025 9:00:00 PM
05/01/2025,17,23188,05/01/2025 10:00:00 PM
05/01/2025,18,23196,05/01/2025 11:00:00 PM
05/01/2025,19,22728,05/02/2025 12:00:00 AM
05/01/2025,20,22066,05/02/2025 1:00:00 AM
05/01/2025,21,21873,05/02/2025 2:00:00 AM
05/01/2025,22,21056,05/02/2025 3:00:00 AM
05/01/2025,23,19901,05/02/2025 4:00:00 AM
05/01/2025,24,18488,05/02/2025 5:00:00 AM
05/02/2025,1,17669,05/02/2025 6:00:00 AM
05/02/2025,2,17067,05/02/2025 7:00:00 AM
05/02/2025,3,16432,05/02/2025 8:00:00 AM
05/02/2025,4,16050,05/02/2025 9:00:00 AM
05/02/2025,5,16095,05/02/2025 10:00:00 AM
05/02/2025,6,16419,05/02/2025 11:00:00 AM
05/02/2025,7,17176,05/02/2025 12:00:00 PM
05/02/2025,8,17805,05/02/2025 1:00:00 PM
05/02/2025,9,18265,05/02/2025 2:00:00 PM
05/02/2025,10,18904,05/02/2025 3:00:00 PM
05/02/2025,11,19543,05/02/2025 4:00:00 PM
05/02/2025,12,20074,05/02/2025 5:00:00 PM
05/02/2025,13,20583,05/02/2025 6:00:00 PM
05/02/2025,14,20740,05/02/2025 7:00:00 PM
05/02/2025,15,21011,05/02/2025 8:00:00 PM
05/02/2025,16,20894,05/02/2025 9:00:00 PM
05/02/2025,17,20823,05/02/2025 10:00:00 PM
05/02/2025,18,20568,05/02/2025 11:00:00 PM
05/02/2025,19,19992,05/03/2025 12:00:00 AM
05/02/2025,20,19410,05/03/2025 1:00:00 AM
05/02/2025,21,19287,05/03/2025 2:00:00 AM
05/02/2025,22,18759,05/03/2025 3:00:00 AM
05/02/2025,23,18122,05/03/2025 4:00:00 AM
05/02/2025,24,17283,05/03/2025 5:00:00 AM
05/03/2025,1,16398,05/03/2025 6:00:00 AM
05/03/2025,2,15875,05/03/2025 7:00:00 AM
05/03/2025,3,15372,05/03/2025 8:00:00 AM
05/03/2025,4,15107,05/03/2025 9:00:00 AM
05/03/2025,5,14909,05/03/2025 10:00:00 AM
05/03/2025,6,15054,05/03/2025 11:00:00 AM
05/03/2025,7,15230,05/03/2025 12:00:00 PM
05/03/2025,8,15591,05/03/2025 1:00:00 PM
05/03/2025,9,16056,05/03/2025 2:00:00 PM
05/03/2025,10,16692,05/03/2025 3:00:00 PM
05/03/2025,11,17141,05/03/2025 4:00:00 PM
05/03/2025,12,17421,05/03/2025 5:00:00 PM
05/03/2025,13,17844,05/03/2025 6:00:00 PM
05/03/2025,14,18257,05/03/2025 7:00:00 PM
05/03/2025,15,18836,05/03/2025 8:00:00 PM
05/03/2025,16,19202,05/03/2025 9:00:00 PM
05/03/2025,17,19590,05/03/2025 10:00:00 PM
05/03/2025,18,19700,05/03/2025 11:00:00 PM
05/03/2025,19,19418,05/04/2025 12:00:00 AM
05/03/2025,20,18755,05/04/2025 1:00:00 AM
05/03/2025,21,18552,05/04/2025 2:00:00 AM
05/03/2025,22,18080,05/04/2025 3:00:00 AM
05/03/2025,23,17149,05/04/2025 4:00:00 AM
05/03/2025,24,16361,05/04/2025 5:00:00 AM
05/04/2025,1,15525,05/04/2025 6:00:00 AM
05/04/2025,2,14864,05/04/2025 7:00:00 AM
05/04/2025,3,14414,05/04/2025 8:00:00 AM
05/04/2025,4,14291,05/04/2025 9:00:00 AM
05/04/2025,5,14027,05/04/2025 10:00:00 AM
05/04/2025,6,14019,05/04/2025 11:00:00 AM
05/04/2025,7,14117,05/04/2025 12:00:00 PM
05/04/2025,8,14443,05/04/2025 1:00:00 PM
05/04/2025,9,15024,05/04/2025 2:00:00 PM
05/04/2025,10,15433,05/04/2025 3:00:00 PM
05/04/2025,11,15876,05/04/2025 4:00:00 PM
05/04/2025,12,16160,05/04/2025 5:00:00 PM
05/04/2025,13,16744,05/04/2025 6:00:00 PM
05/04/2025,14,17411,05/04/2025 7:00:00 PM
05/04/2025,15,17896,05/04/2025 8:00:00 PM
05/04/2025,16,18591,05/04/2025 9:00:00 PM
05/04/2025,17,19123,05/04/2025 10:00:00 PM
05/04/2025,18,19417,05/04/2025 11:00:00 PM
05/04/2025,19,19384,05/05/2025 12:00:00 AM
05/04/2025,20,18806,05/05/2025 1:00:00 AM
05/04/2025,21,18826,05/05/2025 2:00:00 AM
05/04/2025,22,18276,05/05/2025 3:00:00 AM
05/04/2025,23,17017,05/05/2025 4:00:00 AM
05/04/2025,24,15847,05/05/2025 5:00:00 AM
05/05/2025,1,14981,05/05/2025 6:00:00 AM
05/05/2025,2,14555,05/05/2025 7:00:00 AM
05/05/2025,3,14163,05/05/2025 8:00:00 AM
05/05/2025,4,14119,05/05/2025 9:00:00 AM
05/05/2025,5,14238,05/05/2025 10:00:00 AM
05/05/2025,6,14891,05/05/2025 11:00:00 AM
05/05/2025,7,15653,05/05/2025 12:00:00 PM
05/05/2025,8,16165,05/05/2025 1:00:00 PM
05/05/2025,9,16420,05/05/2025 2:00:00 PM
05/05/2025,10,16749,05/05/2025 3:00:00 PM
05/05/2025,11,17025,05/05/2025 4:00:00 PM
05/05/2025,12,17574,05/05/2025 5:00:00 PM
05/05/2025,13,18120,05/05/2025 6:00:00 PM
05/05/2025,14,18594,05/05/2025 7:00:00 PM
05/05/2025,15,19241,05/05/2025 8:00:00 PM
05/05/2025,16,19737,05/05/2025 9:00:00 PM
05/05/2025,17,20118,05/05/2025 10:00:00 PM
05/05/2025,18,20057,05/05/2025 11:00:00 PM
05/05/2025,19,19573,05/06/2025 12:00:00 AM
05/05/2025,20,19212,05/06/2025 1:00:00 AM
05/05/2025,21,19094,05/06/2025 2:00:00 AM
05/05/2025,22,18601,05/06/2025 3:00:00 AM
05/05/2025,23,17637,05/06/2025 4:00:00 AM
05/05/2025,24,16747,05/06/2025 5:00:00 AM
05/06/2025,1,15812,05/06/2025 6:00:00 AM
05/06/2025,2,15199,05/06/2025 7:00:00 AM
05/06/2025,3,14999,05/06/2025 8:00:00 AM
05/06/2025,4,15011,05/06/2025 9:00:00 AM
05/06/2025,5,15208,05/06/2025 10:00:00 AM
05/06/2025,6,15605,05/06/2025 11:00:00 AM
05/06/2025,7,16583,05/06/2025 12:00:00 PM
05/06/2025,8,16724,05/06/2025 1:00:00 PM
05/06/2025,9,16841,05/06/2025 2:00:00 PM
05/06/2025,10,17254,05/06/2025 3:00:00 PM
05/06/2025,11,17806,05/06/2025 4:00:00 PM
05/06/2025,12,18331,05/06/2025 5:00:00 PM
05/06/2025,13,18922,05/06/2025 6:00:00 PM
05/06/2025,14,19341,05/06/2025 7:00:00 PM
05/06/2025,15,19402,05/06/2025 8:00:00 PM
05/06/2025,16,19431,05/06/2025 9:00:00 PM
05/06/2025,17,19557,05/06/2025 10:00:00 PM
05/06/2025,18,19675,05/06/2025 11:00:00 PM
05/06/2025,19,19676,05/07/2025 12:00:00 AM
05/06/2025,20,19449,05/07/2025 1:00:00 AM
05/06/2025,21,19567,05/07/2025 2:00:00 AM
05/06/2025,22,19214,05/07/2025 3:00:00 AM
05/06/2025,23,18229,05/07/2025 4:00:00 AM
05/06/2025,24,17274,05/07/2025 5:00:00 AM
05/07/2025,1,16593,05/07/2025 6:00:00 AM
05/07/2025,2,16037,05/07/2025 7:00:00 AM
05/07/2025,3,15702,05/07/2025 8:00:00 AM
05/07/2025,4,15414,05/07/2025 9:00:00 AM
05/07/2025,5,15536,05/07/2025 10:00:00 AM
05/07/2025,6,15853,05/07/2025 11:00:00 AM
05/07/2025,7,16633,05/07/2025 12:00:00 PM
05/07/2025,8,16972,05/07/2025 1:00:00 PM
05/07/2025,9,17193,05/07/2025 2:00:00 PM
05/07/2025,10,17487,05/07/2025 3:00:00 PM
05/07/2025,11,17619,05/07/2025 4:00:00 PM
05/07/2025,12,17830,05/07/2025 5:00:00 PM
05/07/2025,13,17985,05/07/2025 6:00:00 PM
05/07/2025,14,18240,05/07/2025 7:00:00 PM
05/07/2025,15,18470,05/07/2025 8:00:00 PM
05/07/2025,16,18825,05/07/2025 9:00:00 PM
05/07/2025,17,19140,05/07/2025 10:00:00 PM
05/07/2025,18,19531,05/07/2025 11:00:00 PM
05/07/2025,19,19717,05/08/2025 12:00:00 AM
05/07/2025,20,19400,05/08/2025 1:00:00 AM
05/07/2025,21,19357,05/08/2025 2:00:00 AM
05/07/2025,22,18768,05/08/2025 3:00:00 AM
05/07/2025,23,17762,05/08/2025 4:00:00 AM
05/07/2025,24,16613,05/08/2025 5:00:00 AM
05/08/2025,1,15753,05/08/2025 6:00:00 AM
05/08/2025,2,15156,05/08/2025 7:00:00 AM
05/08/2025,3,14938,05/08/2025 8:00:00 AM
05/08/2025,4,14690,05/08/2025 9:00:00 AM
05/08/2025,5,14708,05/08/2025 10:00:00 AM
05/08/2025,6,15165,05/08/2025 11:00:00 AM
05/08/2025,7,15899,05/08/2025 12:00:00 PM
05/08/2025,8,16332,05/08/2025 1:00:00 PM
05/08/2025,9,16868,05/08/2025 2:00:00 PM
05/08/2025,10,17569,05/08/2025 3:00:00 PM
05/08/2025,11,18308,05/08/2025 4:00:00 PM
05/08/2025,12,19188,05/08/2025 5:00:00 PM
05/08/2025,13,20100,05/08/2025 6:00:00 PM
05/08/2025,14,21086,05/08/2025 7:00:00 PM
05/08/2025,15,21809,05/08/2025 8:00:00 PM
05/08/2025,16,22421,05/08/2025 9:00:00 PM
05/08/2025,17,22720,05/08/2025 10:00:00 PM
05/08/2025,18,22602,05/08/2025 11:00:00 PM
05/08/2025,19,22153,05/09/2025 12:00:00 AM
05/08/2025,20,21553,05/09/2025 1:00:00 AM
05/08/2025,21,21201,05/09/2025 2:00:00 AM
05/08/2025,22,20538,05/09/2025 3:00:00 AM
05/08/2025,23,19490,05/09/2025 4:00:00 AM
05/08/2025,24,18052,05/09/2025 5:00:00 AM
05/09/2025,1,17066,05/09/2025 6:00:00 AM
05/09/2025,2,16507,05/09/2025 7:00:00 AM
05/09/2025,3,15984,05/09/2025 8:00:00 AM
05/09/2025,4,15856,05/09/2025 9:00:00 AM
05/09/2025,5,15776,05/09/2025 10:00:00 AM
05/09/2025,6,16025,05/09/2025 11:00:00 AM
05/09/2025,7,16629,05/09/2025 12:00:00 PM
05/09/2025,8,16801,05/09/2025 1:00:00 PM
05/09/2025,9,17115,05/09/2025 2:00:00 PM
05/09/2025,10,17425,05/09/2025 3:00:00 PM
05/09/2025,11,17698,05/09/2025 4:00:00 PM
05/09/2025,12,17974,05/09/2025 5:00:00 PM
05/09/2025,13,18023,05/09/2025 6:00:00 PM
05/09/2025,14,18431,05/09/2025 7:00:00 PM
05/09/2025,15,18478,05/09/2025 8:00:00 PM
05/09/2025,16,18502,05/09/2025 9:00:00 PM
05/09/2025,17,18452,05/09/2025 10:00:00 PM
05/09/2025,18,18530,05/09/2025 11:00:00 PM
05/09/2025,19,18384,05/10/2025 12:00:00 AM
05/09/2025,20,18086,05/10/2025 1:00:00 AM
05/09/2025,21,18094,05/10/2025 2:00:00 AM
05/09/2025,22,17723,05/10/2025 3:00:00 AM
05/09/2025,23,17162,05/10/2025 4:00:00 AM
05/09/2025,24,16234,05/10/2025 5:00:00 AM
05/10/2025,1,15596,05/10/2025 6:00:00 AM
05/10/2025,2,15096,05/10/2025 7:00:00 AM
05/10/2025,3,14817,05/10/2025 8:00:00 AM
05/10/2025,4,14517,05/10/2025 9:00:00 AM
05/10/2025,5,14439,05/10/2025 10:00:00 AM
05/10/2025,6,14569,05/10/2025 11:00:00 AM
05/10/2025,7,14666,05/10/2025 12:00:00 PM
05/10/2025,8,15043,05/10/2025 1:00:00 PM
05/10/2025,9,15456,05/10/2025 2:00:00 PM
05/10/2025,10,16169,05/10/2025 3:00:00 PM
05/10/2025,11,16526,05/10/2025 4:00:00 PM
05/10/2025,12,16811,05/10/2025 5:00:00 PM
05/10/2025,13,17244,05/10/2025 6:00:00 PM
05/10/2025,14,17538,05/10/2025 7:00:00 PM
05/10/2025,15,17838,05/10/2025 8:00:00 PM
05/10/2025,16,18149,05/10/2025 9:00:00 PM
05/10/2025,17,18236,05/10/2025 10:00:00 PM
05/10/2025,18,18131,05/10/2025 11:00:00 PM
05/10/2025,19,18014,05/11/2025 12:00:00 AM
05/10/2025,20,17785,05/11/2025 1:00:00 AM
05/10/2025,21,17798,05/11/2025 2:00:00 AM
05/10/2025,22,17534,05/11/2025 3:00:00 AM
05/10/2025,23,16886,05/11/2025 4:00:00 AM
05/10/2025,24,16029,05/11/2025 5:00:00 AM
05/11/2025,1,15271,05/11/2025 6:00:00 AM
05/11/2025,2,14635,05/11/2025 7:00:00 AM
05/11/2025,3,14422,05/11/2025 8:00:00 AM
05/11/2025,4,14134,05/11/2025 9:00:00 AM
05/11/2025,5,14054,05/11/2025 10:00:00 AM
05/11/2025,6,14201,05/11/2025 11:00:00 AM
05/11/2025,7,14383,05/11/2025 12:00:00 PM
05/11/2025,8,14664,05/11/2025 1:00:00 PM
05/11/2025,9,15444,05/11/2025 2:00:00 PM
05/11/2025,10,16046,05/11/2025 3:00:00 PM
05/11/2025,11,16229,05/11/2025 4:00:00 PM
05/11/2025,12,16584,05/11/2025 5:00:00 PM
05/11/2025,13,16893,05/11/2025 6:00:00 PM
05/11/2025,14,17118,05/11/2025 7:00:00 PM
05/11/2025,15,17341,05/11/2025 8:00:00 PM
05/11/2025,16,17693,05/11/2025 9:00:00 PM
05/11/2025,17,17858,05/11/2025 10:00:00 PM
05/11/2025,18,18135,05/11/2025 11:00:00 PM
05/11/2025,19,18124,05/12/2025 12:00:00 AM
05/11/2025,20,17972,05/12/2025 1:00:00 AM
05/11/2025,21,18318,05/12/2025 2:00:00 AM
05/11/2025,22,18048,05/12/2025 3:00:00 AM
05/11/2025,23,17102,05/12/2025 4:00:00 AM
05/11/2025,24,16060,05/12/2025 5:00:00 AM
05/12/2025,1,15345,05/12/2025 6:00:00 AM
05/12/2025,2,14841,05/12/2025 7:00:00 AM
05/12/2025,3,14405,05/12/2025 8:00:00 AM
05/12/2025,4,14427,05/12/2025 9:00:00 AM
05/12/2025,5,14622,05/12/2025 10:00:00 AM
05/12/2025,6,15107,05/12/2025 11:00:00 AM
05/12/2025,7,15955,05/12/2025 12:00:00 PM
05/12/2025,8,16304,05/12/2025 1:00:00 PM
05/12/2025,9,16831,05/12/2025 2:00:00 PM
05/12/2025,10,17112,05/12/2025 3:00:00 PM
05/12/2025,11,17541,05/12/2025 4:00:00 PM
05/12/2025,12,18036,05/12/2025 5:00:00 PM
05/12/2025,13,18262,05/12/2025 6:00:00 PM
05/12/2025,14,18625,05/12/2025 7:00:00 PM
05/12/2025,15,19160,05/12/2025 8:00:00 PM
05/12/2025,16,19501,05/12/2025 9:00:00 PM
05/12/2025,17,19868,05/12/2025 10:00:00 PM
05/12/2025,18,20140,05/12/2025 11:00:00 PM
05/12/2025,19,20249,05/13/2025 12:00:00 AM
05/12/2025,20,19768,05/13/2025 1:00:00 AM
05/12/2025,21,19733,05/13/2025 2:00:00 AM
05/12/2025,22,19238,05/13/2025 3:00:00 AM
05/12/2025,23,18120,05/13/2025 4:00:00 AM
05/12/2025,24,16853,05/13/2025 5:00:00 AM
05/13/2025,1,15960,05/13/2025 6:00:00 AM
05/13/2025,2,15471,05/13/2025 7:00:00 AM
05/13/2025,3,15081,05/13/2025 8:00:00 AM
05/13/2025,4,14991,05/13/2025 9:00:00 AM
05/13/2025,5,14941,05/13/2025 10:00:00 AM
05/13/2025,6,15419,05/13/2025 11:00:00 AM
05/13/2025,7,16352,05/13/2025 12:00:00 PM
05/13/2025,8,16739,05/13/2025 1:00:00 PM
05/13/2025,9,17006,05/13/2025 2:00:00 PM
05/13/2025,10,17538,05/13/2025 3:00:00 PM
05/13/2025,11,18222,05/13/2025 4:00:00 PM
05/13/2025,12,19199,05/13/2025 5:00:00 PM
05/13/2025,13,20220,05/13/2025 6:00:00 PM
05/13/2025,14,21319,05/13/2025 7:00:00 PM
05/13/2025,15,22144,05/13/2025 8:00:00 PM
05/13/2025,16,22857,05/13/2025 9:00:00 PM
05/13/2025,17,23473,05/13/2025 10:00:00 PM
05/13/2025,18,23653,05/13/2025 11:00:00 PM
05/13/2025,19,23247,05/14/2025 12:00:00 AM
05/13/2025,20,22495,05/14/2025 1:00:00 AM
05/13/2025,21,22179,05/14/2025 2:00:00 AM
05/13/2025,22,21580,05/14/2025 3:00:00 AM
05/13/2025,23,20407,05/14/2025 4:00:00 AM
05/13/2025,24,19122,05/14/2025 5:00:00 AM
05/14/2025,1,17954,05/14/2025 6:00:00 AM
05/14/2025,2,17361,05/14/2025 7:00:00 AM
05/14/2025,3,16790,05/14/2025 8:00:00 AM
05/14/2025,4,16533,05/14/2025 9:00:00 AM
05/14/2025,5,16506,05/14/2025 10:00:00 AM
05/14/2025,6,16999,05/14/2025 11:00:00 AM
05/14/2025,7,17586,05/14/2025 12:00:00 PM
05/14/2025,8,18067,05/14/2025 1:00:00 PM
05/14/2025,9,18716,05/14/2025 2:00:00 PM
05/14/2025,10,19500,05/14/2025 3:00:00 PM
05/14/2025,11,20471,05/14/2025 4:00:00 PM
05/14/2025,12,21440,05/14/2025 5:00:00 PM
05/14/2025,13,22154,05/14/2025 6:00:00 PM
05/14/2025,14,23116,05/14/2025 7:00:00 PM
05/14/2025,15,23903,05/14/2025 8:00:00 PM
05/14/2025,16,24544,05/14/2025 9:00:00 PM
05/14/2025,17,24995,05/14/2025 10:00:00 PM
05/14/2025,18,25069,05/14/2025 11:00:00 PM
05/14/2025,19,24563,05/15/2025 12:00:00 AM
05/14/2025,20,23806,05/15/2025 1:00:00 AM
05/14/2025,21,23265,05/15/2025 2:00:00 AM
05/14/2025,22,22643,05/15/2025 3:00:00 AM
05/14/2025,23,21261,05/15/2025 4:00:00 AM
05/14/2025,24,19852,05/15/2025 5:00:00 AM
05/15/2025,1,18930,05/15/2025 6:00:00 AM
05/15/2025,2,18131,05/15/2025 7:00:00 AM
05/15/2025,3,17609,05/15/2025 8:00:00 AM
05/15/2025,4,17343,05/15/2025 9:00:00 AM
05/15/2025,5,17504,05/15/2025 10:00:00 AM
05/15/2025,6,17882,05/15/2025 11:00:00 AM
05/15/2025,7,18523,05/15/2025 12:00:00 PM
05/15/2025,8,18792,05/15/2025 1:00:00 PM
05/15/2025,9,19464,05/15/2025 2:00:00 PM
05/15/2025,10,20367,05/15/2025 3:00:00 PM
05/15/2025,11,21303,05/15/2025 4:00:00 PM
05/15/2025,12,22600,05/15/2025 5:00:00 PM
05/15/2025,13,23940,05/15/2025 6:00:00 PM
05/15/2025,14,24803,05/15/2025 7:00:00 PM
05/15/2025,15,25384,05/15/2025 8:00:00 PM
05/15/2025,16,25762,05/15/2025 9:00:00 PM
05/15/2025,17,25964,05/15/2025 10:00:00 PM
05/15/2025,18,25935,05/15/2025 11:00:00 PM
05/15/2025,19,25382,05/16/2025 12:00:00 AM
05/15/2025,20,24621,05/16/2025 1:00:00 AM
05/15/2025,21,24387,05/16/2025 2:00:00 AM
05/15/2025,22,23483,05/16/2025 3:00:00 AM
05/15/2025,23,22182,05/16/2025 4:00:00 AM
05/15/2025,24,20994,05/16/2025 5:00:00 AM
05/16/2025,1,19960,05/16/2025 6:00:00 AM
05/16/2025,2,19230,05/16/2025 7:00:00 AM
05/16/2025,3,18829,05/16/2025 8:00:00 AM
05/16/2025,4,18450,05/16/2025 9:00:00 AM
05/16/2025,5,18348,05/16/2025 10:00:00 AM
05/16/2025,6,18636,05/16/2025 11:00:00 AM
05/16/2025,7,19092,05/16/2025 12:00:00 PM
05/16/2025,8,19377,05/16/2025 1:00:00 PM
05/16/2025,9,20043,05/16/2025 2:00:00 PM
05/16/2025,10,20990,05/16/2025 3:00:00 PM
05/16/2025,11,22022,05/16/2025 4:00:00 PM
05/16/2025,12,22963,05/16/2025 5:00:00 PM
05/16/2025,13,24063,05/16/2025 6:00:00 PM
05/16/2025,14,24800,05/16/2025 7:00:00 PM
05/16/2025,15,25419,05/16/2025 8:00:00 PM
05/16/2025,16,25948,05/16/2025 9:00:00 PM
05/16/2025,17,26162,05/16/2025 10:00:00 PM
05/16/2025,18,25984,05/16/2025 11:00:00 PM
05/16/2025,19,25419,05/17/2025 12:00:00 AM
05/16/2025,20,24520,05/17/2025 1:00:00 AM
05/16/2025,21,24022,05/17/2025 2:00:00 AM
05/16/2025,22,23183,05/17/2025 3:00:00 AM
05/16/2025,23,22279,05/17/2025 4:00:00 AM
05/16/2025,24,21037,05/17/2025 5:00:00 AM
05/17/2025,1,20001,05/17/2025 6:00:00 AM
05/17/2025,2,19183,05/17/2025 7:00:00 AM
05/17/2025,3,18550,05/17/2025 8:00:00 AM
05/17/2025,4,18167,05/17/2025 9:00:00 AM
05/17/2025,5,17986,05/17/2025 10:00:00 AM
05/17/2025,6,17687,05/17/2025 11:00:00 AM
05/17/2025,7,17653,05/17/2025 12:00:00 PM
05/17/2025,8,18009,05/17/2025 1:00:00 PM
05/17/2025,9,18926,05/17/2025 2:00:00 PM
05/17/2025,10,19952,05/17/2025 3:00:00 PM
05/17/2025,11,21134,05/17/2025 4:00:00 PM
05/17/2025,12,22344,05/17/2025 5:00:00 PM
05/17/2025,13,23481,05/17/2025 6:00:00 PM
05/17/2025,14,24350,05/17/2025 7:00:00 PM
05/17/2025,15,25115,05/17/2025 8:00:00 PM
05/17/2025,16,25550,05/17/2025 9:00:00 PM
05/17/2025,17,25694,05/17/2025 10:00:00 PM
05/17/2025,18,25803,05/17/2025 11:00:00 PM
05/17/2025,19,25244,05/18/2025 12:00:00 AM
05/17/2025,20,24325,05/18/2025 1:00:00 AM
05/17/2025,21,23813,05/18/2025 2:00:00 AM
05/17/2025,22,22851,05/18/2025 3:00:00 AM
05/17/2025,23,21588,05/18/2025 4:00:00 AM
05/17/2025,24,20458,05/18/2025 5:00:00 AM
05/18/2025,1,19396,05/18/2025 6:00:00 AM
05/18/2025,2,18602,05/18/2025 7:00:00 AM
05/18/2025,3,17943,05/18/2025 8:00:00 AM
05/18/2025,4,17729,05/18/2025 9:00:00 AM
05/18/2025,5,17558,05/18/2025 10:00:00 AM
05/18/2025,6,17461,05/18/2025 11:00:00 AM
05/18/2025,7,17384,05/18/2025 12:00:00 PM
05/18/2025,8,17558,05/18/2025 1:00:00 PM
05/18/2025,9,18269,05/18/2025 2:00:00 PM
05/18/2025,10,19496,05/18/2025 3:00:00 PM
05/18/2025,11,20360,05/18/2025 4:00:00 PM
05/18/2025,12,21318,05/18/2025 5:00:00 PM
05/18/2025,13,22384,05/18/2025 6:00:00 PM
05/18/2025,14,23224,05/18/2025 7:00:00 PM
05/18/2025,15,24163,05/18/2025 8:00:00 PM
05/18/2025,16,24674,05/18/2025 9:00:00 PM
05/18/2025,17,25115,05/18/2025 10:00:00 PM
05/18/2025,18,25218,05/18/2025 11:00:00 PM
05/18/2025,19,24890,05/19/2025 12:00:00 AM
05/18/2025,20,24035,05/19/2025 1:00:00 AM
05/18/2025,21,23661,05/19/2025 2:00:00 AM
05/18/2025,22,22830,05/19/2025 3:00:00 AM
05/18/2025,23,21472,05/19/2025 4:00:00 AM
05/18/2025,24,20294,05/19/2025 5:00:00 AM
05/19/2025,1,19283,05/19/2025 6:00:00 AM
05/19/2025,2,18582,05/19/2025 7:00:00 AM
05/19/2025,3,18031,05/19/2025 8:00:00 AM
05/19/2025,4,17749,05/19/2025 9:00:00 AM
05/19/2025,5,17805,05/19/2025 10:00:00 AM
05/19/2025,6,18055,05/19/2025 11:00:00 AM
05/19/2025,7,18756,05/19/2025 12:00:00 PM
05/19/2025,8,19245,05/19/2025 1:00:00 PM
05/19/2025,9,19966,05/19/2025 2:00:00 PM
05/19/2025,10,21163,05/19/2025 3:00:00 PM
05/19/2025,11,22240,05/19/2025 4:00:00 PM
05/19/2025,12,23240,05/19/2025 5:00:00 PM
05/19/2025,13,24236,05/19/2025 6:00:00 PM
05/19/2025,14,24956,05/19/2025 7:00:00 PM
05/19/2025,15,25279,05/19/2025 8:00:00 PM
05/19/2025,16,25623,05/19/2025 9:00:00 PM
05/19/2025,17,25734,05/19/2025 10:00:00 PM
05/19/2025,18,25467,05/19/2025 11:00:00 PM
05/19/2025,19,25111,05/20/2025 12:00:00 AM
05/19/2025,20,24520,05/20/2025 1:00:00 AM
05/19/2025,21,24009,05/20/2025 2:00:00 AM
05/19/2025,22,23167,05/20/2025 3:00:00 AM
05/19/2025,23,21987,05/20/2025 4:00:00 AM
05/19/2025,24,20792,05/20/2025 5:00:00 AM
05/20/2025,1,19757,05/20/2025 6:00:00 AM
05/20/2025,2,19121,05/20/2025 7:00:00 AM
05/20/2025,3,18684,05/20/2025 8:00:00 AM
05/20/2025,4,18430,05/20/2025 9:00:00 AM
05/20/2025,5,18346,05/20/2025 10:00:00 AM
05/20/2025,6,18658,05/20/2025 11:00:00 AM
05/20/2025,7,19030,05/20/2025 12:00:00 PM
05/20/2025,8,19447,05/20/2025 1:00:00 PM
05/20/2025,9,20227,05/20/2025 2:00:00 PM
05/20/2025,10,20995,05/20/2025 3:00:00 PM
05/20/2025,11,22155,05/20/2025 4:00:00 PM
05/20/2025,12,23394,05/20/2025 5:00:00 PM
05/20/2025,13,24466,05/20/2025 6:00:00 PM
05/20/2025,14,25287,05/20/2025 7:00:00 PM
05/20/2025,15,25951,05/20/2025 8:00:00 PM
05/20/2025,16,26172,05/20/2025 9:00:00 PM
05/20/2025,17,26310,05/20/2025 10:00:00 PM
05/20/2025,18,26215,05/20/2025 11:00:00 PM
05/20/2025,19,25524,05/21/2025 12:00:00 AM
05/20/2025,20,24866,05/21/2025 1:00:00 AM
05/20/2025,21,24288,05/21/2025 2:00:00 AM
05/20/2025,22,23360,05/21/2025 3:00:00 AM
05/20/2025,23,22004,05/21/2025 4:00:00 AM
05/20/2025,24,20825,05/21/2025 5:00:00 AM
05/21/2025,1,19457,05/21/2025 6:00:00 AM
05/21/2025,2,18784,05/21/2025 7:00:00 AM
05/21/2025,3,18198,05/21/2025 8:00:00 AM
05/21/2025,4,17682,05/21/2025 9:00:00 AM
05/21/2025,5,17527,05/21/2025 10:00:00 AM
05/21/2025,6,17782,05/21/2025 11:00:00 AM
05/21/2025,7,18144,05/21/2025 12:00:00 PM
05/21/2025,8,18597,05/21/2025 1:00:00 PM
05/21/2025,9,18862,05/21/2025 2:00:00 PM
05/21/2025,10,19427,05/21/2025 3:00:00 PM
05/21/2025,11,19983,05/21/2025 4:00:00 PM
05/21/2025,12,20531,05/21/2025 5:00:00 PM
05/21/2025,13,21182,05/21/2025 6:00:00 PM
05/21/2025,14,21959,05/21/2025 7:00:00 PM
05/21/2025,15,22449,05/21/2025 8:00:00 PM
05/21/2025,16,22802,05/21/2025 9:00:00 PM
05/21/2025,17,23195,05/21/2025 10:00:00 PM
05/21/2025,18,23289,05/21/2025 11:00:00 PM
05/21/2025,19,23271,05/22/2025 12:00:00 AM
05/21/2025,20,22786,05/22/2025 1:00:00 AM
05/21/2025,21,22150,05/22/2025 2:00:00 AM
05/21/2025,22,21553,05/22/2025 3:00:00 AM
05/21/2025,23,20168,05/22/2025 4:00:00 AM
05/21/2025,24,18857,05/22/2025 5:00:00 AM
05/22/2025,1,17753,05/22/2025 6:00:00 AM
05/22/2025,2,17009,05/22/2025 7:00:00 AM
05/22/2025,3,16705,05/22/2025 8:00:00 AM
05/22/2025,4,16410,05/22/2025 9:00:00 AM
05/22/2025,5,16396,05/22/2025 10:00:00 AM
05/22/2025,6,16752,05/22/2025 11:00:00 AM
05/22/2025,7,17260,05/22/2025 12:00:00 PM
05/22/2025,8,17764,05/22/2025 1:00:00 PM
05/22/2025,9,18441,05/22/2025 2:00:00 PM
05/22/2025,10,19387,05/22/2025 3:00:00 PM
05/22/2025,11,20532,05/22/2025 4:00:00 PM
05/22/2025,12,21828,05/22/2025 5:00:00 PM
05/22/2025,13,23115,05/22/2025 6:00:00 PM
05/22/2025,14,24328,05/22/2025 7:00:00 PM
05/22/2025,15,25199,05/22/2025 8:00:00 PM
05/22/2025,16,25766,05/22/2025 9:00:00 PM
05/22/2025,17,26010,05/22/2025 10:00:00 PM
05/22/2025,18,25809,05/22/2025 11:00:00 PM
05/22/2025,19,25177,05/23/2025 12:00:00 AM
05/22/2025,20,24406,05/23/2025 1:00:00 AM
05/22/2025,21,23710,05/23/2025 2:00:00 AM
05/22/2025,22,22651,05/23/2025 3:00:00 AM
05/22/2025,23,21392,05/23/2025 4:00:00 AM
05/22/2025,24,19978,05/23/2025 5:00:00 AM
05/23/2025,1,18836,05/23/2025 6:00:00 AM
05/23/2025,2,18061,05/23/2025 7:00:00 AM
05/23/2025,3,17536,05/23/2025 8:00:00 AM
05/23/2025,4,17254,05/23/2025 9:00:00 AM
05/23/2025,5,17093,05/23/2025 10:00:00 AM
05/23/2025,6,17350,05/23/2025 11:00:00 AM
05/23/2025,7,17777,05/23/2025 12:00:00 PM
05/23/2025,8,18388,05/23/2025 1:00:00 PM
05/23/2025,9,19193,05/23/2025 2:00:00 PM
05/23/2025,10,20198,05/23/2025 3:00:00 PM
05/23/2025,11,21418,05/23/2025 4:00:00 PM
05/23/2025,12,22536,05/23/2025 5:00:00 PM
05/23/2025,13,23762,05/23/2025 6:00:00 PM
05/23/2025,14,24533,05/23/2025 7:00:00 PM
05/23/2025,15,25253,05/23/2025 8:00:00 PM
05/23/2025,16,25613,05/23/2025 9:00:00 PM
05/23/2025,17,25477,05/23/2025 10:00:00 PM
05/23/2025,18,24574,05/23/2025 11:00:00 PM
05/23/2025,19,23765,05/24/2025 12:00:00 AM
05/23/2025,20,22910,05/24/2025 1:00:00 AM
05/23/2025,21,22348,05/24/2025 2:00:00 AM
05/23/2025,22,21700,05/24/2025 3:00:00 AM
05/23/2025,23,20767,05/24/2025 4:00:00 AM
05/23/2025,24,19514,05/24/2025 5:00:00 AM
05/24/2025,1,18501,05/24/2025 6:00:00 AM
05/24/2025,2,17735,05/24/2025 7:00:00 AM
05/24/2025,3,17194,05/24/2025 8:00:00 AM
05/24/2025,4,16850,05/24/2025 9:00:00 AM
05/24/2025,5,16685,05/24/2025 10:00:00 AM
05/24/2025,6,16773,05/24/2025 11:00:00 AM
05/24/2025,7,16848,05/24/2025 12:00:00 PM
05/24/2025,8,17379,05/24/2025 1:00:00 PM
05/24/2025,9,18467,05/24/2025 2:00:00 PM
05/24/2025,10,19718,05/24/2025 3:00:00 PM
05/24/2025,11,20994,05/24/2025 4:00:00 PM
05/24/2025,12,21952,05/24/2025 5:00:00 PM
05/24/2025,13,22759,05/24/2025 6:00:00 PM
05/24/2025,14,23261,05/24/2025 7:00:00 PM
05/24/2025,15,23487,05/24/2025 8:00:00 PM
05/24/2025,16,23557,05/24/2025 9:00:00 PM
05/24/2025,17,23380,05/24/2025 10:00:00 PM
05/24/2025,18,22822,05/24/2025 11:00:00 PM
05/24/2025,19,22560,05/25/2025 12:00:00 AM
05/24/2025,20,21937,05/25/2025 1:00:00 AM
05/24/2025,21,21621,05/25/2025 2:00:00 AM
05/24/2025,22,21075,05/25/2025 3:00:00 AM
05/24/2025,23,20284,05/25/2025 4:00:00 AM
05/24/2025,24,19389,05/25/2025 5:00:00 AM
05/25/2025,1,18539,05/25/2025 6:00:00 AM
05/25/2025,2,17840,05/25/2025 7:00:00 AM
05/25/2025,3,17399,05/25/2025 8:00:00 AM
05/25/2025,4,17086,05/25/2025 9:00:00 AM
05/25/2025,5,16905,05/25/2025 10:00:00 AM
05/25/2025,6,16874,05/25/2025 11:00:00 AM
05/25/2025,7,16812,05/25/2025 12:00:00 PM
05/25/2025,8,17262,05/25/2025 1:00:00 PM
05/25/2025,9,18470,05/25/2025 2:00:00 PM
05/25/2025,10,19792,05/25/2025 3:00:00 PM
05/25/2025,11,21041,05/25/2025 4:00:00 PM
05/25/2025,12,22241,05/25/2025 5:00:00 PM
05/25/2025,13,23313,05/25/2025 6:00:00 PM
05/25/2025,14,24080,05/25/2025 7:00:00 PM
05/25/2025,15,24686,05/25/2025 8:00:00 PM
05/25/2025,16,24992,05/25/2025 9:00:00 PM
05/25/2025,17,25043,05/25/2025 10:00:00 PM
05/25/2025,18,24384,05/25/2025 11:00:00 PM
05/25/2025,19,23922,05/26/2025 12:00:00 AM
05/25/2025,20,23300,05/26/2025 1:00:00 AM
05/25/2025,21,22889,05/26/2025 2:00:00 AM
05/25/2025,22,22106,05/26/2025 3:00:00 AM
05/25/2025,23,21180,05/26/2025 4:00:00 AM
05/25/2025,24,20064,05/26/2025 5:00:00 AM
05/26/2025,1,19182,05/26/2025 6:00:00 AM
05/26/2025,2,18379,05/26/2025 7:00:00 AM
05/26/2025,3,17916,05/26/2025 8:00:00 AM
05/26/2025,4,17567,05/26/2025 9:00:00 AM
05/26/2025,5,17344,05/26/2025 10:00:00 AM
05/26/2025,6,17366,05/26/2025 11:00:00 AM
05/26/2025,7,17373,05/26/2025 12:00:00 PM
05/26/2025,8,17608,05/26/2025 1:00:00 PM
05/26/2025,9,18405,05/26/2025 2:00:00 PM
05/26/2025,10,19459,05/26/2025 3:00:00 PM
05/26/2025,11,20519,05/26/2025 4:00:00 PM
05/26/2025,12,21283,05/26/2025 5:00:00 PM
05/26/2025,13,21653,05/26/2025 6:00:00 PM
05/26/2025,14,21789,05/26/2025 7:00:00 PM
05/26/2025,15,21645,05/26/2025 8:00:00 PM
05/26/2025,16,21350,05/26/2025 9:00:00 PM
05/26/2025,17,21183,05/26/2025 10:00:00 PM
05/26/2025,18,21246,05/26/2025 11:00:00 PM
05/26/2025,19,21080,05/27/2025 12:00:00 AM
05/26/2025,20,20696,05/27/2025 1:00:00 AM
05/26/2025,21,20604,05/27/2025 2:00:00 AM
05/26/2025,22,20306,05/27/2025 3:00:00 AM
05/26/2025,23,19390,05/27/2025 4:00:00 AM
05/26/2025,24,18539,05/27/2025 5:00:00 AM
05/27/2025,1,17515,05/27/2025 6:00:00 AM
05/27/2025,2,16931,05/27/2025 7:00:00 AM
05/27/2025,3,16528,05/27/2025 8:00:00 AM
05/27/2025,4,16320,05/27/2025 9:00:00 AM
05/27/2025,5,16510,05/27/2025 10:00:00 AM
05/27/2025,6,16812,05/27/2025 11:00:00 AM
05/27/2025,7,17326,05/27/2025 12:00:00 PM
05/27/2025,8,17771,05/27/2025 1:00:00 PM
05/27/2025,9,18208,05/27/2025 2:00:00 PM
05/27/2025,10,18531,05/27/2025 3:00:00 PM
05/27/2025,11,19278,05/27/2025 4:00:00 PM
05/27/2025,12,20572,05/27/2025 5:00:00 PM
05/27/2025,13,21539,05/27/2025 6:00:00 PM
05/27/2025,14,22705,05/27/2025 7:00:00 PM
05/27/2025,15,23359,05/27/2025 8:00:00 PM
05/27/2025,16,24047,05/27/2025 9:00:00 PM
05/27/2025,17,24307,05/27/2025 10:00:00 PM
05/27/2025,18,24378,05/27/2025 11:00:00 PM
05/27/2025,19,24068,05/28/2025 12:00:00 AM
05/27/2025,20,23369,05/28/2025 1:00:00 AM
05/27/2025,21,22976,05/28/2025 2:00:00 AM
05/27/2025,22,22125,05/28/2025 3:00:00 AM
05/27/2025,23,20832,05/28/2025 4:00:00 AM
05/27/2025,24,19555,05/28/2025 5:00:00 AM
05/28/2025,1,18448,05/28/2025 6:00:00 AM
05/28/2025,2,17694,05/28/2025 7:00:00 AM
05/28/2025,3,17203,05/28/2025 8:00:00 AM
05/28/2025,4,17104,05/28/2025 9:00:00 AM
05/28/2025,5,16832,05/28/2025 10:00:00 AM
05/28/2025,6,17149,05/28/2025 11:00:00 AM
05/28/2025,7,17273,05/28/2025 12:00:00 PM
05/28/2025,8,17783,05/28/2025 1:00:00 PM
05/28/2025,9,18598,05/28/2025 2:00:00 PM
05/28/2025,10,19455,05/28/2025 3:00:00 PM
05/28/2025,11,20413,05/28/2025 4:00:00 PM
05/28/2025,12,21264,05/28/2025 5:00:00 PM
05/28/2025,13,22015,05/28/2025 6:00:00 PM
05/28/2025,14,22436,05/28/2025 7:00:00 PM
05/28/2025,15,22349,05/28/2025 8:00:00 PM
05/28/2025,16,22018,05/28/2025 9:00:00 PM
05/28/2025,17,21799,05/28/2025 10:00:00 PM
05/28/2025,18,21478,05/28/2025 11:00:00 PM
05/28/2025,19,21310,05/29/2025 12:00:00 AM
05/28/2025,20,21076,05/29/2025 1:00:00 AM
05/28/2025,21,20747,05/29/2025 2:00:00 AM
05/28/2025,22,20066,05/29/2025 3:00:00 AM
05/28/2025,23,19147,05/29/2025 4:00:00 AM
05/28/2025,24,18228,05/29/2025 5:00:00 AM
05/29/2025,1,17348,05/29/2025 6:00:00 AM
05/29/2025,2,16807,05/29/2025 7:00:00 AM
05/29/2025,3,16429,05/29/2025 8:00:00 AM
05/29/2025,4,16017,05/29/2025 9:00:00 AM
05/29/2025,5,15976,05/29/2025 10:00:00 AM
05/29/2025,6,16418,05/29/2025 11:00:00 AM
05/29/2025,7,16938,05/29/2025 12:00:00 PM
05/29/2025,8,17491,05/29/2025 1:00:00 PM
05/29/2025,9,18190,05/29/2025 2:00:00 PM
05/29/2025,10,19016,05/29/2025 3:00:00 PM
05/29/2025,11,20033,05/29/2025 4:00:00 PM
05/29/2025,12,20969,05/29/2025 5:00:00 PM
05/29/2025,13,22116,05/29/2025 6:00:00 PM
05/29/2025,14,22915,05/29/2025 7:00:00 PM
05/29/2025,15,23637,05/29/2025 8:00:00 PM
05/29/2025,16,24359,05/29/2025 9:00:00 PM
05/29/2025,17,24526,05/29/2025 10:00:00 PM
05/29/2025,18,24543,05/29/2025 11:00:00 PM
05/29/2025,19,24334,05/30/2025 12:00:00 AM
05/29/2025,20,23707,05/30/2025 1:00:00 AM
05/29/2025,21,23052,05/30/2025 2:00:00 AM
05/29/2025,22,22292,05/30/2025 3:00:00 AM
05/29/2025,23,21242,05/30/2025 4:00:00 AM
05/29/2025,24,20058,05/30/2025 5:00:00 AM
05/30/2025,1,18738,05/30/2025 6:00:00 AM
05/30/2025,2,17936,05/30/2025 7:00:00 AM
05/30/2025,3,17338,05/30/2025 8:00:00 AM
05/30/2025,4,16924,05/30/2025 9:00:00 AM
05/30/2025,5,16692,05/30/2025 10:00:00 AM
05/30/2025,6,16800,05/30/2025 11:00:00 AM
05/30/2025,7,17220,05/30/2025 12:00:00 PM
05/30/2025,8,17916,05/30/2025 1:00:00 PM
05/30/2025,9,18689,05/30/2025 2:00:00 PM
05/30/2025,10,19632,05/30/2025 3:00:00 PM
05/30/2025,11,20699,05/30/2025 4:00:00 PM
05/30/2025,12,21439,05/30/2025 5:00:00 PM
05/30/2025,13,22044,05/30/2025 6:00:00 PM
05/30/2025,14,22584,05/30/2025 7:00:00 PM
05/30/2025,15,22872,05/30/2025 8:00:00 PM
05/30/2025,16,22987,05/30/2025 9:00:00 PM
05/30/2025,17,22953,05/30/2025 10:00:00 PM
05/30/2025,18,22745,05/30/2025 11:00:00 PM
05/30/2025,19,22365,05/31/2025 12:00:00 AM
05/30/2025,20,21797,05/31/2025 1:00:00 AM
05/30/2025,21,21476,05/31/2025 2:00:00 AM
05/30/2025,22,20808,05/31/2025 3:00:00 AM
05/30/2025,23,19962,05/31/2025 4:00:00 AM
05/30/2025,24,18918,05/31/2025 5:00:00 AM
05/31/2025,1,17704,05/31/2025 6:00:00 AM
05/31/2025,2,16985,05/31/2025 7:00:00 AM
05/31/2025,3,16459,05/31/2025 8:00:00 AM
05/31/2025,4,15950,05/31/2025 9:00:00 AM
05/31/2025,5,15830,05/31/2025 10:00:00 AM
05/31/2025,6,15754,05/31/2025 11:00:00 AM
05/31/2025,7,15716,05/31/2025 12:00:00 PM
05/31/2025,8,15876,05/31/2025 1:00:00 PM
05/31/2025,9,16920,05/31/2025 2:00:00 PM
05/31/2025,10,17800,05/31/2025 3:00:00 PM
05/31/2025,11,18795,05/31/2025 4:00:00 PM
05/31/2025,12,19758,05/31/2025 5:00:00 PM
05/31/2025,13,20645,05/31/2025 6:00:00 PM
05/31/2025,14,21635,05/31/2025 7:00:00 PM
05/31/2025,15,22320,05/31/2025 8:00:00 PM
05/31/2025,16,23089,05/31/2025 9:00:00 PM
05/31/2025,17,23237,05/31/2025 10:00:00 PM
05/31/2025,18,23331,05/31/2025 11:00:00 PM
05/31/2025,19,23039,06/01/2025 12:00:00 AM
05/31/2025,20,22167,06/01/2025 1:00:00 AM
05/31/2025,21,21359,06/01/2025 2:00:00 AM
05/31/2025,22,20640,06/01/2025 3:00:00 AM
05/31/2025,23,19625,06/01/2025 4:00:00 AM
05/31/2025,24,18334,06/01/2025 5:00:00 AM
06/01/2025,1,17521,06/01/2025 6:00:00 AM
06/01/2025,2,16765,06/01/2025 7:00:00 AM
06/01/2025,3,16287,06/01/2025 8:00:00 AM
06/01/2025,4,15809,06/01/2025 9:00:00 AM
06/01/2025,5,15665,06/01/2025 10:00:00 AM
06/01/2025,6,15386,06/01/2025 11:00:00 AM
06/01/2025,7,15413,06/01/2025 12:00:00 PM
06/01/2025,8,15819,06/01/2025 1:00:00 PM
06/01/2025,9,16748,06/01/2025 2:00:00 PM
06/01/2025,10,18062,06/01/2025 3:00:00 PM
06/01/2025,11,19093,06/01/2025 4:00:00 PM
06/01/2025,12,20258,06/01/2025 5:00:00 PM
06/01/2025,13,21382,06/01/2025 6:00:00 PM
06/01/2025,14,22216,06/01/2025 7:00:00 PM
06/01/2025,15,23022,06/01/2025 8:00:00 PM
06/01/2025,16,23616,06/01/2025 9:00:00 PM
06/01/2025,17,23887,06/01/2025 10:00:00 PM
06/01/2025,18,23806,06/01/2025 11:00:00 PM
06/01/2025,19,23487,06/02/2025 12:00:00 AM
06/01/2025,20,22883,06/02/2025 1:00:00 AM
06/01/2025,21,22297,06/02/2025 2:00:00 AM
06/01/2025,22,21677,06/02/2025 3:00:00 AM
06/01/2025,23,20424,06/02/2025 4:00:00 AM
06/01/2025,24,19207,06/02/2025 5:00:00 AM
06/02/2025,1,18027,06/02/2025 6:00:00 AM
06/02/2025,2,17383,06/02/2025 7:00:00 AM
06/02/2025,3,16848,06/02/2025 8:00:00 AM
06/02/2025,4,16557,06/02/2025 9:00:00 AM
06/02/2025,5,16468,06/02/2025 10:00:00 AM
06/02/2025,6,16927,06/02/2025 11:00:00 AM
06/02/2025,7,17258,06/02/2025 12:00:00 PM
06/02/2025,8,17925,06/02/2025 1:00:00 PM
06/02/2025,9,19083,06/02/2025 2:00:00 PM
06/02/2025,10,20233,06/02/2025 3:00:00 PM
06/02/2025,11,21542,06/02/2025 4:00:00 PM
06/02/2025,12,22807,06/02/2025 5:00:00 PM
06/02/2025,13,23948,06/02/2025 6:00:00 PM
06/02/2025,14,24936,06/02/2025 7:00:00 PM
06/02/2025,15,25717,06/02/2025 8:00:00 PM
06/02/2025,16,26119,06/02/2025 9:00:00 PM
06/02/2025,17,26429,06/02/2025 10:00:00 PM
06/02/2025,18,26331,06/02/2025 11:00:00 PM
06/02/2025,19,25882,06/03/2025 12:00:00 AM
06/02/2025,20,24823,06/03/2025 1:00:00 AM
06/02/2025,21,24119,06/03/2025 2:00:00 AM
06/02/2025,22,23159,06/03/2025 3:00:00 AM
06/02/2025,23,21763,06/03/2025 4:00:00 AM
06/02/2025,24,20413,06/03/2025 5:00:00 AM
06/03/2025,1,19129,06/03/2025 6:00:00 AM
06/03/2025,2,18287,06/03/2025 7:00:00 AM
06/03/2025,3,17673,06/03/2025 8:00:00 AM
06/03/2025,4,17207,06/03/2025 9:00:00 AM
06/03/2025,5,17048,06/03/2025 10:00:00 AM
06/03/2025,6,17320,06/03/2025 11:00:00 AM
06/03/2025,7,17769,06/03/2025 12:00:00 PM
06/03/2025,8,18349,06/03/2025 1:00:00 PM
06/03/2025,9,19239,06/03/2025 2:00:00 PM
06/03/2025,10,20442,06/03/2025 3:00:00 PM
06/03/2025,11,21731,06/03/2025 4:00:00 PM
06/03/2025,12,22996,06/03/2025 5:00:00 PM
06/03/2025,13,24287,06/03/2025 6:00:00 PM
06/03/2025,14,25156,06/03/2025 7:00:00 PM
06/03/2025,15,25911,06/03/2025 8:00:00 PM
06/03/2025,16,26197,06/03/2025 9:00:00 PM
06/03/2025,17,26473,06/03/2025 10:00:00 PM
06/03/2025,18,26316,06/03/2025 11:00:00 PM
06/03/2025,19,25762,06/04/2025 12:00:00 AM
06/03/2025,20,24986,06/04/2025 1:00:00 AM
06/03/2025,21,24330,06/04/2025 2:00:00 AM
06/03/2025,22,23458,06/04/2025 3:00:00 AM
06/03/2025,23,22072,06/04/2025 4:00:00 AM
06/03/2025,24,20680,06/04/2025 5:00:00 AM
06/04/2025,1,19522,06/04/2025 6:00:00 AM
06/04/2025,2,18876,06/04/2025 7:00:00 AM
06/04/2025,3,18304,06/04/2025 8:00:00 AM
06/04/2025,4,17986,06/04/2025 9:00:00 AM
06/04/2025,5,17713,06/04/2025 10:00:00 AM
06/04/2025,6,18017,06/04/2025 11:00:00 AM
06/04/2025,7,18405,06/04/2025 12:00:00 PM
06/04/2025,8,18912,06/04/2025 1:00:00 PM
06/04/2025,9,19768,06/04/2025 2:00:00 PM
06/04/2025,10,20919,06/04/2025 3:00:00 PM
06/04/2025,11,22239,06/04/2025 4:00:00 PM
06/04/2025,12,23706,06/04/2025 5:00:00 PM
06/04/2025,13,24837,06/04/2025 6:00:00 PM
06/04/2025,14,25897,06/04/2025 7:00:00 PM
06/04/2025,15,26516,06/04/2025 8:00:00 PM
06/04/2025,16,26926,06/04/2025 9:00:00 PM
06/04/2025,17,27041,06/04/2025 10:00:00 PM
06/04/2025,18,26783,06/04/2025 11:00:00 PM
06/04/2025,19,26162,06/05/2025 12:00:00 AM
06/04/2025,20,25222,06/05/2025 1:00:00 AM
06/04/2025,21,24557,06/05/2025 2:00:00 AM
06/04/2025,22,23769,06/05/2025 3:00:00 AM
06/04/2025,23,22635,06/05/2025 4:00:00 AM
06/04/2025,24,21362,06/05/2025 5:00:00 AM
06/05/2025,1,20123,06/05/2025 6:00:00 AM
06/05/2025,2,19229,06/05/2025 7:00:00 AM
06/05/2025,3,18627,06/05/2025 8:00:00 AM
06/05/2025,4,18330,06/05/2025 9:00:00 AM
06/05/2025,5,18101,06/05/2025 10:00:00 AM
06/05/2025,6,18438,06/05/2025 11:00:00 AM
06/05/2025,7,18855,06/05/2025 12:00:00 PM
06/05/2025,8,19448,06/05/2025 1:00:00 PM
06/05/2025,9,20678,06/05/2025 2:00:00 PM
06/05/2025,10,21987,06/05/2025 3:00:00 PM
06/05/2025,11,23283,06/05/2025 4:00:00 PM
06/05/2025,12,24810,06/05/2025 5:00:00 PM
06/05/2025,13,26169,06/05/2025 6:00:00 PM
06/05/2025,14,27131,06/05/2025 7:00:00 PM
06/05/2025,15,27733,06/05/2025 8:00:00 PM
06/05/2025,16,28180,06/05/2025 9:00:00 PM
06/05/2025,17,28356,06/05/2025 10:00:00 PM
06/05/2025,18,28281,06/05/2025 11:00:00 PM
06/05/2025,19,27860,06/06/2025 12:00:00 AM
06/05/2025,20,26977,06/06/2025 1:00:00 AM
06/05/2025,21,26025,06/06/2025 2:00:00 AM
06/05/2025,22,25210,06/06/2025 3:00:00 AM
06/05/2025,23,23854,06/06/2025 4:00:00 AM
06/05/2025,24,22493,06/06/2025 5:00:00 AM
06/06/2025,1,21211,06/06/2025 6:00:00 AM
06/06/2025,2,20465,06/06/2025 7:00:00 AM
06/06/2025,3,19677,06/06/2025 8:00:00 AM
06/06/2025,4,19203,06/06/2025 9:00:00 AM
06/06/2025,5,19149,06/06/2025 10:00:00 AM
06/06/2025,6,19249,06/06/2025 11:00:00 AM
06/06/2025,7,19482,06/06/2025 12:00:00 PM
06/06/2025,8,20254,06/06/2025 1:00:00 PM
06/06/2025,9,21546,06/06/2025 2:00:00 PM
06/06/2025,10,22695,06/06/2025 3:00:00 PM
06/06/2025,11,24038,06/06/2025 4:00:00 PM
06/06/2025,12,25033,06/06/2025 5:00:00 PM
06/06/2025,13,26116,06/06/2025 6:00:00 PM
06/06/2025,14,26927,06/06/2025 7:00:00 PM
06/06/2025,15,27356,06/06/2025 8:00:00 PM
06/06/2025,16,27844,06/06/2025 9:00:00 PM
06/06/2025,17,28135,06/06/2025 10:00:00 PM
06/06/2025,18,27872,06/06/2025 11:00:00 PM
06/06/2025,19,27407,06/07/2025 12:00:00 AM
06/06/2025,20,26347,06/07/2025 1:00:00 AM
06/06/2025,21,25604,06/07/2025 2:00:00 AM
06/06/2025,22,24677,06/07/2025 3:00:00 AM
06/06/2025,23,23525,06/07/2025 4:00:00 AM
06/06/2025,24,22233,06/07/2025 5:00:00 AM
06/07/2025,1,21086,06/07/2025 6:00:00 AM
06/07/2025,2,20242,06/07/2025 7:00:00 AM
06/07/2025,3,19548,06/07/2025 8:00:00 AM
06/07/2025,4,19110,06/07/2025 9:00:00 AM
06/07/2025,5,18777,06/07/2025 10:00:00 AM
06/07/2025,6,18606,06/07/2025 11:00:00 AM
06/07/2025,7,18486,06/07/2025 12:00:00 PM
06/07/2025,8,19039,06/07/2025 1:00:00 PM
06/07/2025,9,20368,06/07/2025 2:00:00 PM
06/07/2025,10,21742,06/07/2025 3:00:00 PM
06/07/2025,11,22954,06/07/2025 4:00:00 PM
06/07/2025,12,23884,06/07/2025 5:00:00 PM
06/07/2025,13,24814,06/07/2025 6:00:00 PM
06/07/2025,14,25575,06/07/2025 7:00:00 PM
06/07/2025,15,26251,06/07/2025 8:00:00 PM
06/07/2025,16,26943,06/07/2025 9:00:00 PM
06/07/2025,17,27293,06/07/2025 10:00:00 PM
06/07/2025,18,27433,06/07/2025 11:00:00 PM
06/07/2025,19,27091,06/08/2025 12:00:00 AM
06/07/2025,20,26151,06/08/2025 1:00:00 AM
06/07/2025,21,25315,06/08/2025 2:00:00 AM
06/07/2025,22,24526,06/08/2025 3:00:00 AM
06/07/2025,23,23378,06/08/2025 4:00:00 AM
06/07/2025,24,22185,06/08/2025 5:00:00 AM
06/08/2025,1,20975,06/08/2025 6:00:00 AM
06/08/2025,2,20018,06/08/2025 7:00:00 AM
06/08/2025,3,19308,06/08/2025 8:00:00 AM
06/08/2025,4,18803,06/08/2025 9:00:00 AM
06/08/2025,5,18528,06/08/2025 10:00:00 AM
06/08/2025,6,18371,06/08/2025 11:00:00 AM
06/08/2025,7,18304,06/08/2025 12:00:00 PM
06/08/2025,8,18738,06/08/2025 1:00:00 PM
06/08/2025,9,20049,06/08/2025 2:00:00 PM
06/08/2025,10,21428,06/08/2025 3:00:00 PM
06/08/2025,11,22635,06/08/2025 4:00:00 PM
06/08/2025,12,23805,06/08/2025 5:00:00 PM
06/08/2025,13,24971,06/08/2025 6:00:00 PM
06/08/2025,14,25932,06/08/2025 7:00:00 PM
06/08/2025,15,26627,06/08/2025 8:00:00 PM
06/08/2025,16,27023,06/08/2025 9:00:00 PM
06/08/2025,17,27190,06/08/2025 10:00:00 PM
06/08/2025,18,27155,06/08/2025 11:00:00 PM
06/08/2025,19,26834,06/09/2025 12:00:00 AM
06/08/2025,20,26099,06/09/2025 1:00:00 AM
06/08/2025,21,25332,06/09/2025 2:00:00 AM
06/08/2025,22,24583,06/09/2025 3:00:00 AM
06/08/2025,23,23150,06/09/2025 4:00:00 AM
06/08/2025,24,21762,06/09/2025 5:00:00 AM
06/09/2025,1,20691,06/09/2025 6:00:00 AM
06/09/2025,2,19986,06/09/2025 7:00:00 AM
06/09/2025,3,19444,06/09/2025 8:00:00 AM
06/09/2025,4,19063,06/09/2025 9:00:00 AM
06/09/2025,5,18793,06/09/2025 10:00:00 AM
06/09/2025,6,18993,06/09/2025 11:00:00 AM
06/09/2025,7,19173,06/09/2025 12:00:00 PM
06/09/2025,8,19620,06/09/2025 1:00:00 PM
06/09/2025,9,20122,06/09/2025 2:00:00 PM
06/09/2025,10,20971,06/09/2025 3:00:00 PM
06/09/2025,11,22023,06/09/2025 4:00:00 PM
06/09/2025,12,23096,06/09/2025 5:00:00 PM
06/09/2025,13,24345,06/09/2025 6:00:00 PM
06/09/2025,14,25319,06/09/2025 7:00:00 PM
06/09/2025,15,26267,06/09/2025 8:00:00 PM
06/09/2025,16,26940,06/09/2025 9:00:00 PM
06/09/2025,17,27140,06/09/2025 10:00:00 PM
06/09/2025,18,27133,06/09/2025 11:00:00 PM
06/09/2025,19,26796,06/10/2025 12:00:00 AM
06/09/2025,20,25750,06/10/2025 1:00:00 AM
06/09/2025,21,24917,06/10/2025 2:00:00 AM
06/09/2025,22,24037,06/10/2025 3:00:00 AM
06/09/2025,23,22771,06/10/2025 4:00:00 AM
06/09/2025,24,21322,06/10/2025 5:00:00 AM
06/10/2025,1,20217,06/10/2025 6:00:00 AM
06/10/2025,2,19265,06/10/2025 7:00:00 AM
06/10/2025,3,18671,06/10/2025 8:00:00 AM
06/10/2025,4,18235,06/10/2025 9:00:00 AM
06/10/2025,5,18173,06/10/2025 10:00:00 AM
06/10/2025,6,18470,06/10/2025 11:00:00 AM
06/10/2025,7,18913,06/10/2025 12:00:00 PM
06/10/2025,8,19555,06/10/2025 1:00:00 PM
06/10/2025,9,20657,06/10/2025 2:00:00 PM
06/10/2025,10,21896,06/10/2025 3:00:00 PM
06/10/2025,11,23484,06/10/2025 4:00:00 PM
06/10/2025,12,24871,06/10/2025 5:00:00 PM
06/10/2025,13,25989,06/10/2025 6:00:00 PM
06/10/2025,14,26586,06/10/2025 7:00:00 PM
06/10/2025,15,27012,06/10/2025 8:00:00 PM
06/10/2025,16,26948,06/10/2025 9:00:00 PM
06/10/2025,17,26270,06/10/2025 10:00:00 PM
06/10/2025,18,25408,06/10/2025 11:00:00 PM
06/10/2025,19,24738,06/11/2025 12:00:00 AM
06/10/2025,20,23993,06/11/2025 1:00:00 AM
06/10/2025,21,23268,06/11/2025 2:00:00 AM
06/10/2025,22,22392,06/11/2025 3:00:00 AM
06/10/2025,23,21293,06/11/2025 4:00:00 AM
06/10/2025,24,20067,06/11/2025 5:00:00 AM
06/11/2025,1,18977,06/11/2025 6:00:00 AM
06/11/2025,2,18382,06/11/2025 7:00:00 AM
06/11/2025,3,17812,06/11/2025 8:00:00 AM
06/11/2025,4,17487,06/11/2025 9:00:00 AM
06/11/2025,5,17228,06/11/2025 10:00:00 AM
06/11/2025,6,17588,06/11/2025 11:00:00 AM
06/11/2025,7,18005,06/11/2025 12:00:00 PM
06/11/2025,8,18728,06/11/2025 1:00:00 PM
06/11/2025,9,19577,06/11/2025 2:00:00 PM
06/11/2025,10,20923,06/11/2025 3:00:00 PM
06/11/2025,11,22282,06/11/2025 4:00:00 PM
06/11/2025,12,23570,06/11/2025 5:00:00 PM
06/11/2025,13,24771,06/11/2025 6:00:00 PM
06/11/2025,14,25534,06/11/2025 7:00:00 PM
06/11/2025,15,25786,06/11/2025 8:00:00 PM
06/11/2025,16,25735,06/11/2025 9:00:00 PM
06/11/2025,17,25606,06/11/2025 10:00:00 PM
06/11/2025,18,25066,06/11/2025 11:00:00 PM
06/11/2025,19,24487,06/12/2025 12:00:00 AM
06/11/2025,20,23597,06/12/2025 1:00:00 AM
06/11/2025,21,23267,06/12/2025 2:00:00 AM
06/11/2025,22,22734,06/12/2025 3:00:00 AM
06/11/2025,23,21580,06/12/2025 4:00:00 AM
06/11/2025,24,20366,06/12/2025 5:00:00 AM
06/12/2025,1,19275,06/12/2025 6:00:00 AM
06/12/2025,2,18518,06/12/2025 7:00:00 AM
06/12/2025,3,18060,06/12/2025 8:00:00 AM
06/12/2025,4,17745,06/12/2025 9:00:00 AM
06/12/2025,5,17893,06/12/2025 10:00:00 AM
06/12/2025,6,18033,06/12/2025 11:00:00 AM
06/12/2025,7,18452,06/12/2025 12:00:00 PM
06/12/2025,8,19092,06/12/2025 1:00:00 PM
06/12/2025,9,20040,06/12/2025 2:00:00 PM
06/12/2025,10,20999,06/12/2025 3:00:00 PM
06/12/2025,11,21932,06/12/2025 4:00:00 PM
06/12/2025,12,22741,06/12/2025 5:00:00 PM
06/12/2025,13,23508,06/12/2025 6:00:00 PM
06/12/2025,14,24058,06/12/2025 7:00:00 PM
06/12/2025,15,24289,06/12/2025 8:00:00 PM
06/12/2025,16,24604,06/12/2025 9:00:00 PM
06/12/2025,17,24307,06/12/2025 10:00:00 PM
06/12/2025,18,23940,06/12/2025 11:00:00 PM
06/12/2025,19,23454,06/13/2025 12:00:00 AM
06/12/2025,20,22887,06/13/2025 1:00:00 AM
06/12/2025,21,22554,06/13/2025 2:00:00 AM
06/12/2025,22,22219,06/13/2025 3:00:00 AM
06/12/2025,23,21437,06/13/2025 4:00:00 AM
06/12/2025,24,20337,06/13/2025 5:00:00 AM
06/13/2025,1,19510,06/13/2025 6:00:00 AM
06/13/2025,2,18863,06/13/2025 7:00:00 AM
06/13/2025,3,18444,06/13/2025 8:00:00 AM
06/13/2025,4,18256,06/13/2025 9:00:00 AM
06/13/2025,5,18088,06/13/2025 10:00:00 AM
06/13/2025,6,18469,06/13/2025 11:00:00 AM
06/13/2025,7,18984,06/13/2025 12:00:00 PM
06/13/2025,8,19589,06/13/2025 1:00:00 PM
06/13/2025,9,20371,06/13/2025 2:00:00 PM
06/13/2025,10,21092,06/13/2025 3:00:00 PM
06/13/2025,11,21575,06/13/2025 4:00:00 PM
06/13/2025,12,21982,06/13/2025 5:00:00 PM
06/13/2025,13,22122,06/13/2025 6:00:00 PM
06/13/2025,14,22367,06/13/2025 7:00:00 PM
06/13/2025,15,22820,06/13/2025 8:00:00 PM
06/13/2025,16,23269,06/13/2025 9:00:00 PM
06/13/2025,17,23808,06/13/2025 10:00:00 PM
06/13/2025,18,24186,06/13/2025 11:00:00 PM
06/13/2025,19,23887,06/14/2025 12:00:00 AM
06/13/2025,20,23277,06/14/2025 1:00:00 AM
06/13/2025,21,22715,06/14/2025 2:00:00 AM
06/13/2025,22,22201,06/14/2025 3:00:00 AM
06/13/2025,23,21399,06/14/2025 4:00:00 AM
06/13/2025,24,20351,06/14/2025 5:00:00 AM
06/14/2025,1,19520,06/14/2025 6:00:00 AM
06/14/2025,2,18766,06/14/2025 7:00:00 AM
06/14/2025,3,18299,06/14/2025 8:00:00 AM
06/14/2025,4,17885,06/14/2025 9:00:00 AM
06/14/2025,5,17810,06/14/2025 10:00:00 AM
06/14/2025,6,17829,06/14/2025 11:00:00 AM
06/14/2025,7,17884,06/14/2025 12:00:00 PM
06/14/2025,8,18383,06/14/2025 1:00:00 PM
06/14/2025,9,19722,06/14/2025 2:00:00 PM
06/14/2025,10,21145,06/14/2025 3:00:00 PM
06/14/2025,11,22475,06/14/2025 4:00:00 PM
06/14/2025,12,23662,06/14/2025 5:00:00 PM
06/14/2025,13,24590,06/14/2025 6:00:00 PM
06/14/2025,14,25111,06/14/2025 7:00:00 PM
06/14/2025,15,25044,06/14/2025 8:00:00 PM
06/14/2025,16,24705,06/14/2025 9:00:00 PM
06/14/2025,17,23969,06/14/2025 10:00:00 PM
06/14/2025,18,23300,06/14/2025 11:00:00 PM
06/14/2025,19,22587,06/15/2025 12:00:00 AM
06/14/2025,20,21850,06/15/2025 1:00:00 AM
06/14/2025,21,21645,06/15/2025 2:00:00 AM
06/14/2025,22,21597,06/15/2025 3:00:00 AM
06/14/2025,23,20789,06/15/2025 4:00:00 AM
06/14/2025,24,19842,06/15/2025 5:00:00 AM
06/15/2025,1,18902,06/15/2025 6:00:00 AM
06/15/2025,2,18112,06/15/2025 7:00:00 AM
06/15/2025,3,17680,06/15/2025 8:00:00 AM
06/15/2025,4,17217,06/15/2025 9:00:00 AM
06/15/2025,5,17120,06/15/2025 10:00:00 AM
06/15/2025,6,17095,06/15/2025 11:00:00 AM
06/15/2025,7,17013,06/15/2025 12:00:00 PM
06/15/2025,8,17608,06/15/2025 1:00:00 PM
06/15/2025,9,18802,06/15/2025 2:00:00 PM
06/15/2025,10,20126,06/15/2025 3:00:00 PM
06/15/2025,11,21565,06/15/2025 4:00:00 PM
06/15/2025,12,22943,06/15/2025 5:00:00 PM
06/15/2025,13,24038,06/15/2025 6:00:00 PM
06/15/2025,14,24425,06/15/2025 7:00:00 PM
06/15/2025,15,23966,06/15/2025 8:00:00 PM
06/15/2025,16,23656,06/15/2025 9:00:00 PM
06/15/2025,17,23515,06/15/2025 10:00:00 PM
06/15/2025,18,23600,06/15/2025 11:00:00 PM
06/15/2025,19,23222,06/16/2025 12:00:00 AM
06/15/2025,20,22608,06/16/2025 1:00:00 AM
06/15/2025,21,22274,06/16/2025 2:00:00 AM
06/15/2025,22,21691,06/16/2025 3:00:00 AM
06/15/2025,23,20708,06/16/2025 4:00:00 AM
06/15/2025,24,19625,06/16/2025 5:00:00 AM
06/16/2025,1,18897,06/16/2025 6:00:00 AM
06/16/2025,2,18164,06/16/2025 7:00:00 AM
06/16/2025,3,17774,06/16/2025 8:00:00 AM
06/16/2025,4,17395,06/16/2025 9:00:00 AM
06/16/2025,5,17538,06/16/2025 10:00:00 AM
06/16/2025,6,17988,06/16/2025 11:00:00 AM
06/16/2025,7,18387,06/16/2025 12:00:00 PM
06/16/2025,8,19047,06/16/2025 1:00:00 PM
06/16/2025,9,20139,06/16/2025 2:00:00 PM
06/16/2025,10,21248,06/16/2025 3:00:00 PM
06/16/2025,11,21956,06/16/2025 4:00:00 PM
06/16/2025,12,22791,06/16/2025 5:00:00 PM
06/16/2025,13,23321,06/16/2025 6:00:00 PM
06/16/2025,14,24064,06/16/2025 7:00:00 PM
06/16/2025,15,24344,06/16/2025 8:00:00 PM
06/16/2025,16,24419,06/16/2025 9:00:00 PM
06/16/2025,17,24503,06/16/2025 10:00:00 PM
06/16/2025,18,24578,06/16/2025 11:00:00 PM
06/16/2025,19,24459,06/17/2025 12:00:00 AM
06/16/2025,20,23746,06/17/2025 1:00:00 AM
06/16/2025,21,23100,06/17/2025 2:00:00 AM
06/16/2025,22,22718,06/17/2025 3:00:00 AM
06/16/2025,23,21645,06/17/2025 4:00:00 AM
06/16/2025,24,20612,06/17/2025 5:00:00 AM
06/17/2025,1,19476,06/17/2025 6:00:00 AM
06/17/2025,2,18819,06/17/2025 7:00:00 AM
06/17/2025,3,18463,06/17/2025 8:00:00 AM
06/17/2025,4,18121,06/17/2025 9:00:00 AM
06/17/2025,5,18194,06/17/2025 10:00:00 AM
06/17/2025,6,18503,06/17/2025 11:00:00 AM
06/17/2025,7,18852,06/17/2025 12:00:00 PM
06/17/2025,8,19491,06/17/2025 1:00:00 PM
06/17/2025,9,20395,06/17/2025 2:00:00 PM
06/17/2025,10,21454,06/17/2025 3:00:00 PM
06/17/2025,11,22803,06/17/2025 4:00:00 PM
06/17/2025,12,23916,06/17/2025 5:00:00 PM
06/17/2025,13,24709,06/17/2025 6:00:00 PM
06/17/2025,14,25546,06/17/2025 7:00:00 PM
06/17/2025,15,26201,06/17/2025 8:00:00 PM
06/17/2025,16,26498,06/17/2025 9:00:00 PM
06/17/2025,17,26238,06/17/2025 10:00:00 PM
06/17/2025,18,26035,06/17/2025 11:00:00 PM
06/17/2025,19,25838,06/18/2025 12:00:00 AM
06/17/2025,20,25154,06/18/2025 1:00:00 AM
06/17/2025,21,24457,06/18/2025 2:00:00 AM
06/17/2025,22,23926,06/18/2025 3:00:00 AM
06/17/2025,23,22786,06/18/2025 4:00:00 AM
06/17/2025,24,21468,06/18/2025 5:00:00 AM
06/18/2025,1,20210,06/18/2025 6:00:00 AM
06/18/2025,2,19483,06/18/2025 7:00:00 AM
06/18/2025,3,19034,06/18/2025 8:00:00 AM
06/18/2025,4,18770,06/18/2025 9:00:00 AM
06/18/2025,5,18626,06/18/2025 10:00:00 AM
06/18/2025,6,18831,06/18/2025 11:00:00 AM
06/18/2025,7,19239,06/18/2025 12:00:00 PM
06/18/2025,8,19779,06/18/2025 1:00:00 PM
06/18/2025,9,20790,06/18/2025 2:00:00 PM
06/18/2025,10,22002,06/18/2025 3:00:00 PM
06/18/2025,11,23291,06/18/2025 4:00:00 PM
06/18/2025,12,24514,06/18/2025 5:00:00 PM
06/18/2025,13,25516,06/18/2025 6:00:00 PM
06/18/2025,14,26279,06/18/2025 7:00:00 PM
06/18/2025,15,26682,06/18/2025 8:00:00 PM
06/18/2025,16,26902,06/18/2025 9:00:00 PM
06/18/2025,17,27225,06/18/2025 10:00:00 PM
06/18/2025,18,27153,06/18/2025 11:00:00 PM
06/18/2025,19,26963,06/19/2025 12:00:00 AM
06/18/2025,20,26290,06/19/2025 1:00:00 AM
06/18/2025,21,25427,06/19/2025 2:00:00 AM
06/18/2025,22,24565,06/19/2025 3:00:00 AM
06/18/2025,23,23457,06/19/2025 4:00:00 AM
06/18/2025,24,22069,06/19/2025 5:00:00 AM
06/19/2025,1,20962,06/19/2025 6:00:00 AM
06/19/2025,2,20048,06/19/2025 7:00:00 AM
06/19/2025,3,19335,06/19/2025 8:00:00 AM
06/19/2025,4,18831,06/19/2025 9:00:00 AM
06/19/2025,5,18634,06/19/2025 10:00:00 AM
06/19/2025,6,18834,06/19/2025 11:00:00 AM
06/19/2025,7,19118,06/19/2025 12:00:00 PM
06/19/2025,8,19860,06/19/2025 1:00:00 PM
06/19/2025,9,21016,06/19/2025 2:00:00 PM
06/19/2025,10,22500,06/19/2025 3:00:00 PM
06/19/2025,11,24060,06/19/2025 4:00:00 PM
06/19/2025,12,25532,06/19/2025 5:00:00 PM
06/19/2025,13,26589,06/19/2025 6:00:00 PM
06/19/2025,14,27438,06/19/2025 7:00:00 PM
06/19/2025,15,27741,06/19/2025 8:00:00 PM
06/19/2025,16,27750,06/19/2025 9:00:00 PM
06/19/2025,17,28003,06/19/2025 10:00:00 PM
06/19/2025,18,27569,06/19/2025 11:00:00 PM
06/19/2025,19,26933,06/20/2025 12:00:00 AM
06/19/2025,20,25948,06/20/2025 1:00:00 AM
06/19/2025,21,25171,06/20/2025 2:00:00 AM
06/19/2025,22,24381,06/20/2025 3:00:00 AM
06/19/2025,23,23132,06/20/2025 4:00:00 AM
06/19/2025,24,21817,06/20/2025 5:00:00 AM
06/20/2025,1,20711,06/20/2025 6:00:00 AM
06/20/2025,2,19637,06/20/2025 7:00:00 AM
06/20/2025,3,19012,06/20/2025 8:00:00 AM
06/20/2025,4,18748,06/20/2025 9:00:00 AM
06/20/2025,5,18519,06/20/2025 10:00:00 AM
06/20/2025,6,18507,06/20/2025 11:00:00 AM
06/20/2025,7,18875,06/20/2025 12:00:00 PM
06/20/2025,8,19671,06/20/2025 1:00:00 PM
06/20/2025,9,20819,06/20/2025 2:00:00 PM
06/20/2025,10,22638,06/20/2025 3:00:00 PM
06/20/2025,11,24541,06/20/2025 4:00:00 PM
06/20/2025,12,26053,06/20/2025 5:00:00 PM
06/20/2025,13,27285,06/20/2025 6:00:00 PM
06/20/2025,14,28483,06/20/2025 7:00:00 PM
06/20/2025,15,29183,06/20/2025 8:00:00 PM
06/20/2025,16,29433,06/20/2025 9:00:00 PM
06/20/2025,17,29503,06/20/2025 10:00:00 PM
06/20/2025,18,29410,06/20/2025 11:00:00 PM
06/20/2025,19,28903,06/21/2025 12:00:00 AM
06/20/2025,20,28022,06/21/2025 1:00:00 AM
06/20/2025,21,26844,06/21/2025 2:00:00 AM
06/20/2025,22,25962,06/21/2025 3:00:00 AM
06/20/2025,23,24695,06/21/2025 4:00:00 AM
06/20/2025,24,23334,06/21/2025 5:00:00 AM
06/21/2025,1,22160,06/21/2025 6:00:00 AM
06/21/2025,2,21204,06/21/2025 7:00:00 AM
06/21/2025,3,20492,06/21/2025 8:00:00 AM
06/21/2025,4,19923,06/21/2025 9:00:00 AM
06/21/2025,5,19544,06/21/2025 10:00:00 AM
06/21/2025,6,19338,06/21/2025 11:00:00 AM
06/21/2025,7,19038,06/21/2025 12:00:00 PM
06/21/2025,8,19726,06/21/2025 1:00:00 PM
06/21/2025,9,21135,06/21/2025 2:00:00 PM
06/21/2025,10,22830,06/21/2025 3:00:00 PM
06/21/2025,11,24523,06/21/2025 4:00:00 PM
06/21/2025,12,26151,06/21/2025 5:00:00 PM
06/21/2025,13,27124,06/21/2025 6:00:00 PM
06/21/2025,14,28050,06/21/2025 7:00:00 PM
06/21/2025,15,28674,06/21/2025 8:00:00 PM
06/21/2025,16,28789,06/21/2025 9:00:00 PM
06/21/2025,17,28914,06/21/2025 10:00:00 PM
06/21/2025,18,28807,06/21/2025 11:00:00 PM
06/21/2025,19,28184,06/22/2025 12:00:00 AM
06/21/2025,20,27214,06/22/2025 1:00:00 AM
06/21/2025,21,26229,06/22/2025 2:00:00 AM
06/21/2025,22,25409,06/22/2025 3:00:00 AM
06/21/2025,23,23867,06/22/2025 4:00:00 AM
06/21/2025,24,22629,06/22/2025 5:00:00 AM
06/22/2025,1,21511,06/22/2025 6:00:00 AM
06/22/2025,2,20525,06/22/2025 7:00:00 AM
06/22/2025,3,19834,06/22/2025 8:00:00 AM
06/22/2025,4,19404,06/22/2025 9:00:00 AM
06/22/2025,5,18916,06/22/2025 10:00:00 AM
06/22/2025,6,18682,06/22/2025 11:00:00 AM
06/22/2025,7,18550,06/22/2025 12:00:00 PM
06/22/2025,8,19244,06/22/2025 1:00:00 PM
06/22/2025,9,20549,06/22/2025 2:00:00 PM
06/22/2025,10,22543,06/22/2025 3:00:00 PM
06/22/2025,11,24241,06/22/2025 4:00:00 PM
06/22/2025,12,25734,06/22/2025 5:00:00 PM
06/22/2025,13,27098,06/22/2025 6:00:00 PM
06/22/2025,14,27907,06/22/2025 7:00:00 PM
06/22/2025,15,28278,06/22/2025 8:00:00 PM
06/22/2025,16,28372,06/22/2025 9:00:00 PM
06/22/2025,17,28592,06/22/2025 10:00:00 PM
06/22/2025,18,28597,06/22/2025 11:00:00 PM
06/22/2025,19,27910,06/23/2025 12:00:00 AM
06/22/2025,20,26983,06/23/2025 1:00:00 AM
06/22/2025,21,26114,06/23/2025 2:00:00 AM
06/22/2025,22,25293,06/23/2025 3:00:00 AM
06/22/2025,23,23867,06/23/2025 4:00:00 AM
06/22/2025,24,22582,06/23/2025 5:00:00 AM
06/23/2025,1,21347,06/23/2025 6:00:00 AM
06/23/2025,2,20443,06/23/2025 7:00:00 AM
06/23/2025,3,19791,06/23/2025 8:00:00 AM
06/23/2025,4,19250,06/23/2025 9:00:00 AM
06/23/2025,5,19259,06/23/2025 10:00:00 AM
06/23/2025,6,19411,06/23/2025 11:00:00 AM
06/23/2025,7,19550,06/23/2025 12:00:00 PM
06/23/2025,8,20477,06/23/2025 1:00:00 PM
06/23/2025,9,21834,06/23/2025 2:00:00 PM
06/23/2025,10,23618,06/23/2025 3:00:00 PM
06/23/2025,11,25292,06/23/2025 4:00:00 PM
06/23/2025,12,26808,06/23/2025 5:00:00 PM
06/23/2025,13,27894,06/23/2025 6:00:00 PM
06/23/2025,14,28901,06/23/2025 7:00:00 PM
06/23/2025,15,29383,06/23/2025 8:00:00 PM
06/23/2025,16,29557,06/23/2025 9:00:00 PM
06/23/2025,17,29130,06/23/2025 10:00:00 PM
06/23/2025,18,28443,06/23/2025 11:00:00 PM
06/23/2025,19,27914,06/24/2025 12:00:00 AM
06/23/2025,20,26914,06/24/2025 1:00:00 AM
06/23/2025,21,26138,06/24/2025 2:00:00 AM
06/23/2025,22,25327,06/24/2025 3:00:00 AM
06/23/2025,23,23961,06/24/2025 4:00:00 AM
06/23/2025,24,22432,06/24/2025 5:00:00 AM
06/24/2025,1,21226,06/24/2025 6:00:00 AM
06/24/2025,2,20286,06/24/2025 7:00:00 AM
06/24/2025,3,19740,06/24/2025 8:00:00 AM
06/24/2025,4,19265,06/24/2025 9:00:00 AM
06/24/2025,5,19037,06/24/2025 10:00:00 AM
06/24/2025,6,19256,06/24/2025 11:00:00 AM
06/24/2025,7,19465,06/24/2025 12:00:00 PM
06/24/2025,8,20099,06/24/2025 1:00:00 PM
06/24/2025,9,21153,06/24/2025 2:00:00 PM
06/24/2025,10,22679,06/24/2025 3:00:00 PM
06/24/2025,11,24690,06/24/2025 4:00:00 PM
06/24/2025,12,26313,06/24/2025 5:00:00 PM
06/24/2025,13,27517,06/24/2025 6:00:00 PM
06/24/2025,14,28081,06/24/2025 7:00:00 PM
06/24/2025,15,28504,06/24/2025 8:00:00 PM
06/24/2025,16,28587,06/24/2025 9:00:00 PM
06/24/2025,17,28209,06/24/2025 10:00:00 PM
06/24/2025,18,27650,06/24/2025 11:00:00 PM
06/24/2025,19,27019,06/25/2025 12:00:00 AM
06/24/2025,20,26419,06/25/2025 1:00:00 AM
06/24/2025,21,25745,06/25/2025 2:00:00 AM
06/24/2025,22,24871,06/25/2025 3:00:00 AM
06/24/2025,23,23577,06/25/2025 4:00:00 AM
06/24/2025,24,22159,06/25/2025 5:00:00 AM
06/25/2025,1,21056,06/25/2025 6:00:00 AM
06/25/2025,2,20226,06/25/2025 7:00:00 AM
06/25/2025,3,19556,06/25/2025 8:00:00 AM
06/25/2025,4,19256,06/25/2025 9:00:00 AM
06/25/2025,5,19013,06/25/2025 10:00:00 AM
06/25/2025,6,19057,06/25/2025 11:00:00 AM
06/25/2025,7,19500,06/25/2025 12:00:00 PM
06/25/2025,8,20316,06/25/2025 1:00:00 PM
06/25/2025,9,21476,06/25/2025 2:00:00 PM
06/25/2025,10,22947,06/25/2025 3:00:00 PM
06/25/2025,11,24584,06/25/2025 4:00:00 PM
06/25/2025,12,26202,06/25/2025 5:00:00 PM
06/25/2025,13,27348,06/25/2025 6:00:00 PM
06/25/2025,14,28474,06/25/2025 7:00:00 PM
06/25/2025,15,28932,06/25/2025 8:00:00 PM
06/25/2025,16,28983,06/25/2025 9:00:00 PM
06/25/2025,17,29317,06/25/2025 10:00:00 PM
06/25/2025,18,29124,06/25/2025 11:00:00 PM
06/25/2025,19,28482,06/26/2025 12:00:00 AM
06/25/2025,20,27670,06/26/2025 1:00:00 AM
06/25/2025,21,26772,06/26/2025 2:00:00 AM
06/25/2025,22,25897,06/26/2025 3:00:00 AM
06/25/2025,23,24381,06/26/2025 4:00:00 AM
06/25/2025,24,22873,06/26/2025 5:00:00 AM
06/26/2025,1,21614,06/26/2025 6:00:00 AM
06/26/2025,2,20645,06/26/2025 7:00:00 AM
06/26/2025,3,19975,06/26/2025 8:00:00 AM
06/26/2025,4,19532,06/26/2025 9:00:00 AM
06/26/2025,5,19418,06/26/2025 10:00:00 AM
06/26/2025,6,19542,06/26/2025 11:00:00 AM
06/26/2025,7,19714,06/26/2025 12:00:00 PM
06/26/2025,8,20452,06/26/2025 1:00:00 PM
06/26/2025,9,21492,06/26/2025 2:00:00 PM
06/26/2025,10,22715,06/26/2025 3:00:00 PM
06/26/2025,11,24390,06/26/2025 4:00:00 PM
06/26/2025,12,25914,06/26/2025 5:00:00 PM
06/26/2025,13,27227,06/26/2025 6:00:00 PM
06/26/2025,14,28352,06/26/2025 7:00:00 PM
06/26/2025,15,29173,06/26/2025 8:00:00 PM
06/26/2025,16,29404,06/26/2025 9:00:00 PM
06/26/2025,17,29239,06/26/2025 10:00:00 PM
06/26/2025,18,28837,06/26/2025 11:00:00 PM
06/26/2025,19,28043,06/27/2025 12:00:00 AM
06/26/2025,20,27142,06/27/2025 1:00:00 AM
06/26/2025,21,26231,06/27/2025 2:00:00 AM
06/26/2025,22,25505,06/27/2025 3:00:00 AM
06/26/2025,23,24166,06/27/2025 4:00:00 AM
06/26/2025,24,22813,06/27/2025 5:00:00 AM
06/27/2025,1,21653,06/27/2025 6:00:00 AM
06/27/2025,2,20758,06/27/2025 7:00:00 AM
06/27/2025,3,20241,06/27/2025 8:00:00 AM
06/27/2025,4,19666,06/27/2025 9:00:00 AM
06/27/2025,5,19325,06/27/2025 10:00:00 AM
06/27/2025,6,19494,06/27/2025 11:00:00 AM
06/27/2025,7,19756,06/27/2025 12:00:00 PM
06/27/2025,8,20368,06/27/2025 1:00:00 PM
06/27/2025,9,21671,06/27/2025 2:00:00 PM
06/27/2025,10,23270,06/27/2025 3:00:00 PM
06/27/2025,11,24775,06/27/2025 4:00:00 PM
06/27/2025,12,26238,06/27/2025 5:00:00 PM
06/27/2025,13,27060,06/27/2025 6:00:00 PM
06/27/2025,14,27816,06/27/2025 7:00:00 PM
06/27/2025,15,28131,06/27/2025 8:00:00 PM
06/27/2025,16,28231,06/27/2025 9:00:00 PM
06/27/2025,17,27841,06/27/2025 10:00:00 PM
06/27/2025,18,27428,06/27/2025 11:00:00 PM
06/27/2025,19,26846,06/28/2025 12:00:00 AM
06/27/2025,20,25978,06/28/2025 1:00:00 AM
06/27/2025,21,25214,06/28/2025 2:00:00 AM
06/27/2025,22,24359,06/28/2025 3:00:00 AM
06/27/2025,23,23290,06/28/2025 4:00:00 AM
06/27/2025,24,22106,06/28/2025 5:00:00 AM
06/28/2025,1,20990,06/28/2025 6:00:00 AM
06/28/2025,2,20219,06/28/2025 7:00:00 AM
06/28/2025,3,19630,06/28/2025 8:00:00 AM
06/28/2025,4,19130,06/28/2025 9:00:00 AM
06/28/2025,5,18770,06/28/2025 10:00:00 AM
06/28/2025,6,18578,06/28/2025 11:00:00 AM
06/28/2025,7,18517,06/28/2025 12:00:00 PM
06/28/2025,8,19013,06/28/2025 1:00:00 PM
06/28/2025,9,20415,06/28/2025 2:00:00 PM
06/28/2025,10,22306,06/28/2025 3:00:00 PM
06/28/2025,11,23902,06/28/2025 4:00:00 PM
06/28/2025,12,25299,06/28/2025 5:00:00 PM
06/28/2025,13,26284,06/28/2025 6:00:00 PM
06/28/2025,14,26888,06/28/2025 7:00:00 PM
06/28/2025,15,27158,06/28/2025 8:00:00 PM
06/28/2025,16,27111,06/28/2025 9:00:00 PM
06/28/2025,17,26889,06/28/2025 10:00:00 PM
06/28/2025,18,26661,06/28/2025 11:00:00 PM
06/28/2025,19,26229,06/29/2025 12:00:00 AM
06/28/2025,20,25442,06/29/2025 1:00:00 AM
06/28/2025,21,24771,06/29/2025 2:00:00 AM
06/28/2025,22,24091,06/29/2025 3:00:00 AM
06/28/2025,23,23121,06/29/2025 4:00:00 AM
06/28/2025,24,21918,06/29/2025 5:00:00 AM
06/29/2025,1,20916,06/29/2025 6:00:00 AM
06/29/2025,2,19990,06/29/2025 7:00:00 AM
06/29/2025,3,19379,06/29/2025 8:00:00 AM
06/29/2025,4,18865,06/29/2025 9:00:00 AM
06/29/2025,5,18552,06/29/2025 10:00:00 AM
06/29/2025,6,18422,06/29/2025 11:00:00 AM
06/29/2025,7,18326,06/29/2025 12:00:00 PM
06/29/2025,8,18850,06/29/2025 1:00:00 PM
06/29/2025,9,20244,06/29/2025 2:00:00 PM
06/29/2025,10,21941,06/29/2025 3:00:00 PM
06/29/2025,11,23589,06/29/2025 4:00:00 PM
06/29/2025,12,24812,06/29/2025 5:00:00 PM
06/29/2025,13,25662,06/29/2025 6:00:00 PM
06/29/2025,14,26089,06/29/2025 7:00:00 PM
06/29/2025,15,26103,06/29/2025 8:00:00 PM
06/29/2025,16,26163,06/29/2025 9:00:00 PM
06/29/2025,17,26516,06/29/2025 10:00:00 PM
06/29/2025,18,26416,06/29/2025 11:00:00 PM
06/29/2025,19,26120,06/30/2025 12:00:00 AM
06/29/2025,20,25409,06/30/2025 1:00:00 AM
06/29/2025,21,24773,06/30/2025 2:00:00 AM
06/29/2025,22,24170,06/30/2025 3:00:00 AM
06/29/2025,23,22993,06/30/2025 4:00:00 AM
06/29/2025,24,21753,06/30/2025 5:00:00 AM
06/30/2025,1,20761,06/30/2025 6:00:00 AM
06/30/2025,2,19727,06/30/2025 7:00:00 AM
06/30/2025,3,19368,06/30/2025 8:00:00 AM
06/30/2025,4,19015,06/30/2025 9:00:00 AM
06/30/2025,5,18942,06/30/2025 10:00:00 AM
06/30/2025,6,19133,06/30/2025 11:00:00 AM
06/30/2025,7,19663,06/30/2025 12:00:00 PM
06/30/2025,8,20210,06/30/2025 1:00:00 PM
06/30/2025,9,21237,06/30/2025 2:00:00 PM
06/30/2025,10,22784,06/30/2025 3:00:00 PM
06/30/2025,11,24743,06/30/2025 4:00:00 PM
06/30/2025,12,26250,06/30/2025 5:00:00 PM
06/30/2025,13,27351,06/30/2025 6:00:00 PM
06/30/2025,14,28261,06/30/2025 7:00:00 PM
06/30/2025,15,28519,06/30/2025 8:00:00 PM
06/30/2025,16,28426,06/30/2025 9:00:00 PM
06/30/2025,17,28188,06/30/2025 10:00:00 PM
06/30/2025,18,27683,06/30/2025 11:00:00 PM
06/30/2025,19,27268,07/01/2025 12:00:00 AM
06/30/2025,20,26577,07/01/2025 1:00:00 AM
06/30/2025,21,25746,07/01/2025 2:00:00 AM
06/30/2025,22,24902,07/01/2025 3:00:00 AM
06/30/2025,23,23585,07/01/2025 4:00:00 AM
06/30/2025,24,22391,07/01/2025 5:00:00 AM
07/01/2025,1,21289,07/01/2025 6:00:00 AM
07/01/2025,2,20310,07/01/2025 7:00:00 AM
07/01/2025,3,19532,07/01/2025 8:00:00 AM
07/01/2025,4,19074,07/01/2025 9:00:00 AM
07/01/2025,5,19242,07/01/2025 10:00:00 AM
07/01/2025,6,19569,07/01/2025 11:00:00 AM
07/01/2025,7,19700,07/01/2025 12:00:00 PM
07/01/2025,8,20320,07/01/2025 1:00:00 PM
07/01/2025,9,21431,07/01/2025 2:00:00 PM
07/01/2025,10,22858,07/01/2025 3:00:00 PM
07/01/2025,11,24669,07/01/2025 4:00:00 PM
07/01/2025,12,26260,07/01/2025 5:00:00 PM
07/01/2025,13,27645,07/01/2025 6:00:00 PM
07/01/2025,14,28573,07/01/2025 7:00:00 PM
07/01/2025,15,29148,07/01/2025 8:00:00 PM
07/01/2025,16,29539,07/01/2025 9:00:00 PM
07/01/2025,17,29538,07/01/2025 10:00:00 PM
07/01/2025,18,29175,07/01/2025 11:00:00 PM
07/01/2025,19,28833,07/02/2025 12:00:00 AM
07/01/2025,20,27842,07/02/2025 1:00:00 AM
07/01/2025,21,26834,07/02/2025 2:00:00 AM
07/01/2025,22,25857,07/02/2025 3:00:00 AM
07/01/2025,23,24547,07/02/2025 4:00:00 AM
07/01/2025,24,23021,07/02/2025 5:00:00 AM
07/02/2025,1,21756,07/02/2025 6:00:00 AM
07/02/2025,2,21001,07/02/2025 7:00:00 AM
07/02/2025,3,20217,07/02/2025 8:00:00 AM
07/02/2025,4,19589,07/02/2025 9:00:00 AM
07/02/2025,5,19368,07/02/2025 10:00:00 AM
07/02/2025,6,19468,07/02/2025 11:00:00 AM
07/02/2025,7,19732,07/02/2025 12:00:00 PM
07/02/2025,8,20309,07/02/2025 1:00:00 PM
07/02/2025,9,21447,07/02/2025 2:00:00 PM
07/02/2025,10,23062,07/02/2025 3:00:00 PM
07/02/2025,11,24699,07/02/2025 4:00:00 PM
07/02/2025,12,26280,07/02/2025 5:00:00 PM
07/02/2025,13,27539,07/02/2025 6:00:00 PM
07/02/2025,14,28287,07/02/2025 7:00:00 PM
07/02/2025,15,28611,07/02/2025 8:00:00 PM
07/02/2025,16,28749,07/02/2025 9:00:00 PM
07/02/2025,17,28925,07/02/2025 10:00:00 PM
07/02/2025,18,28595,07/02/2025 11:00:00 PM
07/02/2025,19,28124,07/03/2025 12:00:00 AM
07/02/2025,20,27361,07/03/2025 1:00:00 AM
07/02/2025,21,26488,07/03/2025 2:00:00 AM
07/02/2025,22,25560,07/03/2025 3:00:00 AM
07/02/2025,23,24205,07/03/2025 4:00:00 AM
07/02/2025,24,22737,07/03/2025 5:00:00 AM
07/03/2025,1,21693,07/03/2025 6:00:00 AM
07/03/2025,2,20822,07/03/2025 7:00:00 AM
07/03/2025,3,20062,07/03/2025 8:00:00 AM
07/03/2025,4,19755,07/03/2025 9:00:00 AM
07/03/2025,5,19554,07/03/2025 10:00:00 AM
07/03/2025,6,19625,07/03/2025 11:00:00 AM
07/03/2025,7,19852,07/03/2025 12:00:00 PM
07/03/2025,8,20506,07/03/2025 1:00:00 PM
07/03/2025,9,21678,07/03/2025 2:00:00 PM
07/03/2025,10,23014,07/03/2025 3:00:00 PM
07/03/2025,11,24661,07/03/2025 4:00:00 PM
07/03/2025,12,26121,07/03/2025 5:00:00 PM
07/03/2025,13,27332,07/03/2025 6:00:00 PM
07/03/2025,14,28232,07/03/2025 7:00:00 PM
07/03/2025,15,28513,07/03/2025 8:00:00 PM
07/03/2025,16,28398,07/03/2025 9:00:00 PM
07/03/2025,17,27781,07/03/2025 10:00:00 PM
07/03/2025,18,27181,07/03/2025 11:00:00 PM
07/03/2025,19,26031,07/04/2025 12:00:00 AM
07/03/2025,20,25437,07/04/2025 1:00:00 AM
07/03/2025,21,24811,07/04/2025 2:00:00 AM
07/03/2025,22,24127,07/04/2025 3:00:00 AM
07/03/2025,23,23006,07/04/2025 4:00:00 AM
07/03/2025,24,21836,07/04/2025 5:00:00 AM
07/04/2025,1,20806,07/04/2025 6:00:00 AM
07/04/2025,2,19951,07/04/2025 7:00:00 AM
07/04/2025,3,19268,07/04/2025 8:00:00 AM
07/04/2025,4,18891,07/04/2025 9:00:00 AM
07/04/2025,5,18648,07/04/2025 10:00:00 AM
07/04/2025,6,18637,07/04/2025 11:00:00 AM
07/04/2025,7,18445,07/04/2025 12:00:00 PM
07/04/2025,8,18779,07/04/2025 1:00:00 PM
07/04/2025,9,19684,07/04/2025 2:00:00 PM
07/04/2025,10,20936,07/04/2025 3:00:00 PM
07/04/2025,11,22554,07/04/2025 4:00:00 PM
07/04/2025,12,23948,07/04/2025 5:00:00 PM
07/04/2025,13,24978,07/04/2025 6:00:00 PM
07/04/2025,14,26123,07/04/2025 7:00:00 PM
07/04/2025,15,26931,07/04/2025 8:00:00 PM
07/04/2025,16,27254,07/04/2025 9:00:00 PM
07/04/2025,17,27445,07/04/2025 10:00:00 PM
07/04/2025,18,27294,07/04/2025 11:00:00 PM
07/04/2025,19,26739,07/05/2025 12:00:00 AM
07/04/2025,20,25870,07/05/2025 1:00:00 AM
07/04/2025,21,24925,07/05/2025 2:00:00 AM
07/04/2025,22,23990,07/05/2025 3:00:00 AM
07/04/2025,23,23201,07/05/2025 4:00:00 AM
07/04/2025,24,22190,07/05/2025 5:00:00 AM
07/05/2025,1,20995,07/05/2025 6:00:00 AM
07/05/2025,2,20100,07/05/2025 7:00:00 AM
07/05/2025,3,19439,07/05/2025 8:00:00 AM
07/05/2025,4,19040,07/05/2025 9:00:00 AM
07/05/2025,5,18686,07/05/2025 10:00:00 AM
07/05/2025,6,18530,07/05/2025 11:00:00 AM
07/05/2025,7,18368,07/05/2025 12:00:00 PM
07/05/2025,8,18848,07/05/2025 1:00:00 PM
07/05/2025,9,20181,07/05/2025 2:00:00 PM
07/05/2025,10,21830,07/05/2025 3:00:00 PM
07/05/2025,11,23631,07/05/2025 4:00:00 PM
07/05/2025,12,25344,07/05/2025 5:00:00 PM
07/05/2025,13,26707,07/05/2025 6:00:00 PM
07/05/2025,14,27627,07/05/2025 7:00:00 PM
07/05/2025,15,28196,07/05/2025 8:00:00 PM
07/05/2025,16,28564,07/05/2025 9:00:00 PM
07/05/2025,17,28605,07/05/2025 10:00:00 PM
07/05/2025,18,28701,07/05/2025 11:00:00 PM
07/05/2025,19,28135,07/06/2025 12:00:00 AM
07/05/2025,20,27278,07/06/2025 1:00:00 AM
07/05/2025,21,26214,07/06/2025 2:00:00 AM
07/05/2025,22,25299,07/06/2025 3:00:00 AM
07/05/2025,23,24051,07/06/2025 4:00:00 AM
07/05/2025,24,22812,07/06/2025 5:00:00 AM
07/06/2025,1,21524,07/06/2025 6:00:00 AM
07/06/2025,2,20592,07/06/2025 7:00:00 AM
07/06/2025,3,19772,07/06/2025 8:00:00 AM
07/06/2025,4,19179,07/06/2025 9:00:00 AM
07/06/2025,5,18888,07/06/2025 10:00:00 AM
07/06/2025,6,18741,07/06/2025 11:00:00 AM
07/06/2025,7,18500,07/06/2025 12:00:00 PM
07/06/2025,8,19066,07/06/2025 1:00:00 PM
07/06/2025,9,20426,07/06/2025 2:00:00 PM
07/06/2025,10,22245,07/06/2025 3:00:00 PM
07/06/2025,11,24103,07/06/2025 4:00:00 PM
07/06/2025,12,25841,07/06/2025 5:00:00 PM
07/06/2025,13,27066,07/06/2025 6:00:00 PM
07/06/2025,14,28004,07/06/2025 7:00:00 PM
07/06/2025,15,28222,07/06/2025 8:00:00 PM
07/06/2025,16,27881,07/06/2025 9:00:00 PM
07/06/2025,17,27792,07/06/2025 10:00:00 PM
07/06/2025,18,27680,07/06/2025 11:00:00 PM
07/06/2025,19,27231,07/07/2025 12:00:00 AM
07/06/2025,20,26410,07/07/2025 1:00:00 AM
07/06/2025,21,25661,07/07/2025 2:00:00 AM
07/06/2025,22,24821,07/07/2025 3:00:00 AM
07/06/2025,23,23528,07/07/2025 4:00:00 AM
07/06/2025,24,22207,07/07/2025 5:00:00 AM
07/07/2025,1,21076,07/07/2025 6:00:00 AM
07/07/2025,2,20216,07/07/2025 7:00:00 AM
07/07/2025,3,19631,07/07/2025 8:00:00 AM
07/07/2025,4,19221,07/07/2025 9:00:00 AM
07/07/2025,5,19176,07/07/2025 10:00:00 AM
07/07/2025,6,19457,07/07/2025 11:00:00 AM
07/07/2025,7,19704,07/07/2025 12:00:00 PM
07/07/2025,8,20556,07/07/2025 1:00:00 PM
07/07/2025,9,21758,07/07/2025 2:00:00 PM
07/07/2025,10,23341,07/07/2025 3:00:00 PM
07/07/2025,11,25115,07/07/2025 4:00:00 PM
07/07/2025,12,26783,07/07/2025 5:00:00 PM
07/07/2025,13,27848,07/07/2025 6:00:00 PM
07/07/2025,14,28681,07/07/2025 7:00:00 PM
07/07/2025,15,28725,07/07/2025 8:00:00 PM
07/07/2025,16,28542,07/07/2025 9:00:00 PM
07/07/2025,17,28363,07/07/2025 10:00:00 PM
07/07/2025,18,28134,07/07/2025 11:00:00 PM
07/07/2025,19,27749,07/08/2025 12:00:00 AM
07/07/2025,20,26784,07/08/2025 1:00:00 AM
07/07/2025,21,25864,07/08/2025 2:00:00 AM
07/07/2025,22,25090,07/08/2025 3:00:00 AM
07/07/2025,23,23714,07/08/2025 4:00:00 AM
07/07/2025,24,22292,07/08/2025 5:00:00 AM
07/08/2025,1,21175,07/08/2025 6:00:00 AM
07/08/2025,2,20361,07/08/2025 7:00:00 AM
07/08/2025,3,19807,07/08/2025 8:00:00 AM
07/08/2025,4,19428,07/08/2025 9:00:00 AM
07/08/2025,5,19182,07/08/2025 10:00:00 AM
07/08/2025,6,19498,07/08/2025 11:00:00 AM
07/08/2025,7,19731,07/08/2025 12:00:00 PM
07/08/2025,8,20233,07/08/2025 1:00:00 PM
07/08/2025,9,21321,07/08/2025 2:00:00 PM
07/08/2025,10,22900,07/08/2025 3:00:00 PM
07/08/2025,11,24344,07/08/2025 4:00:00 PM
07/08/2025,12,25420,07/08/2025 5:00:00 PM
07/08/2025,13,25999,07/08/2025 6:00:00 PM
07/08/2025,14,26570,07/08/2025 7:00:00 PM
07/08/2025,15,26800,07/08/2025 8:00:00 PM
07/08/2025,16,26841,07/08/2025 9:00:00 PM
07/08/2025,17,27145,07/08/2025 10:00:00 PM
07/08/2025,18,27067,07/08/2025 11:00:00 PM
07/08/2025,19,26540,07/09/2025 12:00:00 AM
07/08/2025,20,25943,07/09/2025 1:00:00 AM
07/08/2025,21,25077,07/09/2025 2:00:00 AM
07/08/2025,22,24226,07/09/2025 3:00:00 AM
07/08/2025,23,23106,07/09/2025 4:00:00 AM
07/08/2025,24,21812,07/09/2025 5:00:00 AM
07/09/2025,1,20930,07/09/2025 6:00:00 AM
07/09/2025,2,20054,07/09/2025 7:00:00 AM
07/09/2025,3,19539,07/09/2025 8:00:00 AM
07/09/2025,4,19038,07/09/2025 9:00:00 AM
07/09/2025,5,18758,07/09/2025 10:00:00 AM
07/09/2025,6,19067,07/09/2025 11:00:00 AM
07/09/2025,7,19210,07/09/2025 12:00:00 PM
07/09/2025,8,19866,07/09/2025 1:00:00 PM
07/09/2025,9,20961,07/09/2025 2:00:00 PM
07/09/2025,10,22279,07/09/2025 3:00:00 PM
07/09/2025,11,23593,07/09/2025 4:00:00 PM
07/09/2025,12,24736,07/09/2025 5:00:00 PM
07/09/2025,13,25563,07/09/2025 6:00:00 PM
07/09/2025,14,25859,07/09/2025 7:00:00 PM
07/09/2025,15,25975,07/09/2025 8:00:00 PM
07/09/2025,16,26142,07/09/2025 9:00:00 PM
07/09/2025,17,26498,07/09/2025 10:00:00 PM
07/09/2025,18,26284,07/09/2025 11:00:00 PM
07/09/2025,19,26018,07/10/2025 12:00:00 AM
07/09/2025,20,25293,07/10/2025 1:00:00 AM
07/09/2025,21,24566,07/10/2025 2:00:00 AM
07/09/2025,22,24242,07/10/2025 3:00:00 AM
07/09/2025,23,23350,07/10/2025 4:00:00 AM
07/09/2025,24,21712,07/10/2025 5:00:00 AM
07/10/2025,1,20644,07/10/2025 6:00:00 AM
07/10/2025,2,19947,07/10/2025 7:00:00 AM
07/10/2025,3,19349,07/10/2025 8:00:00 AM
07/10/2025,4,18908,07/10/2025 9:00:00 AM
07/10/2025,5,18810,07/10/2025 10:00:00 AM
07/10/2025,6,19147,07/10/2025 11:00:00 AM
07/10/2025,7,19357,07/10/2025 12:00:00 PM
07/10/2025,8,20127,07/10/2025 1:00:00 PM
07/10/2025,9,21328,07/10/2025 2:00:00 PM
07/10/2025,10,22794,07/10/2025 3:00:00 PM
07/10/2025,11,24210,07/10/2025 4:00:00 PM
07/10/2025,12,25559,07/10/2025 5:00:00 PM
07/10/2025,13,26310,07/10/2025 6:00:00 PM
07/10/2025,14,26864,07/10/2025 7:00:00 PM
07/10/2025,15,27192,07/10/2025 8:00:00 PM
07/10/2025,16,27221,07/10/2025 9:00:00 PM
07/10/2025,17,27193,07/10/2025 10:00:00 PM
07/10/2025,18,26870,07/10/2025 11:00:00 PM
07/10/2025,19,26372,07/11/2025 12:00:00 AM
07/10/2025,20,25776,07/11/2025 1:00:00 AM
07/10/2025,21,25080,07/11/2025 2:00:00 AM
07/10/2025,22,24425,07/11/2025 3:00:00 AM
07/10/2025,23,23186,07/11/2025 4:00:00 AM
07/10/2025,24,21916,07/11/2025 5:00:00 AM
07/11/2025,1,21050,07/11/2025 6:00:00 AM
07/11/2025,2,20255,07/11/2025 7:00:00 AM
07/11/2025,3,19408,07/11/2025 8:00:00 AM
07/11/2025,4,19258,07/11/2025 9:00:00 AM
07/11/2025,5,19272,07/11/2025 10:00:00 AM
07/11/2025,6,19477,07/11/2025 11:00:00 AM
07/11/2025,7,19751,07/11/2025 12:00:00 PM
07/11/2025,8,20239,07/11/2025 1:00:00 PM
07/11/2025,9,21531,07/11/2025 2:00:00 PM
07/11/2025,10,23003,07/11/2025 3:00:00 PM
07/11/2025,11,24784,07/11/2025 4:00:00 PM
07/11/2025,12,26364,07/11/2025 5:00:00 PM
07/11/2025,13,27571,07/11/2025 6:00:00 PM
07/11/2025,14,28243,07/11/2025 7:00:00 PM
07/11/2025,15,28417,07/11/2025 8:00:00 PM
07/11/2025,16,28269,07/11/2025 9:00:00 PM
07/11/2025,17,28223,07/11/2025 10:00:00 PM
07/11/2025,18,28108,07/11/2025 11:00:00 PM
07/11/2025,19,27498,07/12/2025 12:00:00 AM
07/11/2025,20,26693,07/12/2025 1:00:00 AM
07/11/2025,21,25876,07/12/2025 2:00:00 AM
07/11/2025,22,25010,07/12/2025 3:00:00 AM
07/11/2025,23,24002,07/12/2025 4:00:00 AM
07/11/2025,24,22712,07/12/2025 5:00:00 AM
07/12/2025,1,21683,07/12/2025 6:00:00 AM
07/12/2025,2,20699,07/12/2025 7:00:00 AM
07/12/2025,3,19958,07/12/2025 8:00:00 AM
07/12/2025,4,19616,07/12/2025 9:00:00 AM
07/12/2025,5,19347,07/12/2025 10:00:00 AM
07/12/2025,6,19284,07/12/2025 11:00:00 AM
07/12/2025,7,19174,07/12/2025 12:00:00 PM
07/12/2025,8,19670,07/12/2025 1:00:00 PM
07/12/2025,9,20922,07/12/2025 2:00:00 PM
07/12/2025,10,22631,07/12/2025 3:00:00 PM
07/12/2025,11,24310,07/12/2025 4:00:00 PM
07/12/2025,12,25672,07/12/2025 5:00:00 PM
07/12/2025,13,27045,07/12/2025 6:00:00 PM
07/12/2025,14,27911,07/12/2025 7:00:00 PM
07/12/2025,15,28189,07/12/2025 8:00:00 PM
07/12/2025,16,28118,07/12/2025 9:00:00 PM
07/12/2025,17,27581,07/12/2025 10:00:00 PM
07/12/2025,18,27016,07/12/2025 11:00:00 PM
07/12/2025,19,26103,07/13/2025 12:00:00 AM
07/12/2025,20,25380,07/13/2025 1:00:00 AM
07/12/2025,21,24812,07/13/2025 2:00:00 AM
07/12/2025,22,24133,07/13/2025 3:00:00 AM
07/12/2025,23,23186,07/13/2025 4:00:00 AM
07/12/2025,24,22087,07/13/2025 5:00:00 AM
07/13/2025,1,21051,07/13/2025 6:00:00 AM
07/13/2025,2,20244,07/13/2025 7:00:00 AM
07/13/2025,3,19515,07/13/2025 8:00:00 AM
07/13/2025,4,19271,07/13/2025 9:00:00 AM
07/13/2025,5,18745,07/13/2025 10:00:00 AM
07/13/2025,6,18603,07/13/2025 11:00:00 AM
07/13/2025,7,18507,07/13/2025 12:00:00 PM
07/13/2025,8,18975,07/13/2025 1:00:00 PM
07/13/2025,9,20498,07/13/2025 2:00:00 PM
07/13/2025,10,22223,07/13/2025 3:00:00 PM
07/13/2025,11,23714,07/13/2025 4:00:00 PM
07/13/2025,12,24887,07/13/2025 5:00:00 PM
07/13/2025,13,25660,07/13/2025 6:00:00 PM
07/13/2025,14,25915,07/13/2025 7:00:00 PM
07/13/2025,15,25738,07/13/2025 8:00:00 PM
07/13/2025,16,25758,07/13/2025 9:00:00 PM
07/13/2025,17,25680,07/13/2025 10:00:00 PM
07/13/2025,18,25731,07/13/2025 11:00:00 PM
07/13/2025,19,25299,07/14/2025 12:00:00 AM
07/13/2025,20,24580,07/14/2025 1:00:00 AM
07/13/2025,21,23975,07/14/2025 2:00:00 AM
07/13/2025,22,23368,07/14/2025 3:00:00 AM
07/13/2025,23,22337,07/14/2025 4:00:00 AM
07/13/2025,24,21205,07/14/2025 5:00:00 AM
07/14/2025,1,20062,07/14/2025 6:00:00 AM
07/14/2025,2,19260,07/14/2025 7:00:00 AM
07/14/2025,3,18823,07/14/2025 8:00:00 AM
07/14/2025,4,18345,07/14/2025 9:00:00 AM
07/14/2025,5,18499,07/14/2025 10:00:00 AM
07/14/2025,6,18805,07/14/2025 11:00:00 AM
07/14/2025,7,19302,07/14/2025 12:00:00 PM
07/14/2025,8,20103,07/14/2025 1:00:00 PM
07/14/2025,9,21165,07/14/2025 2:00:00 PM
07/14/2025,10,22611,07/14/2025 3:00:00 PM
07/14/2025,11,24215,07/14/2025 4:00:00 PM
07/14/2025,12,25686,07/14/2025 5:00:00 PM
07/14/2025,13,26448,07/14/2025 6:00:00 PM
07/14/2025,14,27133,07/14/2025 7:00:00 PM
07/14/2025,15,27427,07/14/2025 8:00:00 PM
07/14/2025,16,27402,07/14/2025 9:00:00 PM
07/14/2025,17,27582,07/14/2025 10:00:00 PM
07/14/2025,18,27786,07/14/2025 11:00:00 PM
07/14/2025,19,27339,07/15/2025 12:00:00 AM
07/14/2025,20,26433,07/15/2025 1:00:00 AM
07/14/2025,21,25774,07/15/2025 2:00:00 AM
07/14/2025,22,24977,07/15/2025 3:00:00 AM
07/14/2025,23,23544,07/15/2025 4:00:00 AM
07/14/2025,24,22126,07/15/2025 5:00:00 AM
07/15/2025,1,20795,07/15/2025 6:00:00 AM
07/15/2025,2,20124,07/15/2025 7:00:00 AM
07/15/2025,3,19557,07/15/2025 8:00:00 AM
07/15/2025,4,19264,07/15/2025 9:00:00 AM
07/15/2025,5,19244,07/15/2025 10:00:00 AM
07/15/2025,6,19306,07/15/2025 11:00:00 AM
07/15/2025,7,19657,07/15/2025 12:00:00 PM
07/15/2025,8,20250,07/15/2025 1:00:00 PM
07/15/2025,9,21551,07/15/2025 2:00:00 PM
07/15/2025,10,23183,07/15/2025 3:00:00 PM
07/15/2025,11,24920,07/15/2025 4:00:00 PM
07/15/2025,12,26572,07/15/2025 5:00:00 PM
07/15/2025,13,27818,07/15/2025 6:00:00 PM
07/15/2025,14,28949,07/15/2025 7:00:00 PM
07/15/2025,15,29517,07/15/2025 8:00:00 PM
07/15/2025,16,29858,07/15/2025 9:00:00 PM
07/15/2025,17,29821,07/15/2025 10:00:00 PM
07/15/2025,18,29791,07/15/2025 11:00:00 PM
07/15/2025,19,29388,07/16/2025 12:00:00 AM
07/15/2025,20,28650,07/16/2025 1:00:00 AM
07/15/2025,21,27714,07/16/2025 2:00:00 AM
07/15/2025,22,26718,07/16/2025 3:00:00 AM
07/15/2025,23,25321,07/16/2025 4:00:00 AM
07/15/2025,24,23756,07/16/2025 5:00:00 AM
07/16/2025,1,22559,07/16/2025 6:00:00 AM
07/16/2025,2,21644,07/16/2025 7:00:00 AM
07/16/2025,3,20957,07/16/2025 8:00:00 AM
07/16/2025,4,20601,07/16/2025 9:00:00 AM
07/16/2025,5,20329,07/16/2025 10:00:00 AM
07/16/2025,6,20299,07/16/2025 11:00:00 AM
07/16/2025,7,20341,07/16/2025 12:00:00 PM
07/16/2025,8,20860,07/16/2025 1:00:00 PM
07/16/2025,9,22162,07/16/2025 2:00:00 PM
07/16/2025,10,23771,07/16/2025 3:00:00 PM
07/16/2025,11,25466,07/16/2025 4:00:00 PM
07/16/2025,12,27132,07/16/2025 5:00:00 PM
07/16/2025,13,28498,07/16/2025 6:00:00 PM
07/16/2025,14,29418,07/16/2025 7:00:00 PM
07/16/2025,15,30044,07/16/2025 8:00:00 PM
07/16/2025,16,30624,07/16/2025 9:00:00 PM
07/16/2025,17,30713,07/16/2025 10:00:00 PM
07/16/2025,18,30488,07/16/2025 11:00:00 PM
07/16/2025,19,29852,07/17/2025 12:00:00 AM
07/16/2025,20,28934,07/17/2025 1:00:00 AM
07/16/2025,21,27966,07/17/2025 2:00:00 AM
07/16/2025,22,26922,07/17/2025 3:00:00 AM
07/16/2025,23,25456,07/17/2025 4:00:00 AM
07/16/2025,24,23962,07/17/2025 5:00:00 AM
07/17/2025,1,22738,07/17/2025 6:00:00 AM
07/17/2025,2,21752,07/17/2025 7:00:00 AM
07/17/2025,3,20954,07/17/2025 8:00:00 AM
07/17/2025,4,20569,07/17/2025 9:00:00 AM
07/17/2025,5,20343,07/17/2025 10:00:00 AM
07/17/2025,6,20459,07/17/2025 11:00:00 AM
07/17/2025,7,20806,07/17/2025 12:00:00 PM
07/17/2025,8,21240,07/17/2025 1:00:00 PM
07/17/2025,9,22056,07/17/2025 2:00:00 PM
07/17/2025,10,23171,07/17/2025 3:00:00 PM
07/17/2025,11,24513,07/17/2025 4:00:00 PM
07/17/2025,12,25647,07/17/2025 5:00:00 PM
07/17/2025,13,26677,07/17/2025 6:00:00 PM
07/17/2025,14,27373,07/17/2025 7:00:00 PM
07/17/2025,15,27235,07/17/2025 8:00:00 PM
07/17/2025,16,27270,07/17/2025 9:00:00 PM
07/17/2025,17,27179,07/17/2025 10:00:00 PM
07/17/2025,18,26868,07/17/2025 11:00:00 PM
07/17/2025,19,26735,07/18/2025 12:00:00 AM
07/17/2025,20,26228,07/18/2025 1:00:00 AM
07/17/2025,21,25554,07/18/2025 2:00:00 AM
07/17/2025,22,25074,07/18/2025 3:00:00 AM
07/17/2025,23,23844,07/18/2025 4:00:00 AM
07/17/2025,24,22716,07/18/2025 5:00:00 AM
07/18/2025,1,21688,07/18/2025 6:00:00 AM
07/18/2025,2,20961,07/18/2025 7:00:00 AM
07/18/2025,3,20430,07/18/2025 8:00:00 AM
07/18/2025,4,20015,07/18/2025 9:00:00 AM
07/18/2025,5,19948,07/18/2025 10:00:00 AM
07/18/2025,6,20053,07/18/2025 11:00:00 AM
07/18/2025,7,20432,07/18/2025 12:00:00 PM
07/18/2025,8,20994,07/18/2025 1:00:00 PM
07/18/2025,9,21707,07/18/2025 2:00:00 PM
07/18/2025,10,22712,07/18/2025 3:00:00 PM
07/18/2025,11,23955,07/18/2025 4:00:00 PM
07/18/2025,12,25038,07/18/2025 5:00:00 PM
07/18/2025,13,26016,07/18/2025 6:00:00 PM
07/18/2025,14,26999,07/18/2025 7:00:00 PM
07/18/2025,15,27803,07/18/2025 8:00:00 PM
07/18/2025,16,28317,07/18/2025 9:00:00 PM
07/18/2025,17,28468,07/18/2025 10:00:00 PM
07/18/2025,18,28300,07/18/2025 11:00:00 PM
07/18/2025,19,27622,07/19/2025 12:00:00 AM
07/18/2025,20,26836,07/19/2025 1:00:00 AM
07/18/2025,21,26174,07/19/2025 2:00:00 AM
07/18/2025,22,25429,07/19/2025 3:00:00 AM
07/18/2025,23,24357,07/19/2025 4:00:00 AM
07/18/2025,24,23186,07/19/2025 5:00:00 AM
07/19/2025,1,22061,07/19/2025 6:00:00 AM
07/19/2025,2,21238,07/19/2025 7:00:00 AM
07/19/2025,3,20584,07/19/2025 8:00:00 AM
07/19/2025,4,20002,07/19/2025 9:00:00 AM
07/19/2025,5,19792,07/19/2025 10:00:00 AM
07/19/2025,6,19735,07/19/2025 11:00:00 AM
07/19/2025,7,19637,07/19/2025 12:00:00 PM
07/19/2025,8,20051,07/19/2025 1:00:00 PM
07/19/2025,9,21276,07/19/2025 2:00:00 PM
07/19/2025,10,22966,07/19/2025 3:00:00 PM
07/19/2025,11,24610,07/19/2025 4:00:00 PM
07/19/2025,12,26036,07/19/2025 5:00:00 PM
07/19/2025,13,27013,07/19/2025 6:00:00 PM
07/19/2025,14,27635,07/19/2025 7:00:00 PM
07/19/2025,15,28050,07/19/2025 8:00:00 PM
07/19/2025,16,28146,07/19/2025 9:00:00 PM
07/19/2025,17,28550,07/19/2025 10:00:00 PM
07/19/2025,18,28375,07/19/2025 11:00:00 PM
07/19/2025,19,27729,07/20/2025 12:00:00 AM
07/19/2025,20,26957,07/20/2025 1:00:00 AM
07/19/2025,21,26211,07/20/2025 2:00:00 AM
07/19/2025,22,25437,07/20/2025 3:00:00 AM
07/19/2025,23,24293,07/20/2025 4:00:00 AM
07/19/2025,24,23121,07/20/2025 5:00:00 AM
07/20/2025,1,22161,07/20/2025 6:00:00 AM
07/20/2025,2,21351,07/20/2025 7:00:00 AM
07/20/2025,3,20656,07/20/2025 8:00:00 AM
07/20/2025,4,20153,07/20/2025 9:00:00 AM
07/20/2025,5,19903,07/20/2025 10:00:00 AM
07/20/2025,6,19672,07/20/2025 11:00:00 AM
07/20/2025,7,19648,07/20/2025 12:00:00 PM
07/20/2025,8,20076,07/20/2025 1:00:00 PM
07/20/2025,9,21384,07/20/2025 2:00:00 PM
07/20/2025,10,23137,07/20/2025 3:00:00 PM
07/20/2025,11,24688,07/20/2025 4:00:00 PM
07/20/2025,12,26159,07/20/2025 5:00:00 PM
07/20/2025,13,27674,07/20/2025 6:00:00 PM
07/20/2025,14,28520,07/20/2025 7:00:00 PM
07/20/2025,15,29270,07/20/2025 8:00:00 PM
07/20/2025,16,29639,07/20/2025 9:00:00 PM
07/20/2025,17,30017,07/20/2025 10:00:00 PM
07/20/2025,18,30002,07/20/2025 11:00:00 PM
07/20/2025,19,29728,07/21/2025 12:00:00 AM
07/20/2025,20,29085,07/21/2025 1:00:00 AM
07/20/2025,21,28164,07/21/2025 2:00:00 AM
07/20/2025,22,27257,07/21/2025 3:00:00 AM
07/20/2025,23,25728,07/21/2025 4:00:00 AM
07/20/2025,24,24354,07/21/2025 5:00:00 AM
07/21/2025,1,22906,07/21/2025 6:00:00 AM
07/21/2025,2,21940,07/21/2025 7:00:00 AM
07/21/2025,3,21344,07/21/2025 8:00:00 AM
07/21/2025,4,20909,07/21/2025 9:00:00 AM
07/21/2025,5,20620,07/21/2025 10:00:00 AM
07/21/2025,6,20863,07/21/2025 11:00:00 AM
07/21/2025,7,21167,07/21/2025 12:00:00 PM
07/21/2025,8,21734,07/21/2025 1:00:00 PM
07/21/2025,9,23043,07/21/2025 2:00:00 PM
07/21/2025,10,24652,07/21/2025 3:00:00 PM
07/21/2025,11,26249,07/21/2025 4:00:00 PM
07/21/2025,12,27934,07/21/2025 5:00:00 PM
07/21/2025,13,29311,07/21/2025 6:00:00 PM
07/21/2025,14,30386,07/21/2025 7:00:00 PM
07/21/2025,15,31167,07/21/2025 8:00:00 PM
07/21/2025,16,31505,07/21/2025 9:00:00 PM
07/21/2025,17,31702,07/21/2025 10:00:00 PM
07/21/2025,18,31666,07/21/2025 11:00:00 PM
07/21/2025,19,31224,07/22/2025 12:00:00 AM
07/21/2025,20,30341,07/22/2025 1:00:00 AM
07/21/2025,21,29279,07/22/2025 2:00:00 AM
07/21/2025,22,28317,07/22/2025 3:00:00 AM
07/21/2025,23,26762,07/22/2025 4:00:00 AM
07/21/2025,24,24994,07/22/2025 5:00:00 AM
07/22/2025,1,23752,07/22/2025 6:00:00 AM
07/22/2025,2,22822,07/22/2025 7:00:00 AM
07/22/2025,3,21954,07/22/2025 8:00:00 AM
07/22/2025,4,21469,07/22/2025 9:00:00 AM
07/22/2025,5,21156,07/22/2025 10:00:00 AM
07/22/2025,6,21363,07/22/2025 11:00:00 AM
07/22/2025,7,21521,07/22/2025 12:00:00 PM
07/22/2025,8,22074,07/22/2025 1:00:00 PM
07/22/2025,9,23320,07/22/2025 2:00:00 PM
07/22/2025,10,25027,07/22/2025 3:00:00 PM
07/22/2025,11,26947,07/22/2025 4:00:00 PM
07/22/2025,12,28574,07/22/2025 5:00:00 PM
07/22/2025,13,29906,07/22/2025 6:00:00 PM
07/22/2025,14,30934,07/22/2025 7:00:00 PM
07/22/2025,15,31712,07/22/2025 8:00:00 PM
07/22/2025,16,32261,07/22/2025 9:00:00 PM
07/22/2025,17,32436,07/22/2025 10:00:00 PM
07/22/2025,18,32330,07/22/2025 11:00:00 PM
07/22/2025,19,31862,07/23/2025 12:00:00 AM
07/22/2025,20,30957,07/23/2025 1:00:00 AM
07/22/2025,21,29916,07/23/2025 2:00:00 AM
07/22/2025,22,28666,07/23/2025 3:00:00 AM
07/22/2025,23,26995,07/23/2025 4:00:00 AM
07/22/2025,24,25569,07/23/2025 5:00:00 AM
07/23/2025,1,24131,07/23/2025 6:00:00 AM
07/23/2025,2,22875,07/23/2025 7:00:00 AM
07/23/2025,3,22156,07/23/2025 8:00:00 AM
07/23/2025,4,21666,07/23/2025 9:00:00 AM
07/23/2025,5,21508,07/23/2025 10:00:00 AM
07/23/2025,6,21468,07/23/2025 11:00:00 AM
07/23/2025,7,21530,07/23/2025 12:00:00 PM
07/23/2025,8,21935,07/23/2025 1:00:00 PM
07/23/2025,9,22979,07/23/2025 2:00:00 PM
07/23/2025,10,24528,07/23/2025 3:00:00 PM
07/23/2025,11,26465,07/23/2025 4:00:00 PM
07/23/2025,12,28159,07/23/2025 5:00:00 PM
07/23/2025,13,29516,07/23/2025 6:00:00 PM
07/23/2025,14,30451,07/23/2025 7:00:00 PM
07/23/2025,15,30967,07/23/2025 8:00:00 PM
07/23/2025,16,31358,07/23/2025 9:00:00 PM
07/23/2025,17,31315,07/23/2025 10:00:00 PM
07/23/2025,18,31157,07/23/2025 11:00:00 PM
07/23/2025,19,30951,07/24/2025 12:00:00 AM
07/23/2025,20,30313,07/24/2025 1:00:00 AM
07/23/2025,21,29194,07/24/2025 2:00:00 AM
07/23/2025,22,27989,07/24/2025 3:00:00 AM
07/23/2025,23,26342,07/24/2025 4:00:00 AM
07/23/2025,24,24870,07/24/2025 5:00:00 AM
07/24/2025,1,23532,07/24/2025 6:00:00 AM
07/24/2025,2,,07/24/2025 7:00:00 AM
07/24/2025,3,,07/24/2025 8:00:00 AM
07/24/2025,4,,07/24/2025 9:00:00 AM
07/24/2025,5,,07/24/2025 10:00:00 AM
07/24/2025,6,,07/24/2025 11:00:00 AM
07/24/2025,7,,07/24/2025 12:00:00 PM
07/24/2025,8,,07/24/2025 1:00:00 PM
07/24/2025,9,,07/24/2025 2:00:00 PM
07/24/2025,10,,07/24/2025 3:00:00 PM
07/24/2025,11,,07/24/2025 4:00:00 PM
07/24/2025,12,,07/24/2025 5:00:00 PM
07/24/2025,13,,07/24/2025 6:00:00 PM
07/24/2025,14,,07/24/2025 7:00:00 PM
07/24/2025,15,,07/24/2025 8:00:00 PM
07/24/2025,16,,07/24/2025 9:00:00 PM
07/24/2025,17,,07/24/2025 10:00:00 PM
07/24/2025,18,,07/24/2025 11:00:00 PM
07/24/2025,19,,07/25/2025 12:00:00 AM
07/24/2025,20,,07/25/2025 1:00:00 AM
07/24/2025,21,,07/25/2025 2:00:00 AM
07/24/2025,22,,07/25/2025 3:00:00 AM
07/24/2025,23,,07/25/2025 4:00:00 AM
07/24/2025,24,,07/25/2025 5:00:00 AM
07/25/2025,1,22783,07/25/2025 6:00:00 AM
07/25/2025,2,22017,07/25/2025 7:00:00 AM
07/25/2025,3,21549,07/25/2025 8:00:00 AM
07/25/2025,4,21034,07/25/2025 9:00:00 AM
07/25/2025,5,20952,07/25/2025 10:00:00 AM
07/25/2025,6,20950,07/25/2025 11:00:00 AM
07/25/2025,7,21291,07/25/2025 12:00:00 PM
07/25/2025,8,21623,07/25/2025 1:00:00 PM
07/25/2025,9,22687,07/25/2025 2:00:00 PM
07/25/2025,10,24018,07/25/2025 3:00:00 PM
07/25/2025,11,25440,07/25/2025 4:00:00 PM
07/25/2025,12,26998,07/25/2025 5:00:00 PM
07/25/2025,13,28330,07/25/2025 6:00:00 PM
07/25/2025,14,29010,07/25/2025 7:00:00 PM
07/25/2025,15,29435,07/25/2025 8:00:00 PM
07/25/2025,16,29449,07/25/2025 9:00:00 PM
07/25/2025,17,29153,07/25/2025 10:00:00 PM
07/25/2025,18,28418,07/25/2025 11:00:00 PM
07/25/2025,19,27642,07/26/2025 12:00:00 AM
07/25/2025,20,26835,07/26/2025 1:00:00 AM
07/25/2025,21,26220,07/26/2025 2:00:00 AM
07/25/2025,22,25475,07/26/2025 3:00:00 AM
07/25/2025,23,24416,07/26/2025 4:00:00 AM
07/25/2025,24,23358,07/26/2025 5:00:00 AM
07/26/2025,1,22283,07/26/2025 6:00:00 AM
07/26/2025,2,21736,07/26/2025 7:00:00 AM
07/26/2025,3,21054,07/26/2025 8:00:00 AM
07/26/2025,4,20668,07/26/2025 9:00:00 AM
07/26/2025,5,20436,07/26/2025 10:00:00 AM
07/26/2025,6,20388,07/26/2025 11:00:00 AM
07/26/2025,7,20306,07/26/2025 12:00:00 PM
07/26/2025,8,20464,07/26/2025 1:00:00 PM
07/26/2025,9,21362,07/26/2025 2:00:00 PM
07/26/2025,10,22775,07/26/2025 3:00:00 PM
07/26/2025,11,24107,07/26/2025 4:00:00 PM
07/26/2025,12,25388,07/26/2025 5:00:00 PM
07/26/2025,13,26327,07/26/2025 6:00:00 PM
07/26/2025,14,26959,07/26/2025 7:00:00 PM
07/26/2025,15,27123,07/26/2025 8:00:00 PM
07/26/2025,16,27269,07/26/2025 9:00:00 PM
07/26/2025,17,27140,07/26/2025 10:00:00 PM
07/26/2025,18,27027,07/26/2025 11:00:00 PM
07/26/2025,19,26637,07/27/2025 12:00:00 AM
07/26/2025,20,25877,07/27/2025 1:00:00 AM
07/26/2025,21,25398,07/27/2025 2:00:00 AM
07/26/2025,22,24720,07/27/2025 3:00:00 AM
07/26/2025,23,23703,07/27/2025 4:00:00 AM
07/26/2025,24,22520,07/27/2025 5:00:00 AM
07/27/2025,1,21707,07/27/2025 6:00:00 AM
07/27/2025,2,21014,07/27/2025 7:00:00 AM
07/27/2025,3,20510,07/27/2025 8:00:00 AM
07/27/2025,4,20072,07/27/2025 9:00:00 AM
07/27/2025,5,19719,07/27/2025 10:00:00 AM
07/27/2025,6,19654,07/27/2025 11:00:00 AM
07/27/2025,7,19487,07/27/2025 12:00:00 PM
07/27/2025,8,19869,07/27/2025 1:00:00 PM
07/27/2025,9,21088,07/27/2025 2:00:00 PM
07/27/2025,10,22889,07/27/2025 3:00:00 PM
07/27/2025,11,24641,07/27/2025 4:00:00 PM
07/27/2025,12,26337,07/27/2025 5:00:00 PM
07/27/2025,13,27512,07/27/2025 6:00:00 PM
07/27/2025,14,28585,07/27/2025 7:00:00 PM
07/27/2025,15,29382,07/27/2025 8:00:00 PM
07/27/2025,16,29841,07/27/2025 9:00:00 PM
07/27/2025,17,30067,07/27/2025 10:00:00 PM
07/27/2025,18,29859,07/27/2025 11:00:00 PM
07/27/2025,19,29397,07/28/2025 12:00:00 AM
07/27/2025,20,28570,07/28/2025 1:00:00 AM
07/27/2025,21,27668,07/28/2025 2:00:00 AM
07/27/2025,22,26650,07/28/2025 3:00:00 AM
07/27/2025,23,25344,07/28/2025 4:00:00 AM
07/27/2025,24,23958,07/28/2025 5:00:00 AM
07/28/2025,1,22530,07/28/2025 6:00:00 AM
07/28/2025,2,21602,07/28/2025 7:00:00 AM
07/28/2025,3,21006,07/28/2025 8:00:00 AM
07/28/2025,4,20679,07/28/2025 9:00:00 AM
07/28/2025,5,20547,07/28/2025 10:00:00 AM
07/28/2025,6,20744,07/28/2025 11:00:00 AM
07/28/2025,7,21025,07/28/2025 12:00:00 PM
07/28/2025,8,21667,07/28/2025 1:00:00 PM
07/28/2025,9,22987,07/28/2025 2:00:00 PM
07/28/2025,10,24488,07/28/2025 3:00:00 PM
07/28/2025,11,26370,07/28/2025 4:00:00 PM
07/28/2025,12,28290,07/28/2025 5:00:00 PM
07/28/2025,13,29636,07/28/2025 6:00:00 PM
07/28/2025,14,30796,07/28/2025 7:00:00 PM
07/28/2025,15,31470,07/28/2025 8:00:00 PM
07/28/2025,16,31822,07/28/2025 9:00:00 PM
07/28/2025,17,31907,07/28/2025 10:00:00 PM
07/28/2025,18,31978,07/28/2025 11:00:00 PM
07/28/2025,19,31781,07/29/2025 12:00:00 AM
07/28/2025,20,30782,07/29/2025 1:00:00 AM
07/28/2025,21,29759,07/29/2025 2:00:00 AM
07/28/2025,22,28427,07/29/2025 3:00:00 AM
07/28/2025,23,26716,07/29/2025 4:00:00 AM
07/28/2025,24,25316,07/29/2025 5:00:00 AM
07/29/2025,1,23991,07/29/2025 6:00:00 AM
07/29/2025,2,23008,07/29/2025 7:00:00 AM
07/29/2025,3,22324,07/29/2025 8:00:00 AM
07/29/2025,4,21770,07/29/2025 9:00:00 AM
07/29/2025,5,21508,07/29/2025 10:00:00 AM
07/29/2025,6,21504,07/29/2025 11:00:00 AM
07/29/2025,7,21914,07/29/2025 12:00:00 PM
07/29/2025,8,22339,07/29/2025 1:00:00 PM
07/29/2025,9,23548,07/29/2025 2:00:00 PM
07/29/2025,10,25230,07/29/2025 3:00:00 PM
07/29/2025,11,27108,07/29/2025 4:00:00 PM
07/29/2025,12,28704,07/29/2025 5:00:00 PM
07/29/2025,13,29967,07/29/2025 6:00:00 PM
07/29/2025,14,30851,07/29/2025 7:00:00 PM
07/29/2025,15,31129,07/29/2025 8:00:00 PM
07/29/2025,16,31312,07/29/2025 9:00:00 PM
07/29/2025,17,31145,07/29/2025 10:00:00 PM
07/29/2025,18,30698,07/29/2025 11:00:00 PM
07/29/2025,19,29828,07/30/2025 12:00:00 AM
07/29/2025,20,28983,07/30/2025 1:00:00 AM
07/29/2025,21,28321,07/30/2025 2:00:00 AM
07/29/2025,22,27572,07/30/2025 3:00:00 AM
07/29/2025,23,26192,07/30/2025 4:00:00 AM
07/29/2025,24,24946,07/30/2025 5:00:00 AM
07/30/2025,1,23763,07/30/2025 6:00:00 AM
07/30/2025,2,22901,07/30/2025 7:00:00 AM
07/30/2025,3,22296,07/30/2025 8:00:00 AM
07/30/2025,4,21832,07/30/2025 9:00:00 AM
07/30/2025,5,21507,07/30/2025 10:00:00 AM
07/30/2025,6,21588,07/30/2025 11:00:00 AM
07/30/2025,7,21877,07/30/2025 12:00:00 PM
07/30/2025,8,22100,07/30/2025 1:00:00 PM
07/30/2025,9,23023,07/30/2025 2:00:00 PM
07/30/2025,10,24556,07/30/2025 3:00:00 PM
07/30/2025,11,26521,07/30/2025 4:00:00 PM
07/30/2025,12,28370,07/30/2025 5:00:00 PM
07/30/2025,13,30101,07/30/2025 6:00:00 PM
07/30/2025,14,31314,07/30/2025 7:00:00 PM
07/30/2025,15,31620,07/30/2025 8:00:00 PM
07/30/2025,16,30977,07/30/2025 9:00:00 PM
07/30/2025,17,30141,07/30/2025 10:00:00 PM
07/30/2025,18,29336,07/30/2025 11:00:00 PM
07/30/2025,19,28524,07/31/2025 12:00:00 AM
07/30/2025,20,27444,07/31/2025 1:00:00 AM
07/30/2025,21,26827,07/31/2025 2:00:00 AM
07/30/2025,22,25635,07/31/2025 3:00:00 AM
07/30/2025,23,24649,07/31/2025 4:00:00 AM
07/30/2025,24,23077,07/31/2025 5:00:00 AM
07/31/2025,1,21927,07/31/2025 6:00:00 AM
07/31/2025,2,21098,07/31/2025 7:00:00 AM
07/31/2025,3,20679,07/31/2025 8:00:00 AM
07/31/2025,4,20271,07/31/2025 9:00:00 AM
07/31/2025,5,20025,07/31/2025 10:00:00 AM
07/31/2025,6,20276,07/31/2025 11:00:00 AM
07/31/2025,7,20598,07/31/2025 12:00:00 PM
07/31/2025,8,20986,07/31/2025 1:00:00 PM
07/31/2025,9,21927,07/31/2025 2:00:00 PM
07/31/2025,10,23281,07/31/2025 3:00:00 PM
07/31/2025,11,24782,07/31/2025 4:00:00 PM
07/31/2025,12,26156,07/31/2025 5:00:00 PM
07/31/2025,13,27345,07/31/2025 6:00:00 PM
07/31/2025,14,28389,07/31/2025 7:00:00 PM
07/31/2025,15,28885,07/31/2025 8:00:00 PM
07/31/2025,16,29386,07/31/2025 9:00:00 PM
07/31/2025,17,29331,07/31/2025 10:00:00 PM
07/31/2025,18,29207,07/31/2025 11:00:00 PM
07/31/2025,19,28459,08/01/2025 12:00:00 AM
07/31/2025,20,27470,08/01/2025 1:00:00 AM
07/31/2025,21,26833,08/01/2025 2:00:00 AM
07/31/2025,22,25720,08/01/2025 3:00:00 AM
07/31/2025,23,24571,08/01/2025 4:00:00 AM
07/31/2025,24,23188,08/01/2025 5:00:00 AM
08/01/2025,1,21980,08/01/2025 6:00:00 AM
08/01/2025,2,21117,08/01/2025 7:00:00 AM
08/01/2025,3,20514,08/01/2025 8:00:00 AM
08/01/2025,4,20039,08/01/2025 9:00:00 AM
08/01/2025,5,19904,08/01/2025 10:00:00 AM
08/01/2025,6,20246,08/01/2025 11:00:00 AM
08/01/2025,7,20357,08/01/2025 12:00:00 PM
08/01/2025,8,20624,08/01/2025 1:00:00 PM
08/01/2025,9,21529,08/01/2025 2:00:00 PM
08/01/2025,10,22584,08/01/2025 3:00:00 PM
08/01/2025,11,23953,08/01/2025 4:00:00 PM
08/01/2025,12,25329,08/01/2025 5:00:00 PM
08/01/2025,13,26449,08/01/2025 6:00:00 PM
08/01/2025,14,27462,08/01/2025 7:00:00 PM
08/01/2025,15,27983,08/01/2025 8:00:00 PM
08/01/2025,16,28299,08/01/2025 9:00:00 PM
08/01/2025,17,28218,08/01/2025 10:00:00 PM
08/01/2025,18,27972,08/01/2025 11:00:00 PM
08/01/2025,19,27227,08/02/2025 12:00:00 AM
08/01/2025,20,26351,08/02/2025 1:00:00 AM
08/01/2025,21,25614,08/02/2025 2:00:00 AM
08/01/2025,22,24692,08/02/2025 3:00:00 AM
08/01/2025,23,23588,08/02/2025 4:00:00 AM
08/01/2025,24,22335,08/02/2025 5:00:00 AM
08/02/2025,1,21445,08/02/2025 6:00:00 AM
08/02/2025,2,20727,08/02/2025 7:00:00 AM
08/02/2025,3,20022,08/02/2025 8:00:00 AM
08/02/2025,4,19455,08/02/2025 9:00:00 AM
08/02/2025,5,19296,08/02/2025 10:00:00 AM
08/02/2025,6,19169,08/02/2025 11:00:00 AM
08/02/2025,7,19074,08/02/2025 12:00:00 PM
08/02/2025,8,19097,08/02/2025 1:00:00 PM
08/02/2025,9,19964,08/02/2025 2:00:00 PM
08/02/2025,10,21031,08/02/2025 3:00:00 PM
08/02/2025,11,22492,08/02/2025 4:00:00 PM
08/02/2025,12,23506,08/02/2025 5:00:00 PM
08/02/2025,13,24437,08/02/2025 6:00:00 PM
08/02/2025,14,25137,08/02/2025 7:00:00 PM
08/02/2025,15,25770,08/02/2025 8:00:00 PM
08/02/2025,16,26184,08/02/2025 9:00:00 PM
08/02/2025,17,26420,08/02/2025 10:00:00 PM
08/02/2025,18,26474,08/02/2025 11:00:00 PM
08/02/2025,19,26051,08/03/2025 12:00:00 AM
08/02/2025,20,24835,08/03/2025 1:00:00 AM
08/02/2025,21,24288,08/03/2025 2:00:00 AM
08/02/2025,22,23387,08/03/2025 3:00:00 AM
08/02/2025,23,22149,08/03/2025 4:00:00 AM
08/02/2025,24,21144,08/03/2025 5:00:00 AM
08/03/2025,1,20320,08/03/2025 6:00:00 AM
08/03/2025,2,19418,08/03/2025 7:00:00 AM
08/03/2025,3,18888,08/03/2025 8:00:00 AM
08/03/2025,4,18450,08/03/2025 9:00:00 AM
08/03/2025,5,18214,08/03/2025 10:00:00 AM
08/03/2025,6,18147,08/03/2025 11:00:00 AM
08/03/2025,7,18137,08/03/2025 12:00:00 PM
08/03/2025,8,18228,08/03/2025 1:00:00 PM
08/03/2025,9,19145,08/03/2025 2:00:00 PM
08/03/2025,10,20449,08/03/2025 3:00:00 PM
08/03/2025,11,21696,08/03/2025 4:00:00 PM
08/03/2025,12,23159,08/03/2025 5:00:00 PM
08/03/2025,13,24477,08/03/2025 6:00:00 PM
08/03/2025,14,25654,08/03/2025 7:00:00 PM
08/03/2025,15,26320,08/03/2025 8:00:00 PM
08/03/2025,16,27047,08/03/2025 9:00:00 PM
08/03/2025,17,27259,08/03/2025 10:00:00 PM
08/03/2025,18,27458,08/03/2025 11:00:00 PM
08/03/2025,19,26781,08/04/2025 12:00:00 AM
08/03/2025,20,25970,08/04/2025 1:00:00 AM
08/03/2025,21,25149,08/04/2025 2:00:00 AM
08/03/2025,22,24194,08/04/2025 3:00:00 AM
08/03/2025,23,22859,08/04/2025 4:00:00 AM
08/03/2025,24,21339,08/04/2025 5:00:00 AM
08/04/2025,1,20289,08/04/2025 6:00:00 AM
08/04/2025,2,19578,08/04/2025 7:00:00 AM
08/04/2025,3,18813,08/04/2025 8:00:00 AM
08/04/2025,4,18411,08/04/2025 9:00:00 AM
08/04/2025,5,18374,08/04/2025 10:00:00 AM
08/04/2025,6,18548,08/04/2025 11:00:00 AM
08/04/2025,7,18987,08/04/2025 12:00:00 PM
08/04/2025,8,19316,08/04/2025 1:00:00 PM
08/04/2025,9,20104,08/04/2025 2:00:00 PM
08/04/2025,10,21253,08/04/2025 3:00:00 PM
08/04/2025,11,22622,08/04/2025 4:00:00 PM
08/04/2025,12,23961,08/04/2025 5:00:00 PM
08/04/2025,13,25202,08/04/2025 6:00:00 PM
08/04/2025,14,26351,08/04/2025 7:00:00 PM
08/04/2025,15,27095,08/04/2025 8:00:00 PM
08/04/2025,16,27635,08/04/2025 9:00:00 PM
08/04/2025,17,27905,08/04/2025 10:00:00 PM
08/04/2025,18,27764,08/04/2025 11:00:00 PM
08/04/2025,19,27175,08/05/2025 12:00:00 AM
08/04/2025,20,26323,08/05/2025 1:00:00 AM
08/04/2025,21,25405,08/05/2025 2:00:00 AM
08/04/2025,22,24511,08/05/2025 3:00:00 AM
08/04/2025,23,22956,08/05/2025 4:00:00 AM
08/04/2025,24,21686,08/05/2025 5:00:00 AM
08/05/2025,1,20509,08/05/2025 6:00:00 AM
08/05/2025,2,19606,08/05/2025 7:00:00 AM
08/05/2025,3,19109,08/05/2025 8:00:00 AM
08/05/2025,4,18737,08/05/2025 9:00:00 AM
08/05/2025,5,18548,08/05/2025 10:00:00 AM
08/05/2025,6,18801,08/05/2025 11:00:00 AM
08/05/2025,7,19131,08/05/2025 12:00:00 PM
08/05/2025,8,19475,08/05/2025 1:00:00 PM
08/05/2025,9,20258,08/05/2025 2:00:00 PM
08/05/2025,10,21661,08/05/2025 3:00:00 PM
08/05/2025,11,23424,08/05/2025 4:00:00 PM
08/05/2025,12,25051,08/05/2025 5:00:00 PM
08/05/2025,13,26362,08/05/2025 6:00:00 PM
08/05/2025,14,27477,08/05/2025 7:00:00 PM
08/05/2025,15,28223,08/05/2025 8:00:00 PM
08/05/2025,16,28716,08/05/2025 9:00:00 PM
08/05/2025,17,28918,08/05/2025 10:00:00 PM
08/05/2025,18,28614,08/05/2025 11:00:00 PM
08/05/2025,19,27863,08/06/2025 12:00:00 AM
08/05/2025,20,26928,08/06/2025 1:00:00 AM
08/05/2025,21,26078,08/06/2025 2:00:00 AM
08/05/2025,22,25068,08/06/2025 3:00:00 AM
08/05/2025,23,23647,08/06/2025 4:00:00 AM
08/05/2025,24,22270,08/06/2025 5:00:00 AM
08/06/2025,1,20954,08/06/2025 6:00:00 AM
08/06/2025,2,20020,08/06/2025 7:00:00 AM
08/06/2025,3,19435,08/06/2025 8:00:00 AM
08/06/2025,4,18993,08/06/2025 9:00:00 AM
08/06/2025,5,18888,08/06/2025 10:00:00 AM
08/06/2025,6,19182,08/06/2025 11:00:00 AM
08/06/2025,7,19502,08/06/2025 12:00:00 PM
08/06/2025,8,19843,08/06/2025 1:00:00 PM
08/06/2025,9,20773,08/06/2025 2:00:00 PM
08/06/2025,10,22300,08/06/2025 3:00:00 PM
08/06/2025,11,24183,08/06/2025 4:00:00 PM
08/06/2025,12,25936,08/06/2025 5:00:00 PM
08/06/2025,13,27271,08/06/2025 6:00:00 PM
08/06/2025,14,28082,08/06/2025 7:00:00 PM
08/06/2025,15,28538,08/06/2025 8:00:00 PM
08/06/2025,16,28792,08/06/2025 9:00:00 PM
08/06/2025,17,28899,08/06/2025 10:00:00 PM
08/06/2025,18,28963,08/06/2025 11:00:00 PM
08/06/2025,19,28550,08/07/2025 12:00:00 AM
08/06/2025,20,27458,08/07/2025 1:00:00 AM
08/06/2025,21,26673,08/07/2025 2:00:00 AM
08/06/2025,22,25562,08/07/2025 3:00:00 AM
08/06/2025,23,24172,08/07/2025 4:00:00 AM
08/06/2025,24,22554,08/07/2025 5:00:00 AM
08/07/2025,1,21381,08/07/2025 6:00:00 AM
08/07/2025,2,20594,08/07/2025 7:00:00 AM
08/07/2025,3,19954,08/07/2025 8:00:00 AM
08/07/2025,4,19253,08/07/2025 9:00:00 AM
08/07/2025,5,19093,08/07/2025 10:00:00 AM
08/07/2025,6,19305,08/07/2025 11:00:00 AM
08/07/2025,7,19780,08/07/2025 12:00:00 PM
08/07/2025,8,20116,08/07/2025 1:00:00 PM
08/07/2025,9,21121,08/07/2025 2:00:00 PM
08/07/2025,10,22682,08/07/2025 3:00:00 PM
08/07/2025,11,24321,08/07/2025 4:00:00 PM
08/07/2025,12,25895,08/07/2025 5:00:00 PM
08/07/2025,13,27501,08/07/2025 6:00:00 PM
08/07/2025,14,28707,08/07/2025 7:00:00 PM
08/07/2025,15,29474,08/07/2025 8:00:00 PM
08/07/2025,16,29849,08/07/2025 9:00:00 PM
08/07/2025,17,29983,08/07/2025 10:00:00 PM
08/07/2025,18,29698,08/07/2025 11:00:00 PM
08/07/2025,19,28908,08/08/2025 12:00:00 AM
08/07/2025,20,27899,08/08/2025 1:00:00 AM
08/07/2025,21,27072,08/08/2025 2:00:00 AM
08/07/2025,22,25975,08/08/2025 3:00:00 AM
08/07/2025,23,24352,08/08/2025 4:00:00 AM
08/07/2025,24,22930,08/08/2025 5:00:00 AM
08/08/2025,1,21772,08/08/2025 6:00:00 AM
08/08/2025,2,20912,08/08/2025 7:00:00 AM
08/08/2025,3,20058,08/08/2025 8:00:00 AM
08/08/2025,4,19563,08/08/2025 9:00:00 AM
08/08/2025,5,19376,08/08/2025 10:00:00 AM
08/08/2025,6,19671,08/08/2025 11:00:00 AM
08/08/2025,7,20058,08/08/2025 12:00:00 PM
08/08/2025,8,20446,08/08/2025 1:00:00 PM
08/08/2025,9,21575,08/08/2025 2:00:00 PM
08/08/2025,10,23062,08/08/2025 3:00:00 PM
08/08/2025,11,24775,08/08/2025 4:00:00 PM
08/08/2025,12,26456,08/08/2025 5:00:00 PM
08/08/2025,13,27843,08/08/2025 6:00:00 PM
08/08/2025,14,28916,08/08/2025 7:00:00 PM
08/08/2025,15,29283,08/08/2025 8:00:00 PM
08/08/2025,16,29566,08/08/2025 9:00:00 PM
08/08/2025,17,29425,08/08/2025 10:00:00 PM
08/08/2025,18,29154,08/08/2025 11:00:00 PM
08/08/2025,19,28634,08/09/2025 12:00:00 AM
08/08/2025,20,27594,08/09/2025 1:00:00 AM
08/08/2025,21,26761,08/09/2025 2:00:00 AM
08/08/2025,22,25598,08/09/2025 3:00:00 AM
08/08/2025,23,24442,08/09/2025 4:00:00 AM
08/08/2025,24,23126,08/09/2025 5:00:00 AM
08/09/2025,1,22007,08/09/2025 6:00:00 AM
08/09/2025,2,21171,08/09/2025 7:00:00 AM
08/09/2025,3,20424,08/09/2025 8:00:00 AM
08/09/2025,4,19955,08/09/2025 9:00:00 AM
08/09/2025,5,19620,08/09/2025 10:00:00 AM
08/09/2025,6,19422,08/09/2025 11:00:00 AM
08/09/2025,7,19464,08/09/2025 12:00:00 PM
08/09/2025,8,19624,08/09/2025 1:00:00 PM
08/09/2025,9,20801,08/09/2025 2:00:00 PM
08/09/2025,10,22324,08/09/2025 3:00:00 PM
08/09/2025,11,24147,08/09/2025 4:00:00 PM
08/09/2025,12,25694,08/09/2025 5:00:00 PM
08/09/2025,13,26925,08/09/2025 6:00:00 PM
08/09/2025,14,27835,08/09/2025 7:00:00 PM
08/09/2025,15,28383,08/09/2025 8:00:00 PM
08/09/2025,16,28656,08/09/2025 9:00:00 PM
08/09/2025,17,28696,08/09/2025 10:00:00 PM
08/09/2025,18,28585,08/09/2025 11:00:00 PM
08/09/2025,19,27921,08/10/2025 12:00:00 AM
08/09/2025,20,26995,08/10/2025 1:00:00 AM
08/09/2025,21,26217,08/10/2025 2:00:00 AM
08/09/2025,22,25098,08/10/2025 3:00:00 AM
08/09/2025,23,23813,08/10/2025 4:00:00 AM
08/09/2025,24,22562,08/10/2025 5:00:00 AM
08/10/2025,1,21377,08/10/2025 6:00:00 AM
08/10/2025,2,20527,08/10/2025 7:00:00 AM
08/10/2025,3,19861,08/10/2025 8:00:00 AM
08/10/2025,4,19383,08/10/2025 9:00:00 AM
08/10/2025,5,18928,08/10/2025 10:00:00 AM
08/10/2025,6,18735,08/10/2025 11:00:00 AM
08/10/2025,7,18818,08/10/2025 12:00:00 PM
08/10/2025,8,19015,08/10/2025 1:00:00 PM
08/10/2025,9,20109,08/10/2025 2:00:00 PM
08/10/2025,10,21650,08/10/2025 3:00:00 PM
08/10/2025,11,23137,08/10/2025 4:00:00 PM
08/10/2025,12,24546,08/10/2025 5:00:00 PM
08/10/2025,13,25742,08/10/2025 6:00:00 PM
08/10/2025,14,26702,08/10/2025 7:00:00 PM
08/10/2025,15,27457,08/10/2025 8:00:00 PM
08/10/2025,16,28135,08/10/2025 9:00:00 PM
08/10/2025,17,28562,08/10/2025 10:00:00 PM
08/10/2025,18,28849,08/10/2025 11:00:00 PM
08/10/2025,19,28519,08/11/2025 12:00:00 AM
08/10/2025,20,27563,08/11/2025 1:00:00 AM
08/10/2025,21,26798,08/11/2025 2:00:00 AM
08/10/2025,22,25675,08/11/2025 3:00:00 AM
08/10/2025,23,24129,08/11/2025 4:00:00 AM
08/10/2025,24,22879,08/11/2025 5:00:00 AM
08/11/2025,1,21770,08/11/2025 6:00:00 AM
08/11/2025,2,20905,08/11/2025 7:00:00 AM
08/11/2025,3,20182,08/11/2025 8:00:00 AM
08/11/2025,4,19573,08/11/2025 9:00:00 AM
08/11/2025,5,19386,08/11/2025 10:00:00 AM
08/11/2025,6,19729,08/11/2025 11:00:00 AM
08/11/2025,7,20221,08/11/2025 12:00:00 PM
08/11/2025,8,20595,08/11/2025 1:00:00 PM
08/11/2025,9,21554,08/11/2025 2:00:00 PM
08/11/2025,10,22890,08/11/2025 3:00:00 PM
08/11/2025,11,24526,08/11/2025 4:00:00 PM
08/11/2025,12,26196,08/11/2025 5:00:00 PM
08/11/2025,13,27670,08/11/2025 6:00:00 PM
08/11/2025,14,28611,08/11/2025 7:00:00 PM
08/11/2025,15,29192,08/11/2025 8:00:00 PM
08/11/2025,16,29770,08/11/2025 9:00:00 PM
08/11/2025,17,30024,08/11/2025 10:00:00 PM
08/11/2025,18,29849,08/11/2025 11:00:00 PM
08/11/2025,19,29469,08/12/2025 12:00:00 AM
08/11/2025,20,28571,08/12/2025 1:00:00 AM
08/11/2025,21,27728,08/12/2025 2:00:00 AM
08/11/2025,22,26624,08/12/2025 3:00:00 AM
08/11/2025,23,25124,08/12/2025 4:00:00 AM
08/11/2025,24,23473,08/12/2025 5:00:00 AM
08/12/2025,1,22407,08/12/2025 6:00:00 AM
08/12/2025,2,21629,08/12/2025 7:00:00 AM
08/12/2025,3,20935,08/12/2025 8:00:00 AM
08/12/2025,4,20557,08/12/2025 9:00:00 AM
08/12/2025,5,20393,08/12/2025 10:00:00 AM
08/12/2025,6,20438,08/12/2025 11:00:00 AM
08/12/2025,7,20777,08/12/2025 12:00:00 PM
08/12/2025,8,21032,08/12/2025 1:00:00 PM
08/12/2025,9,22034,08/12/2025 2:00:00 PM
08/12/2025,10,23485,08/12/2025 3:00:00 PM
08/12/2025,11,25021,08/12/2025 4:00:00 PM
08/12/2025,12,26377,08/12/2025 5:00:00 PM
08/12/2025,13,27733,08/12/2025 6:00:00 PM
08/12/2025,14,28459,08/12/2025 7:00:00 PM
08/12/2025,15,28919,08/12/2025 8:00:00 PM
08/12/2025,16,29205,08/12/2025 9:00:00 PM
08/12/2025,17,29383,08/12/2025 10:00:00 PM
08/12/2025,18,29179,08/12/2025 11:00:00 PM
08/12/2025,19,28775,08/13/2025 12:00:00 AM
08/12/2025,20,28142,08/13/2025 1:00:00 AM
08/12/2025,21,27470,08/13/2025 2:00:00 AM
08/12/2025,22,26371,08/13/2025 3:00:00 AM
08/12/2025,23,24881,08/13/2025 4:00:00 AM
08/12/2025,24,23512,08/13/2025 5:00:00 AM
08/13/2025,1,22202,08/13/2025 6:00:00 AM
08/13/2025,2,21484,08/13/2025 7:00:00 AM
08/13/2025,3,20853,08/13/2025 8:00:00 AM
08/13/2025,4,20290,08/13/2025 9:00:00 AM
08/13/2025,5,20144,08/13/2025 10:00:00 AM
08/13/2025,6,20338,08/13/2025 11:00:00 AM
08/13/2025,7,20931,08/13/2025 12:00:00 PM
08/13/2025,8,21027,08/13/2025 1:00:00 PM
08/13/2025,9,22080,08/13/2025 2:00:00 PM
08/13/2025,10,23716,08/13/2025 3:00:00 PM
08/13/2025,11,25532,08/13/2025 4:00:00 PM
08/13/2025,12,27277,08/13/2025 5:00:00 PM
08/13/2025,13,28713,08/13/2025 6:00:00 PM
08/13/2025,14,29599,08/13/2025 7:00:00 PM
08/13/2025,15,29966,08/13/2025 8:00:00 PM
08/13/2025,16,30000,08/13/2025 9:00:00 PM
08/13/2025,17,29900,08/13/2025 10:00:00 PM
08/13/2025,18,29794,08/13/2025 11:00:00 PM
08/13/2025,19,29138,08/14/2025 12:00:00 AM
08/13/2025,20,28288,08/14/2025 1:00:00 AM
08/13/2025,21,27697,08/14/2025 2:00:00 AM
08/13/2025,22,26398,08/14/2025 3:00:00 AM
08/13/2025,23,24984,08/14/2025 4:00:00 AM
08/13/2025,24,23632,08/14/2025 5:00:00 AM
08/14/2025,1,22486,08/14/2025 6:00:00 AM
08/14/2025,2,21540,08/14/2025 7:00:00 AM
08/14/2025,3,20880,08/14/2025 8:00:00 AM
08/14/2025,4,20374,08/14/2025 9:00:00 AM
08/14/2025,5,20404,08/14/2025 10:00:00 AM
08/14/2025,6,20792,08/14/2025 11:00:00 AM
08/14/2025,7,21226,08/14/2025 12:00:00 PM
08/14/2025,8,21493,08/14/2025 1:00:00 PM
08/14/2025,9,22535,08/14/2025 2:00:00 PM
08/14/2025,10,24050,08/14/2025 3:00:00 PM
08/14/2025,11,25676,08/14/2025 4:00:00 PM
08/14/2025,12,27178,08/14/2025 5:00:00 PM
08/14/2025,13,28670,08/14/2025 6:00:00 PM
08/14/2025,14,29798,08/14/2025 7:00:00 PM
08/14/2025,15,30218,08/14/2025 8:00:00 PM
08/14/2025,16,30357,08/14/2025 9:00:00 PM
08/14/2025,17,30287,08/14/2025 10:00:00 PM
08/14/2025,18,30061,08/14/2025 11:00:00 PM
08/14/2025,19,29369,08/15/2025 12:00:00 AM
08/14/2025,20,28473,08/15/2025 1:00:00 AM
08/14/2025,21,27756,08/15/2025 2:00:00 AM
08/14/2025,22,26659,08/15/2025 3:00:00 AM
08/14/2025,23,25128,08/15/2025 4:00:00 AM
08/14/2025,24,23848,08/15/2025 5:00:00 AM
08/15/2025,1,22572,08/15/2025 6:00:00 AM
08/15/2025,2,21596,08/15/2025 7:00:00 AM
08/15/2025,3,20877,08/15/2025 8:00:00 AM
08/15/2025,4,20492,08/15/2025 9:00:00 AM
08/15/2025,5,20214,08/15/2025 10:00:00 AM
08/15/2025,6,20377,08/15/2025 11:00:00 AM
08/15/2025,7,21044,08/15/2025 12:00:00 PM
08/15/2025,8,21085,08/15/2025 1:00:00 PM
08/15/2025,9,22298,08/15/2025 2:00:00 PM
08/15/2025,10,23895,08/15/2025 3:00:00 PM
08/15/2025,11,25688,08/15/2025 4:00:00 PM
08/15/2025,12,27322,08/15/2025 5:00:00 PM
08/15/2025,13,28206,08/15/2025 6:00:00 PM
08/15/2025,14,28569,08/15/2025 7:00:00 PM
08/15/2025,15,28332,08/15/2025 8:00:00 PM
08/15/2025,16,28055,08/15/2025 9:00:00 PM
08/15/2025,17,27814,08/15/2025 10:00:00 PM
08/15/2025,18,27740,08/15/2025 11:00:00 PM
08/15/2025,19,27229,08/16/2025 12:00:00 AM
08/15/2025,20,26418,08/16/2025 1:00:00 AM
08/15/2025,21,25767,08/16/2025 2:00:00 AM
08/15/2025,22,24897,08/16/2025 3:00:00 AM
08/15/2025,23,23769,08/16/2025 4:00:00 AM
08/15/2025,24,22578,08/16/2025 5:00:00 AM
08/16/2025,1,21352,08/16/2025 6:00:00 AM
08/16/2025,2,20593,08/16/2025 7:00:00 AM
08/16/2025,3,20110,08/16/2025 8:00:00 AM
08/16/2025,4,19726,08/16/2025 9:00:00 AM
08/16/2025,5,19545,08/16/2025 10:00:00 AM
08/16/2025,6,19405,08/16/2025 11:00:00 AM
08/16/2025,7,19369,08/16/2025 12:00:00 PM
08/16/2025,8,19555,08/16/2025 1:00:00 PM
08/16/2025,9,20753,08/16/2025 2:00:00 PM
08/16/2025,10,22663,08/16/2025 3:00:00 PM
08/16/2025,11,24751,08/16/2025 4:00:00 PM
08/16/2025,12,26710,08/16/2025 5:00:00 PM
08/16/2025,13,28135,08/16/2025 6:00:00 PM
08/16/2025,14,28896,08/16/2025 7:00:00 PM
08/16/2025,15,29332,08/16/2025 8:00:00 PM
08/16/2025,16,29652,08/16/2025 9:00:00 PM
08/16/2025,17,29620,08/16/2025 10:00:00 PM
08/16/2025,18,29459,08/16/2025 11:00:00 PM
08/16/2025,19,28951,08/17/2025 12:00:00 AM
08/16/2025,20,28191,08/17/2025 1:00:00 AM
08/16/2025,21,27342,08/17/2025 2:00:00 AM
08/16/2025,22,26262,08/17/2025 3:00:00 AM
08/16/2025,23,24918,08/17/2025 4:00:00 AM
08/16/2025,24,23614,08/17/2025 5:00:00 AM
08/17/2025,1,22535,08/17/2025 6:00:00 AM
08/17/2025,2,21648,08/17/2025 7:00:00 AM
08/17/2025,3,21018,08/17/2025 8:00:00 AM
08/17/2025,4,20425,08/17/2025 9:00:00 AM
08/17/2025,5,20150,08/17/2025 10:00:00 AM
08/17/2025,6,19965,08/17/2025 11:00:00 AM
08/17/2025,7,19839,08/17/2025 12:00:00 PM
08/17/2025,8,20237,08/17/2025 1:00:00 PM
08/17/2025,9,21566,08/17/2025 2:00:00 PM
08/17/2025,10,23509,08/17/2025 3:00:00 PM
08/17/2025,11,25382,08/17/2025 4:00:00 PM
08/17/2025,12,27288,08/17/2025 5:00:00 PM
08/17/2025,13,28904,08/17/2025 6:00:00 PM
08/17/2025,14,29976,08/17/2025 7:00:00 PM
08/17/2025,15,30477,08/17/2025 8:00:00 PM
08/17/2025,16,30785,08/17/2025 9:00:00 PM
08/17/2025,17,30656,08/17/2025 10:00:00 PM
08/17/2025,18,30325,08/17/2025 11:00:00 PM
08/17/2025,19,29548,08/18/2025 12:00:00 AM
08/17/2025,20,28520,08/18/2025 1:00:00 AM
08/17/2025,21,27650,08/18/2025 2:00:00 AM
08/17/2025,22,26332,08/18/2025 3:00:00 AM
08/17/2025,23,24860,08/18/2025 4:00:00 AM
08/17/2025,24,23556,08/18/2025 5:00:00 AM
08/18/2025,1,22420,08/18/2025 6:00:00 AM
08/18/2025,2,21635,08/18/2025 7:00:00 AM
08/18/2025,3,21014,08/18/2025 8:00:00 AM
08/18/2025,4,20555,08/18/2025 9:00:00 AM
08/18/2025,5,20428,08/18/2025 10:00:00 AM
08/18/2025,6,20579,08/18/2025 11:00:00 AM
08/18/2025,7,21204,08/18/2025 12:00:00 PM
08/18/2025,8,21382,08/18/2025 1:00:00 PM
08/18/2025,9,22402,08/18/2025 2:00:00 PM
08/18/2025,10,24271,08/18/2025 3:00:00 PM
08/18/2025,11,26364,08/18/2025 4:00:00 PM
08/18/2025,12,28446,08/18/2025 5:00:00 PM
08/18/2025,13,29958,08/18/2025 6:00:00 PM
08/18/2025,14,31080,08/18/2025 7:00:00 PM
08/18/2025,15,31500,08/18/2025 8:00:00 PM
08/18/2025,16,31187,08/18/2025 9:00:00 PM
08/18/2025,17,30415,08/18/2025 10:00:00 PM
08/18/2025,18,29593,08/18/2025 11:00:00 PM
08/18/2025,19,28623,08/19/2025 12:00:00 AM
08/18/2025,20,27837,08/19/2025 1:00:00 AM
08/18/2025,21,27171,08/19/2025 2:00:00 AM
08/18/2025,22,25993,08/19/2025 3:00:00 AM
08/18/2025,23,24611,08/19/2025 4:00:00 AM
08/18/2025,24,23066,08/19/2025 5:00:00 AM
08/19/2025,1,21715,08/19/2025 6:00:00 AM
08/19/2025,2,20901,08/19/2025 7:00:00 AM
08/19/2025,3,20349,08/19/2025 8:00:00 AM
08/19/2025,4,20056,08/19/2025 9:00:00 AM
08/19/2025,5,20012,08/19/2025 10:00:00 AM
08/19/2025,6,20243,08/19/2025 11:00:00 AM
08/19/2025,7,20694,08/19/2025 12:00:00 PM
08/19/2025,8,20986,08/19/2025 1:00:00 PM
08/19/2025,9,21804,08/19/2025 2:00:00 PM
08/19/2025,10,23115,08/19/2025 3:00:00 PM
08/19/2025,11,25073,08/19/2025 4:00:00 PM
08/19/2025,12,27089,08/19/2025 5:00:00 PM
08/19/2025,13,28863,08/19/2025 6:00:00 PM
08/19/2025,14,30185,08/19/2025 7:00:00 PM
08/19/2025,15,30712,08/19/2025 8:00:00 PM
08/19/2025,16,30718,08/19/2025 9:00:00 PM
08/19/2025,17,30257,08/19/2025 10:00:00 PM
08/19/2025,18,29402,08/19/2025 11:00:00 PM
08/19/2025,19,28534,08/20/2025 12:00:00 AM
08/19/2025,20,27724,08/20/2025 1:00:00 AM
08/19/2025,21,27161,08/20/2025 2:00:00 AM
08/19/2025,22,25894,08/20/2025 3:00:00 AM
08/19/2025,23,24599,08/20/2025 4:00:00 AM
08/19/2025,24,23093,08/20/2025 5:00:00 AM
08/20/2025,1,21754,08/20/2025 6:00:00 AM
08/20/2025,2,20913,08/20/2025 7:00:00 AM
08/20/2025,3,20404,08/20/2025 8:00:00 AM
08/20/2025,4,19951,08/20/2025 9:00:00 AM
08/20/2025,5,19766,08/20/2025 10:00:00 AM
08/20/2025,6,19994,08/20/2025 11:00:00 AM
08/20/2025,7,20513,08/20/2025 12:00:00 PM
08/20/2025,8,20746,08/20/2025 1:00:00 PM
08/20/2025,9,21527,08/20/2025 2:00:00 PM
08/20/2025,10,22859,08/20/2025 3:00:00 PM
08/20/2025,11,24568,08/20/2025 4:00:00 PM
08/20/2025,12,26423,08/20/2025 5:00:00 PM
08/20/2025,13,27910,08/20/2025 6:00:00 PM
08/20/2025,14,29264,08/20/2025 7:00:00 PM
08/20/2025,15,29999,08/20/2025 8:00:00 PM
08/20/2025,16,30237,08/20/2025 9:00:00 PM
08/20/2025,17,29982,08/20/2025 10:00:00 PM
08/20/2025,18,29454,08/20/2025 11:00:00 PM
08/20/2025,19,28355,08/21/2025 12:00:00 AM
08/20/2025,20,27145,08/21/2025 1:00:00 AM
08/20/2025,21,26658,08/21/2025 2:00:00 AM
08/20/2025,22,25443,08/21/2025 3:00:00 AM
08/20/2025,23,24122,08/21/2025 4:00:00 AM
08/20/2025,24,22681,08/21/2025 5:00:00 AM
08/21/2025,1,21649,08/21/2025 6:00:00 AM
08/21/2025,2,20763,08/21/2025 7:00:00 AM
08/21/2025,3,20152,08/21/2025 8:00:00 AM
08/21/2025,4,19812,08/21/2025 9:00:00 AM
08/21/2025,5,19563,08/21/2025 10:00:00 AM
08/21/2025,6,19748,08/21/2025 11:00:00 AM
08/21/2025,7,20354,08/21/2025 12:00:00 PM
08/21/2025,8,20565,08/21/2025 1:00:00 PM
08/21/2025,9,21319,08/21/2025 2:00:00 PM
08/21/2025,10,22276,08/21/2025 3:00:00 PM
08/21/2025,11,23758,08/21/2025 4:00:00 PM
08/21/2025,12,25091,08/21/2025 5:00:00 PM
08/21/2025,13,26549,08/21/2025 6:00:00 PM
08/21/2025,14,27688,08/21/2025 7:00:00 PM
08/21/2025,15,28374,08/21/2025 8:00:00 PM
08/21/2025,16,28382,08/21/2025 9:00:00 PM
08/21/2025,17,28378,08/21/2025 10:00:00 PM
08/21/2025,18,28054,08/21/2025 11:00:00 PM
08/21/2025,19,27362,08/22/2025 12:00:00 AM
08/21/2025,20,26577,08/22/2025 1:00:00 AM
08/21/2025,21,25888,08/22/2025 2:00:00 AM
08/21/2025,22,24764,08/22/2025 3:00:00 AM
08/21/2025,23,23516,08/22/2025 4:00:00 AM
08/21/2025,24,22019,08/22/2025 5:00:00 AM
08/22/2025,1,21084,08/22/2025 6:00:00 AM
08/22/2025,2,20347,08/22/2025 7:00:00 AM
08/22/2025,3,19660,08/22/2025 8:00:00 AM
08/22/2025,4,19253,08/22/2025 9:00:00 AM
08/22/2025,5,19322,08/22/2025 10:00:00 AM
08/22/2025,6,19661,08/22/2025 11:00:00 AM
08/22/2025,7,20110,08/22/2025 12:00:00 PM
08/22/2025,8,20321,08/22/2025 1:00:00 PM
08/22/2025,9,21056,08/22/2025 2:00:00 PM
08/22/2025,10,22305,08/22/2025 3:00:00 PM
08/22/2025,11,23689,08/22/2025 4:00:00 PM
08/22/2025,12,25103,08/22/2025 5:00:00 PM
08/22/2025,13,25852,08/22/2025 6:00:00 PM
08/22/2025,14,26008,08/22/2025 7:00:00 PM
08/22/2025,15,26031,08/22/2025 8:00:00 PM
08/22/2025,16,26122,08/22/2025 9:00:00 PM
08/22/2025,17,26352,08/22/2025 10:00:00 PM
08/22/2025,18,26166,08/22/2025 11:00:00 PM
08/22/2025,19,25629,08/23/2025 12:00:00 AM
08/22/2025,20,24834,08/23/2025 1:00:00 AM
08/22/2025,21,24218,08/23/2025 2:00:00 AM
08/22/2025,22,23339,08/23/2025 3:00:00 AM
08/22/2025,23,22248,08/23/2025 4:00:00 AM
08/22/2025,24,21119,08/23/2025 5:00:00 AM
08/23/2025,1,20224,08/23/2025 6:00:00 AM
08/23/2025,2,19491,08/23/2025 7:00:00 AM
08/23/2025,3,18910,08/23/2025 8:00:00 AM
08/23/2025,4,18580,08/23/2025 9:00:00 AM
08/23/2025,5,18469,08/23/2025 10:00:00 AM
08/23/2025,6,18365,08/23/2025 11:00:00 AM
08/23/2025,7,18445,08/23/2025 12:00:00 PM
08/23/2025,8,18567,08/23/2025 1:00:00 PM
08/23/2025,9,19483,08/23/2025 2:00:00 PM
08/23/2025,10,21039,08/23/2025 3:00:00 PM
08/23/2025,11,22731,08/23/2025 4:00:00 PM
08/23/2025,12,24329,08/23/2025 5:00:00 PM
08/23/2025,13,25782,08/23/2025 6:00:00 PM
08/23/2025,14,27070,08/23/2025 7:00:00 PM
08/23/2025,15,27755,08/23/2025 8:00:00 PM
08/23/2025,16,28365,08/23/2025 9:00:00 PM
08/23/2025,17,28504,08/23/2025 10:00:00 PM
08/23/2025,18,28339,08/23/2025 11:00:00 PM
08/23/2025,19,27728,08/24/2025 12:00:00 AM
08/23/2025,20,26561,08/24/2025 1:00:00 AM
08/23/2025,21,25595,08/24/2025 2:00:00 AM
08/23/2025,22,24437,08/24/2025 3:00:00 AM
08/23/2025,23,23022,08/24/2025 4:00:00 AM
08/23/2025,24,21594,08/24/2025 5:00:00 AM
08/24/2025,1,20450,08/24/2025 6:00:00 AM
08/24/2025,2,19680,08/24/2025 7:00:00 AM
08/24/2025,3,19072,08/24/2025 8:00:00 AM
08/24/2025,4,18728,08/24/2025 9:00:00 AM
08/24/2025,5,18363,08/24/2025 10:00:00 AM
08/24/2025,6,18154,08/24/2025 11:00:00 AM
08/24/2025,7,18163,08/24/2025 12:00:00 PM
08/24/2025,8,18304,08/24/2025 1:00:00 PM
08/24/2025,9,19412,08/24/2025 2:00:00 PM
08/24/2025,10,21012,08/24/2025 3:00:00 PM
08/24/2025,11,22772,08/24/2025 4:00:00 PM
08/24/2025,12,24423,08/24/2025 5:00:00 PM
08/24/2025,13,26060,08/24/2025 6:00:00 PM
08/24/2025,14,27191,08/24/2025 7:00:00 PM
08/24/2025,15,28141,08/24/2025 8:00:00 PM
08/24/2025,16,28664,08/24/2025 9:00:00 PM
08/24/2025,17,28843,08/24/2025 10:00:00 PM
08/24/2025,18,28995,08/24/2025 11:00:00 PM
08/24/2025,19,28356,08/25/2025 12:00:00 AM
08/24/2025,20,27137,08/25/2025 1:00:00 AM
08/24/2025,21,26200,08/25/2025 2:00:00 AM
08/24/2025,22,25110,08/25/2025 3:00:00 AM
08/24/2025,23,23469,08/25/2025 4:00:00 AM
08/24/2025,24,21852,08/25/2025 5:00:00 AM
08/25/2025,1,20670,08/25/2025 6:00:00 AM
08/25/2025,2,19677,08/25/2025 7:00:00 AM
08/25/2025,3,18933,08/25/2025 8:00:00 AM
08/25/2025,4,18557,08/25/2025 9:00:00 AM
08/25/2025,5,18386,08/25/2025 10:00:00 AM
08/25/2025,6,18696,08/25/2025 11:00:00 AM
08/25/2025,7,19188,08/25/2025 12:00:00 PM
08/25/2025,8,19511,08/25/2025 1:00:00 PM
08/25/2025,9,20318,08/25/2025 2:00:00 PM
08/25/2025,10,21317,08/25/2025 3:00:00 PM
08/25/2025,11,22718,08/25/2025 4:00:00 PM
08/25/2025,12,24133,08/25/2025 5:00:00 PM
08/25/2025,13,25510,08/25/2025 6:00:00 PM
08/25/2025,14,26583,08/25/2025 7:00:00 PM
08/25/2025,15,27176,08/25/2025 8:00:00 PM
08/25/2025,16,27753,08/25/2025 9:00:00 PM
08/25/2025,17,27980,08/25/2025 10:00:00 PM
08/25/2025,18,27907,08/25/2025 11:00:00 PM
08/25/2025,19,27205,08/26/2025 12:00:00 AM
08/25/2025,20,26011,08/26/2025 1:00:00 AM
08/25/2025,21,25333,08/26/2025 2:00:00 AM
08/25/2025,22,24062,08/26/2025 3:00:00 AM
08/25/2025,23,22673,08/26/2025 4:00:00 AM
08/25/2025,24,21226,08/26/2025 5:00:00 AM
08/26/2025,1,20090,08/26/2025 6:00:00 AM
08/26/2025,2,19302,08/26/2025 7:00:00 AM
08/26/2025,3,18753,08/26/2025 8:00:00 AM
08/26/2025,4,18406,08/26/2025 9:00:00 AM
08/26/2025,5,18241,08/26/2025 10:00:00 AM
08/26/2025,6,18567,08/26/2025 11:00:00 AM
08/26/2025,7,19241,08/26/2025 12:00:00 PM
08/26/2025,8,19368,08/26/2025 1:00:00 PM
08/26/2025,9,19958,08/26/2025 2:00:00 PM
08/26/2025,10,20835,08/26/2025 3:00:00 PM
08/26/2025,11,22240,08/26/2025 4:00:00 PM
08/26/2025,12,23515,08/26/2025 5:00:00 PM
08/26/2025,13,24516,08/26/2025 6:00:00 PM
08/26/2025,14,25577,08/26/2025 7:00:00 PM
08/26/2025,15,26328,08/26/2025 8:00:00 PM
08/26/2025,16,26630,08/26/2025 9:00:00 PM
08/26/2025,17,26675,08/26/2025 10:00:00 PM
08/26/2025,18,26599,08/26/2025 11:00:00 PM
08/26/2025,19,26118,08/27/2025 12:00:00 AM
08/26/2025,20,25336,08/27/2025 1:00:00 AM
08/26/2025,21,24818,08/27/2025 2:00:00 AM
08/26/2025,22,23716,08/27/2025 3:00:00 AM
08/26/2025,23,22308,08/27/2025 4:00:00 AM
08/26/2025,24,21035,08/27/2025 5:00:00 AM
08/27/2025,1,19770,08/27/2025 6:00:00 AM
08/27/2025,2,19048,08/27/2025 7:00:00 AM
08/27/2025,3,18574,08/27/2025 8:00:00 AM
08/27/2025,4,18125,08/27/2025 9:00:00 AM
08/27/2025,5,18076,08/27/2025 10:00:00 AM
08/27/2025,6,18203,08/27/2025 11:00:00 AM
08/27/2025,7,18881,08/27/2025 12:00:00 PM
08/27/2025,8,18877,08/27/2025 1:00:00 PM
08/27/2025,9,19187,08/27/2025 2:00:00 PM
08/27/2025,10,19875,08/27/2025 3:00:00 PM
08/27/2025,11,20879,08/27/2025 4:00:00 PM
08/27/2025,12,22180,08/27/2025 5:00:00 PM
08/27/2025,13,23326,08/27/2025 6:00:00 PM
08/27/2025,14,24489,08/27/2025 7:00:00 PM
08/27/2025,15,25376,08/27/2025 8:00:00 PM
08/27/2025,16,26217,08/27/2025 9:00:00 PM
08/27/2025,17,26482,08/27/2025 10:00:00 PM
08/27/2025,18,26363,08/27/2025 11:00:00 PM
08/27/2025,19,25664,08/28/2025 12:00:00 AM
08/27/2025,20,25019,08/28/2025 1:00:00 AM
08/27/2025,21,24478,08/28/2025 2:00:00 AM
08/27/2025,22,23530,08/28/2025 3:00:00 AM
08/27/2025,23,22248,08/28/2025 4:00:00 AM
08/27/2025,24,20947,08/28/2025 5:00:00 AM
08/28/2025,1,19962,08/28/2025 6:00:00 AM
08/28/2025,2,19175,08/28/2025 7:00:00 AM
08/28/2025,3,18667,08/28/2025 8:00:00 AM
08/28/2025,4,18218,08/28/2025 9:00:00 AM
08/28/2025,5,18128,08/28/2025 10:00:00 AM
08/28/2025,6,18511,08/28/2025 11:00:00 AM
08/28/2025,7,19173,08/28/2025 12:00:00 PM
08/28/2025,8,19305,08/28/2025 1:00:00 PM
08/28/2025,9,19870,08/28/2025 2:00:00 PM
08/28/2025,10,20873,08/28/2025 3:00:00 PM
08/28/2025,11,22092,08/28/2025 4:00:00 PM
08/28/2025,12,23052,08/28/2025 5:00:00 PM
08/28/2025,13,23961,08/28/2025 6:00:00 PM
08/28/2025,14,24546,08/28/2025 7:00:00 PM
08/28/2025,15,24997,08/28/2025 8:00:00 PM
08/28/2025,16,25434,08/28/2025 9:00:00 PM
08/28/2025,17,25500,08/28/2025 10:00:00 PM
08/28/2025,18,25267,08/28/2025 11:00:00 PM
08/28/2025,19,24813,08/29/2025 12:00:00 AM
08/28/2025,20,24231,08/29/2025 1:00:00 AM
08/28/2025,21,23979,08/29/2025 2:00:00 AM
08/28/2025,22,23226,08/29/2025 3:00:00 AM
08/28/2025,23,22010,08/29/2025 4:00:00 AM
08/28/2025,24,20828,08/29/2025 5:00:00 AM
08/29/2025,1,19807,08/29/2025 6:00:00 AM
08/29/2025,2,19243,08/29/2025 7:00:00 AM
08/29/2025,3,18836,08/29/2025 8:00:00 AM
08/29/2025,4,18554,08/29/2025 9:00:00 AM
08/29/2025,5,18386,08/29/2025 10:00:00 AM
08/29/2025,6,18600,08/29/2025 11:00:00 AM
08/29/2025,7,19088,08/29/2025 12:00:00 PM
08/29/2025,8,19475,08/29/2025 1:00:00 PM
08/29/2025,9,19857,08/29/2025 2:00:00 PM
08/29/2025,10,20229,08/29/2025 3:00:00 PM
08/29/2025,11,20854,08/29/2025 4:00:00 PM
08/29/2025,12,21432,08/29/2025 5:00:00 PM
08/29/2025,13,21933,08/29/2025 6:00:00 PM
08/29/2025,14,22532,08/29/2025 7:00:00 PM
08/29/2025,15,22814,08/29/2025 8:00:00 PM
08/29/2025,16,22858,08/29/2025 9:00:00 PM
08/29/2025,17,23073,08/29/2025 10:00:00 PM
08/29/2025,18,23113,08/29/2025 11:00:00 PM
08/29/2025,19,22872,08/30/2025 12:00:00 AM
08/29/2025,20,22420,08/30/2025 1:00:00 AM
08/29/2025,21,22253,08/30/2025 2:00:00 AM
08/29/2025,22,21494,08/30/2025 3:00:00 AM
08/29/2025,23,20781,08/30/2025 4:00:00 AM
08/29/2025,24,19974,08/30/2025 5:00:00 AM
08/30/2025,1,19091,08/30/2025 6:00:00 AM
08/30/2025,2,18461,08/30/2025 7:00:00 AM
08/30/2025,3,17998,08/30/2025 8:00:00 AM
08/30/2025,4,17611,08/30/2025 9:00:00 AM
08/30/2025,5,17620,08/30/2025 10:00:00 AM
08/30/2025,6,17690,08/30/2025 11:00:00 AM
08/30/2025,7,17602,08/30/2025 12:00:00 PM
08/30/2025,8,17740,08/30/2025 1:00:00 PM
08/30/2025,9,18363,08/30/2025 2:00:00 PM
08/30/2025,10,19533,08/30/2025 3:00:00 PM
08/30/2025,11,20604,08/30/2025 4:00:00 PM
08/30/2025,12,21909,08/30/2025 5:00:00 PM
08/30/2025,13,22982,08/30/2025 6:00:00 PM
08/30/2025,14,23980,08/30/2025 7:00:00 PM
08/30/2025,15,24812,08/30/2025 8:00:00 PM
08/30/2025,16,25175,08/30/2025 9:00:00 PM
08/30/2025,17,25198,08/30/2025 10:00:00 PM
08/30/2025,18,25006,08/30/2025 11:00:00 PM
08/30/2025,19,24386,08/31/2025 12:00:00 AM
08/30/2025,20,23511,08/31/2025 1:00:00 AM
08/30/2025,21,22986,08/31/2025 2:00:00 AM
08/30/2025,22,21980,08/31/2025 3:00:00 AM
08/30/2025,23,20970,08/31/2025 4:00:00 AM
08/30/2025,24,20053,08/31/2025 5:00:00 AM
08/31/2025,1,19075,08/31/2025 6:00:00 AM
08/31/2025,2,18463,08/31/2025 7:00:00 AM
08/31/2025,3,18001,08/31/2025 8:00:00 AM
08/31/2025,4,17595,08/31/2025 9:00:00 AM
08/31/2025,5,17428,08/31/2025 10:00:00 AM
08/31/2025,6,17406,08/31/2025 11:00:00 AM
08/31/2025,7,17383,08/31/2025 12:00:00 PM
08/31/2025,8,17567,08/31/2025 1:00:00 PM
08/31/2025,9,18455,08/31/2025 2:00:00 PM
08/31/2025,10,19550,08/31/2025 3:00:00 PM
08/31/2025,11,20698,08/31/2025 4:00:00 PM
08/31/2025,12,22012,08/31/2025 5:00:00 PM
08/31/2025,13,23168,08/31/2025 6:00:00 PM
08/31/2025,14,24256,08/31/2025 7:00:00 PM
08/31/2025,15,24796,08/31/2025 8:00:00 PM
08/31/2025,16,25162,08/31/2025 9:00:00 PM
08/31/2025,17,25108,08/31/2025 10:00:00 PM
08/31/2025,18,25015,08/31/2025 11:00:00 PM
08/31/2025,19,24509,09/01/2025 12:00:00 AM
08/31/2025,20,23433,09/01/2025 1:00:00 AM
08/31/2025,21,22828,09/01/2025 2:00:00 AM
08/31/2025,22,21943,09/01/2025 3:00:00 AM
08/31/2025,23,21125,09/01/2025 4:00:00 AM
08/31/2025,24,19910,09/01/2025 5:00:00 AM
09/01/2025,1,19045,09/01/2025 6:00:00 AM
09/01/2025,2,18249,09/01/2025 7:00:00 AM
09/01/2025,3,17912,09/01/2025 8:00:00 AM
09/01/2025,4,17674,09/01/2025 9:00:00 AM
09/01/2025,5,17441,09/01/2025 10:00:00 AM
09/01/2025,6,17468,09/01/2025 11:00:00 AM
09/01/2025,7,17677,09/01/2025 12:00:00 PM
09/01/2025,8,17473,09/01/2025 1:00:00 PM
09/01/2025,9,18254,09/01/2025 2:00:00 PM
09/01/2025,10,19461,09/01/2025 3:00:00 PM
09/01/2025,11,20990,09/01/2025 4:00:00 PM
09/01/2025,12,22663,09/01/2025 5:00:00 PM
09/01/2025,13,23937,09/01/2025 6:00:00 PM
09/01/2025,14,25051,09/01/2025 7:00:00 PM
09/01/2025,15,25530,09/01/2025 8:00:00 PM
09/01/2025,16,25763,09/01/2025 9:00:00 PM
09/01/2025,17,25907,09/01/2025 10:00:00 PM
09/01/2025,18,25784,09/01/2025 11:00:00 PM
09/01/2025,19,25087,09/02/2025 12:00:00 AM
09/01/2025,20,24442,09/02/2025 1:00:00 AM
09/01/2025,21,23944,09/02/2025 2:00:00 AM
09/01/2025,22,22807,09/02/2025 3:00:00 AM
09/01/2025,23,21495,09/02/2025 4:00:00 AM
09/01/2025,24,20278,09/02/2025 5:00:00 AM
09/02/2025,1,19436,09/02/2025 6:00:00 AM
09/02/2025,2,18724,09/02/2025 7:00:00 AM
09/02/2025,3,18048,09/02/2025 8:00:00 AM
09/02/2025,4,17773,09/02/2025 9:00:00 AM
09/02/2025,5,17840,09/02/2025 10:00:00 AM
09/02/2025,6,18199,09/02/2025 11:00:00 AM
09/02/2025,7,18906,09/02/2025 12:00:00 PM
09/02/2025,8,19112,09/02/2025 1:00:00 PM
09/02/2025,9,19851,09/02/2025 2:00:00 PM
09/02/2025,10,20817,09/02/2025 3:00:00 PM
09/02/2025,11,22062,09/02/2025 4:00:00 PM
09/02/2025,12,23403,09/02/2025 5:00:00 PM
09/02/2025,13,24807,09/02/2025 6:00:00 PM
09/02/2025,14,26010,09/02/2025 7:00:00 PM
09/02/2025,15,26793,09/02/2025 8:00:00 PM
09/02/2025,16,27192,09/02/2025 9:00:00 PM
09/02/2025,17,27418,09/02/2025 10:00:00 PM
09/02/2025,18,27105,09/02/2025 11:00:00 PM
09/02/2025,19,26460,09/03/2025 12:00:00 AM
09/02/2025,20,25342,09/03/2025 1:00:00 AM
09/02/2025,21,24683,09/03/2025 2:00:00 AM
09/02/2025,22,23598,09/03/2025 3:00:00 AM
09/02/2025,23,22085,09/03/2025 4:00:00 AM
09/02/2025,24,20808,09/03/2025 5:00:00 AM
09/03/2025,1,19730,09/03/2025 6:00:00 AM
09/03/2025,2,19006,09/03/2025 7:00:00 AM
09/03/2025,3,18441,09/03/2025 8:00:00 AM
09/03/2025,4,17953,09/03/2025 9:00:00 AM
09/03/2025,5,17879,09/03/2025 10:00:00 AM
09/03/2025,6,18085,09/03/2025 11:00:00 AM
09/03/2025,7,18621,09/03/2025 12:00:00 PM
09/03/2025,8,18782,09/03/2025 1:00:00 PM
09/03/2025,9,19577,09/03/2025 2:00:00 PM
09/03/2025,10,20734,09/03/2025 3:00:00 PM
09/03/2025,11,22121,09/03/2025 4:00:00 PM
09/03/2025,12,23662,09/03/2025 5:00:00 PM
09/03/2025,13,25076,09/03/2025 6:00:00 PM
09/03/2025,14,26223,09/03/2025 7:00:00 PM
09/03/2025,15,26915,09/03/2025 8:00:00 PM
09/03/2025,16,27349,09/03/2025 9:00:00 PM
09/03/2025,17,27357,09/03/2025 10:00:00 PM
09/03/2025,18,27088,09/03/2025 11:00:00 PM
09/03/2025,19,26387,09/04/2025 12:00:00 AM
09/03/2025,20,25517,09/04/2025 1:00:00 AM
09/03/2025,21,24772,09/04/2025 2:00:00 AM
09/03/2025,22,23719,09/04/2025 3:00:00 AM
09/03/2025,23,22398,09/04/2025 4:00:00 AM
09/03/2025,24,20866,09/04/2025 5:00:00 AM
09/04/2025,1,19748,09/04/2025 6:00:00 AM
09/04/2025,2,19028,09/04/2025 7:00:00 AM
09/04/2025,3,18419,09/04/2025 8:00:00 AM
09/04/2025,4,18126,09/04/2025 9:00:00 AM
09/04/2025,5,18024,09/04/2025 10:00:00 AM
09/04/2025,6,18220,09/04/2025 11:00:00 AM
09/04/2025,7,18834,09/04/2025 12:00:00 PM
09/04/2025,8,18906,09/04/2025 1:00:00 PM
09/04/2025,9,19603,09/04/2025 2:00:00 PM
09/04/2025,10,20917,09/04/2025 3:00:00 PM
09/04/2025,11,22365,09/04/2025 4:00:00 PM
09/04/2025,12,24015,09/04/2025 5:00:00 PM
09/04/2025,13,25509,09/04/2025 6:00:00 PM
09/04/2025,14,26856,09/04/2025 7:00:00 PM
09/04/2025,15,27818,09/04/2025 8:00:00 PM
09/04/2025,16,28591,09/04/2025 9:00:00 PM
09/04/2025,17,28813,09/04/2025 10:00:00 PM
09/04/2025,18,28806,09/04/2025 11:00:00 PM
09/04/2025,19,28147,09/05/2025 12:00:00 AM
09/04/2025,20,27096,09/05/2025 1:00:00 AM
09/04/2025,21,26221,09/05/2025 2:00:00 AM
09/04/2025,22,24805,09/05/2025 3:00:00 AM
09/04/2025,23,23443,09/05/2025 4:00:00 AM
09/04/2025,24,22135,09/05/2025 5:00:00 AM
09/05/2025,1,20857,09/05/2025 6:00:00 AM
09/05/2025,2,19953,09/05/2025 7:00:00 AM
09/05/2025,3,19349,09/05/2025 8:00:00 AM
09/05/2025,4,19034,09/05/2025 9:00:00 AM
09/05/2025,5,19012,09/05/2025 10:00:00 AM
09/05/2025,6,19220,09/05/2025 11:00:00 AM
09/05/2025,7,19878,09/05/2025 12:00:00 PM
09/05/2025,8,20091,09/05/2025 1:00:00 PM
09/05/2025,9,20681,09/05/2025 2:00:00 PM
09/05/2025,10,21737,09/05/2025 3:00:00 PM
09/05/2025,11,23437,09/05/2025 4:00:00 PM
09/05/2025,12,24923,09/05/2025 5:00:00 PM
09/05/2025,13,26265,09/05/2025 6:00:00 PM
09/05/2025,14,27223,09/05/2025 7:00:00 PM
09/05/2025,15,27724,09/05/2025 8:00:00 PM
09/05/2025,16,28020,09/05/2025 9:00:00 PM
09/05/2025,17,28116,09/05/2025 10:00:00 PM
09/05/2025,18,27837,09/05/2025 11:00:00 PM
09/05/2025,19,26744,09/06/2025 12:00:00 AM
09/05/2025,20,25772,09/06/2025 1:00:00 AM
09/05/2025,21,24910,09/06/2025 2:00:00 AM
09/05/2025,22,23803,09/06/2025 3:00:00 AM
09/05/2025,23,22831,09/06/2025 4:00:00 AM
09/05/2025,24,21614,09/06/2025 5:00:00 AM
09/06/2025,1,20556,09/06/2025 6:00:00 AM
09/06/2025,2,19733,09/06/2025 7:00:00 AM
09/06/2025,3,19109,09/06/2025 8:00:00 AM
09/06/2025,4,18586,09/06/2025 9:00:00 AM
09/06/2025,5,18220,09/06/2025 10:00:00 AM
09/06/2025,6,18142,09/06/2025 11:00:00 AM
09/06/2025,7,18112,09/06/2025 12:00:00 PM
09/06/2025,8,18123,09/06/2025 1:00:00 PM
09/06/2025,9,18766,09/06/2025 2:00:00 PM
09/06/2025,10,19770,09/06/2025 3:00:00 PM
09/06/2025,11,21005,09/06/2025 4:00:00 PM
09/06/2025,12,21752,09/06/2025 5:00:00 PM
09/06/2025,13,22680,09/06/2025 6:00:00 PM
09/06/2025,14,23429,09/06/2025 7:00:00 PM
09/06/2025,15,23925,09/06/2025 8:00:00 PM
09/06/2025,16,24254,09/06/2025 9:00:00 PM
09/06/2025,17,24610,09/06/2025 10:00:00 PM
09/06/2025,18,24449,09/06/2025 11:00:00 PM
09/06/2025,19,23886,09/07/2025 12:00:00 AM
09/06/2025,20,23211,09/07/2025 1:00:00 AM
09/06/2025,21,22742,09/07/2025 2:00:00 AM
09/06/2025,22,21661,09/07/2025 3:00:00 AM
09/06/2025,23,20691,09/07/2025 4:00:00 AM
09/06/2025,24,19725,09/07/2025 5:00:00 AM
09/07/2025,1,18920,09/07/2025 6:00:00 AM
09/07/2025,2,18151,09/07/2025 7:00:00 AM
09/07/2025,3,17524,09/07/2025 8:00:00 AM
09/07/2025,4,17149,09/07/2025 9:00:00 AM
09/07/2025,5,17001,09/07/2025 10:00:00 AM
09/07/2025,6,16854,09/07/2025 11:00:00 AM
09/07/2025,7,16765,09/07/2025 12:00:00 PM
09/07/2025,8,16784,09/07/2025 1:00:00 PM
09/07/2025,9,17447,09/07/2025 2:00:00 PM
09/07/2025,10,18284,09/07/2025 3:00:00 PM
09/07/2025,11,19232,09/07/2025 4:00:00 PM
09/07/2025,12,20329,09/07/2025 5:00:00 PM
09/07/2025,13,21386,09/07/2025 6:00:00 PM
09/07/2025,14,22285,09/07/2025 7:00:00 PM
09/07/2025,15,23343,09/07/2025 8:00:00 PM
09/07/2025,16,23951,09/07/2025 9:00:00 PM
09/07/2025,17,24122,09/07/2025 10:00:00 PM
09/07/2025,18,24285,09/07/2025 11:00:00 PM
09/07/2025,19,23543,09/08/2025 12:00:00 AM
09/07/2025,20,22827,09/08/2025 1:00:00 AM
09/07/2025,21,22286,09/08/2025 2:00:00 AM
09/07/2025,22,21197,09/08/2025 3:00:00 AM
09/07/2025,23,19861,09/08/2025 4:00:00 AM
09/07/2025,24,18660,09/08/2025 5:00:00 AM
09/08/2025,1,17555,09/08/2025 6:00:00 AM
09/08/2025,2,16792,09/08/2025 7:00:00 AM
09/08/2025,3,16128,09/08/2025 8:00:00 AM
09/08/2025,4,15927,09/08/2025 9:00:00 AM
09/08/2025,5,15846,09/08/2025 10:00:00 AM
09/08/2025,6,16233,09/08/2025 11:00:00 AM
09/08/2025,7,17019,09/08/2025 12:00:00 PM
09/08/2025,8,17159,09/08/2025 1:00:00 PM
09/08/2025,9,17238,09/08/2025 2:00:00 PM
09/08/2025,10,17931,09/08/2025 3:00:00 PM
09/08/2025,11,18808,09/08/2025 4:00:00 PM
09/08/2025,12,19679,09/08/2025 5:00:00 PM
09/08/2025,13,20689,09/08/2025 6:00:00 PM
09/08/2025,14,21649,09/08/2025 7:00:00 PM
09/08/2025,15,22523,09/08/2025 8:00:00 PM
09/08/2025,16,23192,09/08/2025 9:00:00 PM
09/08/2025,17,23671,09/08/2025 10:00:00 PM
09/08/2025,18,23736,09/08/2025 11:00:00 PM
09/08/2025,19,23310,09/09/2025 12:00:00 AM
09/08/2025,20,22452,09/09/2025 1:00:00 AM
09/08/2025,21,21772,09/09/2025 2:00:00 AM
09/08/2025,22,20597,09/09/2025 3:00:00 AM
09/08/2025,23,19329,09/09/2025 4:00:00 AM
09/08/2025,24,18116,09/09/2025 5:00:00 AM
09/09/2025,1,17143,09/09/2025 6:00:00 AM
09/09/2025,2,16477,09/09/2025 7:00:00 AM
09/09/2025,3,15985,09/09/2025 8:00:00 AM
09/09/2025,4,15760,09/09/2025 9:00:00 AM
09/09/2025,5,15818,09/09/2025 10:00:00 AM
09/09/2025,6,16356,09/09/2025 11:00:00 AM
09/09/2025,7,17165,09/09/2025 12:00:00 PM
09/09/2025,8,17361,09/09/2025 1:00:00 PM
09/09/2025,9,17703,09/09/2025 2:00:00 PM
09/09/2025,10,18547,09/09/2025 3:00:00 PM
09/09/2025,11,19699,09/09/2025 4:00:00 PM
09/09/2025,12,20953,09/09/2025 5:00:00 PM
09/09/2025,13,22180,09/09/2025 6:00:00 PM
09/09/2025,14,23332,09/09/2025 7:00:00 PM
09/09/2025,15,24098,09/09/2025 8:00:00 PM
09/09/2025,16,24849,09/09/2025 9:00:00 PM
09/09/2025,17,25296,09/09/2025 10:00:00 PM
09/09/2025,18,25247,09/09/2025 11:00:00 PM
09/09/2025,19,24923,09/10/2025 12:00:00 AM
09/09/2025,20,23999,09/10/2025 1:00:00 AM
09/09/2025,21,23428,09/10/2025 2:00:00 AM
09/09/2025,22,22169,09/10/2025 3:00:00 AM
09/09/2025,23,20777,09/10/2025 4:00:00 AM
09/09/2025,24,19461,09/10/2025 5:00:00 AM
09/10/2025,1,18422,09/10/2025 6:00:00 AM
09/10/2025,2,17746,09/10/2025 7:00:00 AM
09/10/2025,3,17273,09/10/2025 8:00:00 AM
09/10/2025,4,17000,09/10/2025 9:00:00 AM
09/10/2025,5,16892,09/10/2025 10:00:00 AM
09/10/2025,6,17311,09/10/2025 11:00:00 AM
09/10/2025,7,18042,09/10/2025 12:00:00 PM
09/10/2025,8,18238,09/10/2025 1:00:00 PM
09/10/2025,9,18676,09/10/2025 2:00:00 PM
09/10/2025,10,19821,09/10/2025 3:00:00 PM
09/10/2025,11,21238,09/10/2025 4:00:00 PM
09/10/2025,12,22913,09/10/2025 5:00:00 PM
09/10/2025,13,24365,09/10/2025 6:00:00 PM
09/10/2025,14,25745,09/10/2025 7:00:00 PM
09/10/2025,15,26637,09/10/2025 8:00:00 PM
09/10/2025,16,27323,09/10/2025 9:00:00 PM
09/10/2025,17,27618,09/10/2025 10:00:00 PM
09/10/2025,18,27598,09/10/2025 11:00:00 PM
09/10/2025,19,26850,09/11/2025 12:00:00 AM
09/10/2025,20,25796,09/11/2025 1:00:00 AM
09/10/2025,21,24908,09/11/2025 2:00:00 AM
09/10/2025,22,23564,09/11/2025 3:00:00 AM
09/10/2025,23,22133,09/11/2025 4:00:00 AM
09/10/2025,24,20668,09/11/2025 5:00:00 AM
09/11/2025,1,19696,09/11/2025 6:00:00 AM
09/11/2025,2,18937,09/11/2025 7:00:00 AM
09/11/2025,3,18322,09/11/2025 8:00:00 AM
09/11/2025,4,17943,09/11/2025 9:00:00 AM
09/11/2025,5,17830,09/11/2025 10:00:00 AM
09/11/2025,6,18310,09/11/2025 11:00:00 AM
09/11/2025,7,19017,09/11/2025 12:00:00 PM
09/11/2025,8,19074,09/11/2025 1:00:00 PM
09/11/2025,9,19506,09/11/2025 2:00:00 PM
09/11/2025,10,20728,09/11/2025 3:00:00 PM
09/11/2025,11,22097,09/11/2025 4:00:00 PM
09/11/2025,12,23650,09/11/2025 5:00:00 PM
09/11/2025,13,25008,09/11/2025 6:00:00 PM
09/11/2025,14,26267,09/11/2025 7:00:00 PM
09/11/2025,15,27193,09/11/2025 8:00:00 PM
09/11/2025,16,28007,09/11/2025 9:00:00 PM
09/11/2025,17,28295,09/11/2025 10:00:00 PM
09/11/2025,18,28113,09/11/2025 11:00:00 PM
09/11/2025,19,27275,09/12/2025 12:00:00 AM
09/11/2025,20,26254,09/12/2025 1:00:00 AM
09/11/2025,21,25301,09/12/2025 2:00:00 AM
09/11/2025,22,23913,09/12/2025 3:00:00 AM
09/11/2025,23,22442,09/12/2025 4:00:00 AM
09/11/2025,24,20961,09/12/2025 5:00:00 AM
09/12/2025,1,19736,09/12/2025 6:00:00 AM
09/12/2025,2,18970,09/12/2025 7:00:00 AM
09/12/2025,3,18235,09/12/2025 8:00:00 AM
09/12/2025,4,17795,09/12/2025 9:00:00 AM
09/12/2025,5,17619,09/12/2025 10:00:00 AM
09/12/2025,6,17962,09/12/2025 11:00:00 AM
09/12/2025,7,18645,09/12/2025 12:00:00 PM
09/12/2025,8,18633,09/12/2025 1:00:00 PM
09/12/2025,9,19300,09/12/2025 2:00:00 PM
09/12/2025,10,20641,09/12/2025 3:00:00 PM
09/12/2025,11,22288,09/12/2025 4:00:00 PM
09/12/2025,12,24007,09/12/2025 5:00:00 PM
09/12/2025,13,25573,09/12/2025 6:00:00 PM
09/12/2025,14,27084,09/12/2025 7:00:00 PM
09/12/2025,15,27936,09/12/2025 8:00:00 PM
09/12/2025,16,28472,09/12/2025 9:00:00 PM
09/12/2025,17,28765,09/12/2025 10:00:00 PM
09/12/2025,18,28432,09/12/2025 11:00:00 PM
09/12/2025,19,27338,09/13/2025 12:00:00 AM
09/12/2025,20,25976,09/13/2025 1:00:00 AM
09/12/2025,21,25026,09/13/2025 2:00:00 AM
09/12/2025,22,23778,09/13/2025 3:00:00 AM
09/12/2025,23,22541,09/13/2025 4:00:00 AM
09/12/2025,24,21325,09/13/2025 5:00:00 AM
09/13/2025,1,20117,09/13/2025 6:00:00 AM
09/13/2025,2,19242,09/13/2025 7:00:00 AM
09/13/2025,3,18559,09/13/2025 8:00:00 AM
09/13/2025,4,17914,09/13/2025 9:00:00 AM
09/13/2025,5,17575,09/13/2025 10:00:00 AM
09/13/2025,6,17435,09/13/2025 11:00:00 AM
09/13/2025,7,17594,09/13/2025 12:00:00 PM
09/13/2025,8,17578,09/13/2025 1:00:00 PM
09/13/2025,9,18625,09/13/2025 2:00:00 PM
09/13/2025,10,20054,09/13/2025 3:00:00 PM
09/13/2025,11,21845,09/13/2025 4:00:00 PM
09/13/2025,12,23826,09/13/2025 5:00:00 PM
09/13/2025,13,25730,09/13/2025 6:00:00 PM
09/13/2025,14,27056,09/13/2025 7:00:00 PM
09/13/2025,15,27757,09/13/2025 8:00:00 PM
09/13/2025,16,28240,09/13/2025 9:00:00 PM
09/13/2025,17,28370,09/13/2025 10:00:00 PM
09/13/2025,18,27919,09/13/2025 11:00:00 PM
09/13/2025,19,27037,09/14/2025 12:00:00 AM
09/13/2025,20,25937,09/14/2025 1:00:00 AM
09/13/2025,21,24714,09/14/2025 2:00:00 AM
09/13/2025,22,23521,09/14/2025 3:00:00 AM
09/13/2025,23,22345,09/14/2025 4:00:00 AM
09/13/2025,24,21086,09/14/2025 5:00:00 AM
09/14/2025,1,19981,09/14/2025 6:00:00 AM
09/14/2025,2,19148,09/14/2025 7:00:00 AM
09/14/2025,3,18524,09/14/2025 8:00:00 AM
09/14/2025,4,17997,09/14/2025 9:00:00 AM
09/14/2025,5,17721,09/14/2025 10:00:00 AM
09/14/2025,6,17398,09/14/2025 11:00:00 AM
09/14/2025,7,17372,09/14/2025 12:00:00 PM
09/14/2025,8,17491,09/14/2025 1:00:00 PM
09/14/2025,9,18466,09/14/2025 2:00:00 PM
09/14/2025,10,20011,09/14/2025 3:00:00 PM
09/14/2025,11,21831,09/14/2025 4:00:00 PM
09/14/2025,12,23471,09/14/2025 5:00:00 PM
09/14/2025,13,25062,09/14/2025 6:00:00 PM
09/14/2025,14,26062,09/14/2025 7:00:00 PM
09/14/2025,15,27036,09/14/2025 8:00:00 PM
09/14/2025,16,27464,09/14/2025 9:00:00 PM
09/14/2025,17,27732,09/14/2025 10:00:00 PM
09/14/2025,18,27548,09/14/2025 11:00:00 PM
09/14/2025,19,26811,09/15/2025 12:00:00 AM
09/14/2025,20,25846,09/15/2025 1:00:00 AM
09/14/2025,21,24860,09/15/2025 2:00:00 AM
09/14/2025,22,23497,09/15/2025 3:00:00 AM
09/14/2025,23,21959,09/15/2025 4:00:00 AM
09/14/2025,24,20521,09/15/2025 5:00:00 AM
09/15/2025,1,19490,09/15/2025 6:00:00 AM
09/15/2025,2,18617,09/15/2025 7:00:00 AM
09/15/2025,3,18054,09/15/2025 8:00:00 AM
09/15/2025,4,17643,09/15/2025 9:00:00 AM
09/15/2025,5,17746,09/15/2025 10:00:00 AM
09/15/2025,6,18305,09/15/2025 11:00:00 AM
09/15/2025,7,19038,09/15/2025 12:00:00 PM
09/15/2025,8,19234,09/15/2025 1:00:00 PM
09/15/2025,9,19940,09/15/2025 2:00:00 PM
09/15/2025,10,21103,09/15/2025 3:00:00 PM
09/15/2025,11,22650,09/15/2025 4:00:00 PM
09/15/2025,12,23952,09/15/2025 5:00:00 PM
09/15/2025,13,25448,09/15/2025 6:00:00 PM
09/15/2025,14,26711,09/15/2025 7:00:00 PM
09/15/2025,15,27376,09/15/2025 8:00:00 PM
09/15/2025,16,27809,09/15/2025 9:00:00 PM
09/15/2025,17,27978,09/15/2025 10:00:00 PM
09/15/2025,18,27910,09/15/2025 11:00:00 PM
09/15/2025,19,27009,09/16/2025 12:00:00 AM
09/15/2025,20,26117,09/16/2025 1:00:00 AM
09/15/2025,21,25154,09/16/2025 2:00:00 AM
09/15/2025,22,23896,09/16/2025 3:00:00 AM
09/15/2025,23,22497,09/16/2025 4:00:00 AM
09/15/2025,24,21058,09/16/2025 5:00:00 AM
09/16/2025,1,19786,09/16/2025 6:00:00 AM
09/16/2025,2,19105,09/16/2025 7:00:00 AM
09/16/2025,3,18647,09/16/2025 8:00:00 AM
09/16/2025,4,18172,09/16/2025 9:00:00 AM
09/16/2025,5,18150,09/16/2025 10:00:00 AM
09/16/2025,6,18468,09/16/2025 11:00:00 AM
09/16/2025,7,19148,09/16/2025 12:00:00 PM
09/16/2025,8,19214,09/16/2025 1:00:00 PM
09/16/2025,9,19808,09/16/2025 2:00:00 PM
09/16/2025,10,20853,09/16/2025 3:00:00 PM
09/16/2025,11,22427,09/16/2025 4:00:00 PM
09/16/2025,12,24082,09/16/2025 5:00:00 PM
09/16/2025,13,25600,09/16/2025 6:00:00 PM
09/16/2025,14,26910,09/16/2025 7:00:00 PM
09/16/2025,15,27683,09/16/2025 8:00:00 PM
09/16/2025,16,27921,09/16/2025 9:00:00 PM
09/16/2025,17,28159,09/16/2025 10:00:00 PM
09/16/2025,18,27746,09/16/2025 11:00:00 PM
09/16/2025,19,26886,09/17/2025 12:00:00 AM
09/16/2025,20,25993,09/17/2025 1:00:00 AM
09/16/2025,21,25214,09/17/2025 2:00:00 AM
09/16/2025,22,23874,09/17/2025 3:00:00 AM
09/16/2025,23,22454,09/17/2025 4:00:00 AM
09/16/2025,24,21073,09/17/2025 5:00:00 AM
09/17/2025,1,20005,09/17/2025 6:00:00 AM
09/17/2025,2,19175,09/17/2025 7:00:00 AM
09/17/2025,3,18488,09/17/2025 8:00:00 AM
09/17/2025,4,18101,09/17/2025 9:00:00 AM
09/17/2025,5,18096,09/17/2025 10:00:00 AM
09/17/2025,6,18216,09/17/2025 11:00:00 AM
09/17/2025,7,18877,09/17/2025 12:00:00 PM
09/17/2025,8,19010,09/17/2025 1:00:00 PM
09/17/2025,9,19740,09/17/2025 2:00:00 PM
09/17/2025,10,21097,09/17/2025 3:00:00 PM
09/17/2025,11,22666,09/17/2025 4:00:00 PM
09/17/2025,12,24138,09/17/2025 5:00:00 PM
09/17/2025,13,25851,09/17/2025 6:00:00 PM
09/17/2025,14,27170,09/17/2025 7:00:00 PM
09/17/2025,15,27939,09/17/2025 8:00:00 PM
09/17/2025,16,28167,09/17/2025 9:00:00 PM
09/17/2025,17,27675,09/17/2025 10:00:00 PM
09/17/2025,18,26852,09/17/2025 11:00:00 PM
09/17/2025,19,25958,09/18/2025 12:00:00 AM
09/17/2025,20,25107,09/18/2025 1:00:00 AM
09/17/2025,21,24246,09/18/2025 2:00:00 AM
09/17/2025,22,22974,09/18/2025 3:00:00 AM
09/17/2025,23,21717,09/18/2025 4:00:00 AM
09/17/2025,24,20209,09/18/2025 5:00:00 AM
09/18/2025,1,19313,09/18/2025 6:00:00 AM
09/18/2025,2,18394,09/18/2025 7:00:00 AM
09/18/2025,3,17929,09/18/2025 8:00:00 AM
09/18/2025,4,17600,09/18/2025 9:00:00 AM
09/18/2025,5,17415,09/18/2025 10:00:00 AM
09/18/2025,6,17715,09/18/2025 11:00:00 AM
09/18/2025,7,18520,09/18/2025 12:00:00 PM
09/18/2025,8,18534,09/18/2025 1:00:00 PM
09/18/2025,9,19147,09/18/2025 2:00:00 PM
09/18/2025,10,20346,09/18/2025 3:00:00 PM
09/18/2025,11,21818,09/18/2025 4:00:00 PM
09/18/2025,12,23576,09/18/2025 5:00:00 PM
09/18/2025,13,25092,09/18/2025 6:00:00 PM
09/18/2025,14,26522,09/18/2025 7:00:00 PM
09/18/2025,15,27292,09/18/2025 8:00:00 PM
09/18/2025,16,28016,09/18/2025 9:00:00 PM
09/18/2025,17,27987,09/18/2025 10:00:00 PM
09/18/2025,18,27552,09/18/2025 11:00:00 PM
09/18/2025,19,26447,09/19/2025 12:00:00 AM
09/18/2025,20,25560,09/19/2025 1:00:00 AM
09/18/2025,21,24647,09/19/2025 2:00:00 AM
09/18/2025,22,23422,09/19/2025 3:00:00 AM
09/18/2025,23,21928,09/19/2025 4:00:00 AM
09/18/2025,24,20506,09/19/2025 5:00:00 AM
09/19/2025,1,19346,09/19/2025 6:00:00 AM
09/19/2025,2,18500,09/19/2025 7:00:00 AM
09/19/2025,3,18105,09/19/2025 8:00:00 AM
09/19/2025,4,17735,09/19/2025 9:00:00 AM
09/19/2025,5,17594,09/19/2025 10:00:00 AM
09/19/2025,6,17871,09/19/2025 11:00:00 AM
09/19/2025,7,18625,09/19/2025 12:00:00 PM
09/19/2025,8,18728,09/19/2025 1:00:00 PM
09/19/2025,9,19315,09/19/2025 2:00:00 PM
09/19/2025,10,20604,09/19/2025 3:00:00 PM
09/19/2025,11,21948,09/19/2025 4:00:00 PM
09/19/2025,12,23515,09/19/2025 5:00:00 PM
09/19/2025,13,24876,09/19/2025 6:00:00 PM
09/19/2025,14,26125,09/19/2025 7:00:00 PM
09/19/2025,15,26861,09/19/2025 8:00:00 PM
09/19/2025,16,27253,09/19/2025 9:00:00 PM
09/19/2025,17,27096,09/19/2025 10:00:00 PM
09/19/2025,18,26673,09/19/2025 11:00:00 PM
09/19/2025,19,25565,09/20/2025 12:00:00 AM
09/19/2025,20,24503,09/20/2025 1:00:00 AM
09/19/2025,21,23555,09/20/2025 2:00:00 AM
09/19/2025,22,22480,09/20/2025 3:00:00 AM
09/19/2025,23,21162,09/20/2025 4:00:00 AM
09/19/2025,24,20226,09/20/2025 5:00:00 AM
09/20/2025,1,19401,09/20/2025 6:00:00 AM
09/20/2025,2,18546,09/20/2025 7:00:00 AM
09/20/2025,3,17894,09/20/2025 8:00:00 AM
09/20/2025,4,17697,09/20/2025 9:00:00 AM
09/20/2025,5,17357,09/20/2025 10:00:00 AM
09/20/2025,6,17210,09/20/2025 11:00:00 AM
09/20/2025,7,17370,09/20/2025 12:00:00 PM
09/20/2025,8,17444,09/20/2025 1:00:00 PM
09/20/2025,9,18370,09/20/2025 2:00:00 PM
09/20/2025,10,19624,09/20/2025 3:00:00 PM
09/20/2025,11,20996,09/20/2025 4:00:00 PM
09/20/2025,12,22584,09/20/2025 5:00:00 PM
09/20/2025,13,24134,09/20/2025 6:00:00 PM
09/20/2025,14,25178,09/20/2025 7:00:00 PM
09/20/2025,15,25940,09/20/2025 8:00:00 PM
09/20/2025,16,26473,09/20/2025 9:00:00 PM
09/20/2025,17,26421,09/20/2025 10:00:00 PM
09/20/2025,18,26199,09/20/2025 11:00:00 PM
09/20/2025,19,25336,09/21/2025 12:00:00 AM
09/20/2025,20,24522,09/21/2025 1:00:00 AM
09/20/2025,21,23588,09/21/2025 2:00:00 AM
09/20/2025,22,22661,09/21/2025 3:00:00 AM
09/20/2025,23,21656,09/21/2025 4:00:00 AM
09/20/2025,24,20597,09/21/2025 5:00:00 AM
09/21/2025,1,19652,09/21/2025 6:00:00 AM
09/21/2025,2,18846,09/21/2025 7:00:00 AM
09/21/2025,3,18163,09/21/2025 8:00:00 AM
09/21/2025,4,17824,09/21/2025 9:00:00 AM
09/21/2025,5,17585,09/21/2025 10:00:00 AM
09/21/2025,6,17580,09/21/2025 11:00:00 AM
09/21/2025,7,17605,09/21/2025 12:00:00 PM
09/21/2025,8,17643,09/21/2025 1:00:00 PM
09/21/2025,9,18428,09/21/2025 2:00:00 PM
09/21/2025,10,19912,09/21/2025 3:00:00 PM
09/21/2025,11,21490,09/21/2025 4:00:00 PM
09/21/2025,12,23312,09/21/2025 5:00:00 PM
09/21/2025,13,24813,09/21/2025 6:00:00 PM
09/21/2025,14,26049,09/21/2025 7:00:00 PM
09/21/2025,15,26367,09/21/2025 8:00:00 PM
09/21/2025,16,26588,09/21/2025 9:00:00 PM
09/21/2025,17,26462,09/21/2025 10:00:00 PM
09/21/2025,18,26181,09/21/2025 11:00:00 PM
09/21/2025,19,25504,09/22/2025 12:00:00 AM
09/21/2025,20,24848,09/22/2025 1:00:00 AM
09/21/2025,21,24190,09/22/2025 2:00:00 AM
09/21/2025,22,23059,09/22/2025 3:00:00 AM
09/21/2025,23,21961,09/22/2025 4:00:00 AM
09/21/2025,24,20741,09/22/2025 5:00:00 AM
09/22/2025,1,19755,09/22/2025 6:00:00 AM
09/22/2025,2,19101,09/22/2025 7:00:00 AM
09/22/2025,3,18638,09/22/2025 8:00:00 AM
09/22/2025,4,18351,09/22/2025 9:00:00 AM
09/22/2025,5,18331,09/22/2025 10:00:00 AM
09/22/2025,6,18717,09/22/2025 11:00:00 AM
09/22/2025,7,19531,09/22/2025 12:00:00 PM
09/22/2025,8,19649,09/22/2025 1:00:00 PM
09/22/2025,9,20173,09/22/2025 2:00:00 PM
09/22/2025,10,21252,09/22/2025 3:00:00 PM
09/22/2025,11,22354,09/22/2025 4:00:00 PM
09/22/2025,12,23609,09/22/2025 5:00:00 PM
09/22/2025,13,24555,09/22/2025 6:00:00 PM
09/22/2025,14,25477,09/22/2025 7:00:00 PM
09/22/2025,15,25752,09/22/2025 8:00:00 PM
09/22/2025,16,25836,09/22/2025 9:00:00 PM
09/22/2025,17,25755,09/22/2025 10:00:00 PM
09/22/2025,18,25532,09/22/2025 11:00:00 PM
09/22/2025,19,25170,09/23/2025 12:00:00 AM
09/22/2025,20,24757,09/23/2025 1:00:00 AM
09/22/2025,21,24116,09/23/2025 2:00:00 AM
09/22/2025,22,23138,09/23/2025 3:00:00 AM
09/22/2025,23,21941,09/23/2025 4:00:00 AM
09/22/2025,24,20778,09/23/2025 5:00:00 AM
09/23/2025,1,19629,09/23/2025 6:00:00 AM
09/23/2025,2,18934,09/23/2025 7:00:00 AM
09/23/2025,3,18363,09/23/2025 8:00:00 AM
09/23/2025,4,17993,09/23/2025 9:00:00 AM
09/23/2025,5,18123,09/23/2025 10:00:00 AM
09/23/2025,6,18482,09/23/2025 11:00:00 AM
09/23/2025,7,19260,09/23/2025 12:00:00 PM
09/23/2025,8,19477,09/23/2025 1:00:00 PM
09/23/2025,9,20023,09/23/2025 2:00:00 PM
09/23/2025,10,21266,09/23/2025 3:00:00 PM
09/23/2025,11,22669,09/23/2025 4:00:00 PM
09/23/2025,12,24179,09/23/2025 5:00:00 PM
09/23/2025,13,25242,09/23/2025 6:00:00 PM
09/23/2025,14,26393,09/23/2025 7:00:00 PM
09/23/2025,15,26972,09/23/2025 8:00:00 PM
09/23/2025,16,27295,09/23/2025 9:00:00 PM
09/23/2025,17,27136,09/23/2025 10:00:00 PM
09/23/2025,18,26695,09/23/2025 11:00:00 PM
09/23/2025,19,26144,09/24/2025 12:00:00 AM
09/23/2025,20,25579,09/24/2025 1:00:00 AM
09/23/2025,21,24878,09/24/2025 2:00:00 AM
09/23/2025,22,23884,09/24/2025 3:00:00 AM
09/23/2025,23,22704,09/24/2025 4:00:00 AM
09/23/2025,24,21415,09/24/2025 5:00:00 AM
09/24/2025,1,20534,09/24/2025 6:00:00 AM
09/24/2025,2,19953,09/24/2025 7:00:00 AM
09/24/2025,3,19362,09/24/2025 8:00:00 AM
09/24/2025,4,19037,09/24/2025 9:00:00 AM
09/24/2025,5,19120,09/24/2025 10:00:00 AM
09/24/2025,6,19517,09/24/2025 11:00:00 AM
09/24/2025,7,20252,09/24/2025 12:00:00 PM
09/24/2025,8,20417,09/24/2025 1:00:00 PM
09/24/2025,9,20867,09/24/2025 2:00:00 PM
09/24/2025,10,21709,09/24/2025 3:00:00 PM
09/24/2025,11,22781,09/24/2025 4:00:00 PM
09/24/2025,12,23609,09/24/2025 5:00:00 PM
09/24/2025,13,23887,09/24/2025 6:00:00 PM
09/24/2025,14,24166,09/24/2025 7:00:00 PM
09/24/2025,15,24084,09/24/2025 8:00:00 PM
09/24/2025,16,23812,09/24/2025 9:00:00 PM
09/24/2025,17,23442,09/24/2025 10:00:00 PM
09/24/2025,18,23498,09/24/2025 11:00:00 PM
09/24/2025,19,23016,09/25/2025 12:00:00 AM
09/24/2025,20,22951,09/25/2025 1:00:00 AM
09/24/2025,21,22651,09/25/2025 2:00:00 AM
09/24/2025,22,21991,09/25/2025 3:00:00 AM
09/24/2025,23,21086,09/25/2025 4:00:00 AM
09/24/2025,24,19879,09/25/2025 5:00:00 AM
09/25/2025,1,19106,09/25/2025 6:00:00 AM
09/25/2025,2,18695,09/25/2025 7:00:00 AM
09/25/2025,3,18092,09/25/2025 8:00:00 AM
09/25/2025,4,17908,09/25/2025 9:00:00 AM
09/25/2025,5,17873,09/25/2025 10:00:00 AM
09/25/2025,6,18225,09/25/2025 11:00:00 AM
09/25/2025,7,19018,09/25/2025 12:00:00 PM
09/25/2025,8,19236,09/25/2025 1:00:00 PM
09/25/2025,9,19501,09/25/2025 2:00:00 PM
09/25/2025,10,20058,09/25/2025 3:00:00 PM
09/25/2025,11,20799,09/25/2025 4:00:00 PM
09/25/2025,12,21404,09/25/2025 5:00:00 PM
09/25/2025,13,22364,09/25/2025 6:00:00 PM
09/25/2025,14,23162,09/25/2025 7:00:00 PM
09/25/2025,15,23515,09/25/2025 8:00:00 PM
09/25/2025,16,23829,09/25/2025 9:00:00 PM
09/25/2025,17,23923,09/25/2025 10:00:00 PM
09/25/2025,18,23765,09/25/2025 11:00:00 PM
09/25/2025,19,23332,09/26/2025 12:00:00 AM
09/25/2025,20,23002,09/26/2025 1:00:00 AM
09/25/2025,21,22339,09/26/2025 2:00:00 AM
09/25/2025,22,21449,09/26/2025 3:00:00 AM
09/25/2025,23,20437,09/26/2025 4:00:00 AM
09/25/2025,24,19055,09/26/2025 5:00:00 AM
09/26/2025,1,18108,09/26/2025 6:00:00 AM
09/26/2025,2,17567,09/26/2025 7:00:00 AM
09/26/2025,3,17291,09/26/2025 8:00:00 AM
09/26/2025,4,17027,09/26/2025 9:00:00 AM
09/26/2025,5,16877,09/26/2025 10:00:00 AM
09/26/2025,6,17226,09/26/2025 11:00:00 AM
09/26/2025,7,17961,09/26/2025 12:00:00 PM
09/26/2025,8,17924,09/26/2025 1:00:00 PM
09/26/2025,9,18228,09/26/2025 2:00:00 PM
09/26/2025,10,19168,09/26/2025 3:00:00 PM
09/26/2025,11,20161,09/26/2025 4:00:00 PM
09/26/2025,12,21433,09/26/2025 5:00:00 PM
09/26/2025,13,22392,09/26/2025 6:00:00 PM
09/26/2025,14,23348,09/26/2025 7:00:00 PM
09/26/2025,15,23899,09/26/2025 8:00:00 PM
09/26/2025,16,24306,09/26/2025 9:00:00 PM
09/26/2025,17,24435,09/26/2025 10:00:00 PM
09/26/2025,18,24181,09/26/2025 11:00:00 PM
09/26/2025,19,23061,09/27/2025 12:00:00 AM
09/26/2025,20,22235,09/27/2025 1:00:00 AM
09/26/2025,21,21290,09/27/2025 2:00:00 AM
09/26/2025,22,20481,09/27/2025 3:00:00 AM
09/26/2025,23,19680,09/27/2025 4:00:00 AM
09/26/2025,24,18533,09/27/2025 5:00:00 AM
09/27/2025,1,17568,09/27/2025 6:00:00 AM
09/27/2025,2,17005,09/27/2025 7:00:00 AM
09/27/2025,3,16587,09/27/2025 8:00:00 AM
09/27/2025,4,16229,09/27/2025 9:00:00 AM
09/27/2025,5,16074,09/27/2025 10:00:00 AM
09/27/2025,6,16327,09/27/2025 11:00:00 AM
09/27/2025,7,16290,09/27/2025 12:00:00 PM
09/27/2025,8,16411,09/27/2025 1:00:00 PM
09/27/2025,9,16953,09/27/2025 2:00:00 PM
09/27/2025,10,18000,09/27/2025 3:00:00 PM
09/27/2025,11,19343,09/27/2025 4:00:00 PM
09/27/2025,12,20793,09/27/2025 5:00:00 PM
09/27/2025,13,21949,09/27/2025 6:00:00 PM
09/27/2025,14,23024,09/27/2025 7:00:00 PM
09/27/2025,15,23735,09/27/2025 8:00:00 PM
09/27/2025,16,24292,09/27/2025 9:00:00 PM
09/27/2025,17,24462,09/27/2025 10:00:00 PM
09/27/2025,18,24221,09/27/2025 11:00:00 PM
09/27/2025,19,23187,09/28/2025 12:00:00 AM
09/27/2025,20,22136,09/28/2025 1:00:00 AM
09/27/2025,21,21170,09/28/2025 2:00:00 AM
09/27/2025,22,20221,09/28/2025 3:00:00 AM
09/27/2025,23,19250,09/28/2025 4:00:00 AM
09/27/2025,24,18199,09/28/2025 5:00:00 AM
09/28/2025,1,17330,09/28/2025 6:00:00 AM
09/28/2025,2,16775,09/28/2025 7:00:00 AM
09/28/2025,3,16182,09/28/2025 8:00:00 AM
09/28/2025,4,15901,09/28/2025 9:00:00 AM
09/28/2025,5,15680,09/28/2025 10:00:00 AM
09/28/2025,6,15624,09/28/2025 11:00:00 AM
09/28/2025,7,15782,09/28/2025 12:00:00 PM
09/28/2025,8,15690,09/28/2025 1:00:00 PM
09/28/2025,9,16471,09/28/2025 2:00:00 PM
09/28/2025,10,17842,09/28/2025 3:00:00 PM
09/28/2025,11,19120,09/28/2025 4:00:00 PM
09/28/2025,12,20508,09/28/2025 5:00:00 PM
09/28/2025,13,21907,09/28/2025 6:00:00 PM
09/28/2025,14,23008,09/28/2025 7:00:00 PM
09/28/2025,15,24034,09/28/2025 8:00:00 PM
09/28/2025,16,24898,09/28/2025 9:00:00 PM
09/28/2025,17,25204,09/28/2025 10:00:00 PM
09/28/2025,18,25025,09/28/2025 11:00:00 PM
09/28/2025,19,24281,09/29/2025 12:00:00 AM
09/28/2025,20,23510,09/29/2025 1:00:00 AM
09/28/2025,21,22401,09/29/2025 2:00:00 AM
09/28/2025,22,21368,09/29/2025 3:00:00 AM
09/28/2025,23,19945,09/29/2025 4:00:00 AM
09/28/2025,24,18649,09/29/2025 5:00:00 AM
09/29/2025,1,17767,09/29/2025 6:00:00 AM
09/29/2025,2,17041,09/29/2025 7:00:00 AM
09/29/2025,3,16648,09/29/2025 8:00:00 AM
09/29/2025,4,16411,09/29/2025 9:00:00 AM
09/29/2025,5,16499,09/29/2025 10:00:00 AM
09/29/2025,6,16953,09/29/2025 11:00:00 AM
09/29/2025,7,17657,09/29/2025 12:00:00 PM
09/29/2025,8,17798,09/29/2025 1:00:00 PM
09/29/2025,9,18063,09/29/2025 2:00:00 PM
09/29/2025,10,18950,09/29/2025 3:00:00 PM
09/29/2025,11,20364,09/29/2025 4:00:00 PM
09/29/2025,12,21902,09/29/2025 5:00:00 PM
09/29/2025,13,23456,09/29/2025 6:00:00 PM
09/29/2025,14,24645,09/29/2025 7:00:00 PM
09/29/2025,15,25497,09/29/2025 8:00:00 PM
09/29/2025,16,26079,09/29/2025 9:00:00 PM
09/29/2025,17,26277,09/29/2025 10:00:00 PM
09/29/2025,18,26138,09/29/2025 11:00:00 PM
09/29/2025,19,25277,09/30/2025 12:00:00 AM
09/29/2025,20,24511,09/30/2025 1:00:00 AM
09/29/2025,21,23543,09/30/2025 2:00:00 AM
09/29/2025,22,22241,09/30/2025 3:00:00 AM
09/29/2025,23,20892,09/30/2025 4:00:00 AM
09/29/2025,24,19581,09/30/2025 5:00:00 AM
09/30/2025,1,18507,09/30/2025 6:00:00 AM
09/30/2025,2,17807,09/30/2025 7:00:00 AM
09/30/2025,3,17286,09/30/2025 8:00:00 AM
09/30/2025,4,17054,09/30/2025 9:00:00 AM
09/30/2025,5,17033,09/30/2025 10:00:00 AM
09/30/2025,6,17445,09/30/2025 11:00:00 AM
09/30/2025,7,18077,09/30/2025 12:00:00 PM
09/30/2025,8,18125,09/30/2025 1:00:00 PM
09/30/2025,9,18354,09/30/2025 2:00:00 PM
09/30/2025,10,19226,09/30/2025 3:00:00 PM
09/30/2025,11,20496,09/30/2025 4:00:00 PM
09/30/2025,12,22073,09/30/2025 5:00:00 PM
09/30/2025,13,23386,09/30/2025 6:00:00 PM
09/30/2025,14,24489,09/30/2025 7:00:00 PM
09/30/2025,15,25038,09/30/2025 8:00:00 PM
09/30/2025,16,25587,09/30/2025 9:00:00 PM
09/30/2025,17,25474,09/30/2025 10:00:00 PM
09/30/2025,18,25362,09/30/2025 11:00:00 PM
09/30/2025,19,24652,10/01/2025 12:00:00 AM
09/30/2025,20,24138,10/01/2025 1:00:00 AM
09/30/2025,21,23278,10/01/2025 2:00:00 AM
09/30/2025,22,22101,10/01/2025 3:00:00 AM
09/30/2025,23,20858,10/01/2025 4:00:00 AM
09/30/2025,24,19623,10/01/2025 5:00:00 AM
10/01/2025,1,18542,10/01/2025 6:00:00 AM
10/01/2025,2,17860,10/01/2025 7:00:00 AM
10/01/2025,3,17154,10/01/2025 8:00:00 AM
10/01/2025,4,16653,10/01/2025 9:00:00 AM
10/01/2025,5,16591,10/01/2025 10:00:00 AM
10/01/2025,6,17043,10/01/2025 11:00:00 AM
10/01/2025,7,17694,10/01/2025 12:00:00 PM
10/01/2025,8,17767,10/01/2025 1:00:00 PM
10/01/2025,9,18120,10/01/2025 2:00:00 PM
10/01/2025,10,19108,10/01/2025 3:00:00 PM
10/01/2025,11,20416,10/01/2025 4:00:00 PM
10/01/2025,12,21950,10/01/2025 5:00:00 PM
10/01/2025,13,23464,10/01/2025 6:00:00 PM
10/01/2025,14,24639,10/01/2025 7:00:00 PM
10/01/2025,15,25450,10/01/2025 8:00:00 PM
10/01/2025,16,25868,10/01/2025 9:00:00 PM
10/01/2025,17,26062,10/01/2025 10:00:00 PM
10/01/2025,18,25850,10/01/2025 11:00:00 PM
10/01/2025,19,24986,10/02/2025 12:00:00 AM
10/01/2025,20,24238,10/02/2025 1:00:00 AM
10/01/2025,21,23403,10/02/2025 2:00:00 AM
10/01/2025,22,22342,10/02/2025 3:00:00 AM
10/01/2025,23,21013,10/02/2025 4:00:00 AM
10/01/2025,24,19903,10/02/2025 5:00:00 AM
10/02/2025,1,18864,10/02/2025 6:00:00 AM
10/02/2025,2,18174,10/02/2025 7:00:00 AM
10/02/2025,3,17591,10/02/2025 8:00:00 AM
10/02/2025,4,17231,10/02/2025 9:00:00 AM
10/02/2025,5,16915,10/02/2025 10:00:00 AM
10/02/2025,6,17327,10/02/2025 11:00:00 AM
10/02/2025,7,18093,10/02/2025 12:00:00 PM
10/02/2025,8,18178,10/02/2025 1:00:00 PM
10/02/2025,9,18525,10/02/2025 2:00:00 PM
10/02/2025,10,19471,10/02/2025 3:00:00 PM
10/02/2025,11,20631,10/02/2025 4:00:00 PM
10/02/2025,12,22140,10/02/2025 5:00:00 PM
10/02/2025,13,23430,10/02/2025 6:00:00 PM
10/02/2025,14,24827,10/02/2025 7:00:00 PM
10/02/2025,15,25666,10/02/2025 8:00:00 PM
10/02/2025,16,26163,10/02/2025 9:00:00 PM
10/02/2025,17,25978,10/02/2025 10:00:00 PM
10/02/2025,18,25376,10/02/2025 11:00:00 PM
10/02/2025,19,24524,10/03/2025 12:00:00 AM
10/02/2025,20,24098,10/03/2025 1:00:00 AM
10/02/2025,21,23225,10/03/2025 2:00:00 AM
10/02/2025,22,21936,10/03/2025 3:00:00 AM
10/02/2025,23,20758,10/03/2025 4:00:00 AM
10/02/2025,24,19721,10/03/2025 5:00:00 AM
10/03/2025,1,18707,10/03/2025 6:00:00 AM
10/03/2025,2,17942,10/03/2025 7:00:00 AM
10/03/2025,3,17402,10/03/2025 8:00:00 AM
10/03/2025,4,16965,10/03/2025 9:00:00 AM
10/03/2025,5,16838,10/03/2025 10:00:00 AM
10/03/2025,6,17261,10/03/2025 11:00:00 AM
10/03/2025,7,17804,10/03/2025 12:00:00 PM
10/03/2025,8,17929,10/03/2025 1:00:00 PM
10/03/2025,9,18092,10/03/2025 2:00:00 PM
10/03/2025,10,18971,10/03/2025 3:00:00 PM
10/03/2025,11,20098,10/03/2025 4:00:00 PM
10/03/2025,12,21141,10/03/2025 5:00:00 PM
10/03/2025,13,22282,10/03/2025 6:00:00 PM
10/03/2025,14,23137,10/03/2025 7:00:00 PM
10/03/2025,15,23825,10/03/2025 8:00:00 PM
10/03/2025,16,24178,10/03/2025 9:00:00 PM
10/03/2025,17,24362,10/03/2025 10:00:00 PM
10/03/2025,18,24253,10/03/2025 11:00:00 PM
10/03/2025,19,23260,10/04/2025 12:00:00 AM
10/03/2025,20,22415,10/04/2025 1:00:00 AM
10/03/2025,21,21600,10/04/2025 2:00:00 AM
10/03/2025,22,20594,10/04/2025 3:00:00 AM
10/03/2025,23,19693,10/04/2025 4:00:00 AM
10/03/2025,24,18704,10/04/2025 5:00:00 AM
10/04/2025,1,17860,10/04/2025 6:00:00 AM
10/04/2025,2,17119,10/04/2025 7:00:00 AM
10/04/2025,3,16710,10/04/2025 8:00:00 AM
10/04/2025,4,16384,10/04/2025 9:00:00 AM
10/04/2025,5,16044,10/04/2025 10:00:00 AM
10/04/2025,6,16162,10/04/2025 11:00:00 AM
10/04/2025,7,16324,10/04/2025 12:00:00 PM
10/04/2025,8,16589,10/04/2025 1:00:00 PM
10/04/2025,9,17207,10/04/2025 2:00:00 PM
10/04/2025,10,18125,10/04/2025 3:00:00 PM
10/04/2025,11,19220,10/04/2025 4:00:00 PM
10/04/2025,12,20363,10/04/2025 5:00:00 PM
10/04/2025,13,21414,10/04/2025 6:00:00 PM
10/04/2025,14,22163,10/04/2025 7:00:00 PM
10/04/2025,15,22805,10/04/2025 8:00:00 PM
10/04/2025,16,23054,10/04/2025 9:00:00 PM
10/04/2025,17,23124,10/04/2025 10:00:00 PM
10/04/2025,18,23095,10/04/2025 11:00:00 PM
10/04/2025,19,22170,10/05/2025 12:00:00 AM
10/04/2025,20,21653,10/05/2025 1:00:00 AM
10/04/2025,21,20897,10/05/2025 2:00:00 AM
10/04/2025,22,20137,10/05/2025 3:00:00 AM
10/04/2025,23,19439,10/05/2025 4:00:00 AM
10/04/2025,24,18497,10/05/2025 5:00:00 AM
10/05/2025,1,17662,10/05/2025 6:00:00 AM
10/05/2025,2,17091,10/05/2025 7:00:00 AM
10/05/2025,3,16667,10/05/2025 8:00:00 AM
10/05/2025,4,16444,10/05/2025 9:00:00 AM
10/05/2025,5,16340,10/05/2025 10:00:00 AM
10/05/2025,6,16199,10/05/2025 11:00:00 AM
10/05/2025,7,16515,10/05/2025 12:00:00 PM
10/05/2025,8,16794,10/05/2025 1:00:00 PM
10/05/2025,9,17260,10/05/2025 2:00:00 PM
10/05/2025,10,18138,10/05/2025 3:00:00 PM
10/05/2025,11,19079,10/05/2025 4:00:00 PM
10/05/2025,12,20135,10/05/2025 5:00:00 PM
10/05/2025,13,21343,10/05/2025 6:00:00 PM
10/05/2025,14,22417,10/05/2025 7:00:00 PM
10/05/2025,15,22782,10/05/2025 8:00:00 PM
10/05/2025,16,23262,10/05/2025 9:00:00 PM
10/05/2025,17,23433,10/05/2025 10:00:00 PM
10/05/2025,18,23339,10/05/2025 11:00:00 PM
10/05/2025,19,23093,10/06/2025 12:00:00 AM
10/05/2025,20,22893,10/06/2025 1:00:00 AM
10/05/2025,21,22247,10/06/2025 2:00:00 AM
10/05/2025,22,21426,10/06/2025 3:00:00 AM
10/05/2025,23,20443,10/06/2025 4:00:00 AM
10/05/2025,24,19420,10/06/2025 5:00:00 AM
10/06/2025,1,18728,10/06/2025 6:00:00 AM
10/06/2025,2,18298,10/06/2025 7:00:00 AM
10/06/2025,3,17958,10/06/2025 8:00:00 AM
10/06/2025,4,17581,10/06/2025 9:00:00 AM
10/06/2025,5,17634,10/06/2025 10:00:00 AM
10/06/2025,6,18000,10/06/2025 11:00:00 AM
10/06/2025,7,18688,10/06/2025 12:00:00 PM
10/06/2025,8,18884,10/06/2025 1:00:00 PM
10/06/2025,9,19212,10/06/2025 2:00:00 PM
10/06/2025,10,19998,10/06/2025 3:00:00 PM
10/06/2025,11,20872,10/06/2025 4:00:00 PM
10/06/2025,12,21761,10/06/2025 5:00:00 PM
10/06/2025,13,22306,10/06/2025 6:00:00 PM
10/06/2025,14,23153,10/06/2025 7:00:00 PM
10/06/2025,15,23926,10/06/2025 8:00:00 PM
10/06/2025,16,24644,10/06/2025 9:00:00 PM
10/06/2025,17,24881,10/06/2025 10:00:00 PM
10/06/2025,18,24712,10/06/2025 11:00:00 PM
10/06/2025,19,24136,10/07/2025 12:00:00 AM
10/06/2025,20,23798,10/07/2025 1:00:00 AM
10/06/2025,21,23055,10/07/2025 2:00:00 AM
10/06/2025,22,21926,10/07/2025 3:00:00 AM
10/06/2025,23,20962,10/07/2025 4:00:00 AM
10/06/2025,24,19775,10/07/2025 5:00:00 AM
10/07/2025,1,18911,10/07/2025 6:00:00 AM
10/07/2025,2,18240,10/07/2025 7:00:00 AM
10/07/2025,3,17769,10/07/2025 8:00:00 AM
10/07/2025,4,17634,10/07/2025 9:00:00 AM
10/07/2025,5,17545,10/07/2025 10:00:00 AM
10/07/2025,6,17857,10/07/2025 11:00:00 AM
10/07/2025,7,18649,10/07/2025 12:00:00 PM
10/07/2025,8,18970,10/07/2025 1:00:00 PM
10/07/2025,9,19441,10/07/2025 2:00:00 PM
10/07/2025,10,20320,10/07/2025 3:00:00 PM
10/07/2025,11,21282,10/07/2025 4:00:00 PM
10/07/2025,12,22571,10/07/2025 5:00:00 PM
10/07/2025,13,23744,10/07/2025 6:00:00 PM
10/07/2025,14,24921,10/07/2025 7:00:00 PM
10/07/2025,15,25780,10/07/2025 8:00:00 PM
10/07/2025,16,26100,10/07/2025 9:00:00 PM
10/07/2025,17,26270,10/07/2025 10:00:00 PM
10/07/2025,18,25755,10/07/2025 11:00:00 PM
10/07/2025,19,24881,10/08/2025 12:00:00 AM
10/07/2025,20,24434,10/08/2025 1:00:00 AM
10/07/2025,21,23572,10/08/2025 2:00:00 AM
10/07/2025,22,22525,10/08/2025 3:00:00 AM
10/07/2025,23,21197,10/08/2025 4:00:00 AM
10/07/2025,24,20012,10/08/2025 5:00:00 AM
10/08/2025,1,18972,10/08/2025 6:00:00 AM
10/08/2025,2,18344,10/08/2025 7:00:00 AM
10/08/2025,3,17880,10/08/2025 8:00:00 AM
10/08/2025,4,17563,10/08/2025 9:00:00 AM
10/08/2025,5,17591,10/08/2025 10:00:00 AM
10/08/2025,6,17966,10/08/2025 11:00:00 AM
10/08/2025,7,18756,10/08/2025 12:00:00 PM
10/08/2025,8,18993,10/08/2025 1:00:00 PM
10/08/2025,9,19274,10/08/2025 2:00:00 PM
10/08/2025,10,20092,10/08/2025 3:00:00 PM
10/08/2025,11,21106,10/08/2025 4:00:00 PM
10/08/2025,12,22314,10/08/2025 5:00:00 PM
10/08/2025,13,23471,10/08/2025 6:00:00 PM
10/08/2025,14,24410,10/08/2025 7:00:00 PM
10/08/2025,15,25079,10/08/2025 8:00:00 PM
10/08/2025,16,25127,10/08/2025 9:00:00 PM
10/08/2025,17,24971,10/08/2025 10:00:00 PM
10/08/2025,18,24643,10/08/2025 11:00:00 PM
10/08/2025,19,24085,10/09/2025 12:00:00 AM
10/08/2025,20,23344,10/09/2025 1:00:00 AM
10/08/2025,21,22519,10/09/2025 2:00:00 AM
10/08/2025,22,21552,10/09/2025 3:00:00 AM
10/08/2025,23,20450,10/09/2025 4:00:00 AM
10/08/2025,24,19333,10/09/2025 5:00:00 AM
10/09/2025,1,18304,10/09/2025 6:00:00 AM
10/09/2025,2,17726,10/09/2025 7:00:00 AM
10/09/2025,3,17099,10/09/2025 8:00:00 AM
10/09/2025,4,16811,10/09/2025 9:00:00 AM
10/09/2025,5,16771,10/09/2025 10:00:00 AM
10/09/2025,6,17069,10/09/2025 11:00:00 AM
10/09/2025,7,17830,10/09/2025 12:00:00 PM
10/09/2025,8,17722,10/09/2025 1:00:00 PM
10/09/2025,9,17846,10/09/2025 2:00:00 PM
10/09/2025,10,18592,10/09/2025 3:00:00 PM
10/09/2025,11,19630,10/09/2025 4:00:00 PM
10/09/2025,12,20736,10/09/2025 5:00:00 PM
10/09/2025,13,21823,10/09/2025 6:00:00 PM
10/09/2025,14,22909,10/09/2025 7:00:00 PM
10/09/2025,15,23572,10/09/2025 8:00:00 PM
10/09/2025,16,24119,10/09/2025 9:00:00 PM
10/09/2025,17,24337,10/09/2025 10:00:00 PM
10/09/2025,18,23915,10/09/2025 11:00:00 PM
10/09/2025,19,23149,10/10/2025 12:00:00 AM
10/09/2025,20,22638,10/10/2025 1:00:00 AM
10/09/2025,21,21636,10/10/2025 2:00:00 AM
10/09/2025,22,20501,10/10/2025 3:00:00 AM
10/09/2025,23,19418,10/10/2025 4:00:00 AM
10/09/2025,24,18199,10/10/2025 5:00:00 AM
10/10/2025,1,17092,10/10/2025 6:00:00 AM
10/10/2025,2,16356,10/10/2025 7:00:00 AM
10/10/2025,3,15910,10/10/2025 8:00:00 AM
10/10/2025,4,15538,10/10/2025 9:00:00 AM
10/10/2025,5,15537,10/10/2025 10:00:00 AM
10/10/2025,6,15838,10/10/2025 11:00:00 AM
10/10/2025,7,16590,10/10/2025 12:00:00 PM
10/10/2025,8,16877,10/10/2025 1:00:00 PM
10/10/2025,9,17186,10/10/2025 2:00:00 PM
10/10/2025,10,17627,10/10/2025 3:00:00 PM
10/10/2025,11,18537,10/10/2025 4:00:00 PM
10/10/2025,12,19076,10/10/2025 5:00:00 PM
10/10/2025,13,19840,10/10/2025 6:00:00 PM
10/10/2025,14,20837,10/10/2025 7:00:00 PM
10/10/2025,15,21612,10/10/2025 8:00:00 PM
10/10/2025,16,22139,10/10/2025 9:00:00 PM
10/10/2025,17,22560,10/10/2025 10:00:00 PM
10/10/2025,18,22353,10/10/2025 11:00:00 PM
10/10/2025,19,21382,10/11/2025 12:00:00 AM
10/10/2025,20,20632,10/11/2025 1:00:00 AM
10/10/2025,21,19995,10/11/2025 2:00:00 AM
10/10/2025,22,19230,10/11/2025 3:00:00 AM
10/10/2025,23,18330,10/11/2025 4:00:00 AM
10/10/2025,24,17665,10/11/2025 5:00:00 AM
10/11/2025,1,16768,10/11/2025 6:00:00 AM
10/11/2025,2,15975,10/11/2025 7:00:00 AM
10/11/2025,3,15665,10/11/2025 8:00:00 AM
10/11/2025,4,15507,10/11/2025 9:00:00 AM
10/11/2025,5,15257,10/11/2025 10:00:00 AM
10/11/2025,6,15321,10/11/2025 11:00:00 AM
10/11/2025,7,15473,10/11/2025 12:00:00 PM
10/11/2025,8,15649,10/11/2025 1:00:00 PM
10/11/2025,9,16081,10/11/2025 2:00:00 PM
10/11/2025,10,16692,10/11/2025 3:00:00 PM
10/11/2025,11,17826,10/11/2025 4:00:00 PM
10/11/2025,12,18613,10/11/2025 5:00:00 PM
10/11/2025,13,19633,10/11/2025 6:00:00 PM
10/11/2025,14,20651,10/11/2025 7:00:00 PM
10/11/2025,15,21437,10/11/2025 8:00:00 PM
10/11/2025,16,21999,10/11/2025 9:00:00 PM
10/11/2025,17,22148,10/11/2025 10:00:00 PM
10/11/2025,18,22030,10/11/2025 11:00:00 PM
10/11/2025,19,21131,10/12/2025 12:00:00 AM
10/11/2025,20,20347,10/12/2025 1:00:00 AM
10/11/2025,21,19561,10/12/2025 2:00:00 AM
10/11/2025,22,18875,10/12/2025 3:00:00 AM
10/11/2025,23,17964,10/12/2025 4:00:00 AM
10/11/2025,24,17059,10/12/2025 5:00:00 AM
10/12/2025,1,16329,10/12/2025 6:00:00 AM
10/12/2025,2,15744,10/12/2025 7:00:00 AM
10/12/2025,3,15264,10/12/2025 8:00:00 AM
10/12/2025,4,14953,10/12/2025 9:00:00 AM
10/12/2025,5,14706,10/12/2025 10:00:00 AM
10/12/2025,6,14997,10/12/2025 11:00:00 AM
10/12/2025,7,15037,10/12/2025 12:00:00 PM
10/12/2025,8,15142,10/12/2025 1:00:00 PM
10/12/2025,9,15720,10/12/2025 2:00:00 PM
10/12/2025,10,16495,10/12/2025 3:00:00 PM
10/12/2025,11,17125,10/12/2025 4:00:00 PM
10/12/2025,12,18192,10/12/2025 5:00:00 PM
10/12/2025,13,19271,10/12/2025 6:00:00 PM
10/12/2025,14,20405,10/12/2025 7:00:00 PM
10/12/2025,15,21266,10/12/2025 8:00:00 PM
10/12/2025,16,21956,10/12/2025 9:00:00 PM
10/12/2025,17,22232,10/12/2025 10:00:00 PM
10/12/2025,18,22088,10/12/2025 11:00:00 PM
10/12/2025,19,21351,10/13/2025 12:00:00 AM
10/12/2025,20,20939,10/13/2025 1:00:00 AM
10/12/2025,21,20029,10/13/2025 2:00:00 AM
10/12/2025,22,19169,10/13/2025 3:00:00 AM
10/12/2025,23,17981,10/13/2025 4:00:00 AM
10/12/2025,24,16950,10/13/2025 5:00:00 AM
10/13/2025,1,16085,10/13/2025 6:00:00 AM
10/13/2025,2,15512,10/13/2025 7:00:00 AM
10/13/2025,3,15106,10/13/2025 8:00:00 AM
10/13/2025,4,14977,10/13/2025 9:00:00 AM
10/13/2025,5,15033,10/13/2025 10:00:00 AM
10/13/2025,6,15406,10/13/2025 11:00:00 AM
10/13/2025,7,16243,10/13/2025 12:00:00 PM
10/13/2025,8,16522,10/13/2025 1:00:00 PM
10/13/2025,9,17007,10/13/2025 2:00:00 PM
10/13/2025,10,17600,10/13/2025 3:00:00 PM
10/13/2025,11,18536,10/13/2025 4:00:00 PM
10/13/2025,12,19516,10/13/2025 5:00:00 PM
10/13/2025,13,20565,10/13/2025 6:00:00 PM
10/13/2025,14,21759,10/13/2025 7:00:00 PM
10/13/2025,15,22625,10/13/2025 8:00:00 PM
10/13/2025,16,23152,10/13/2025 9:00:00 PM
10/13/2025,17,23522,10/13/2025 10:00:00 PM
10/13/2025,18,23389,10/13/2025 11:00:00 PM
10/13/2025,19,22567,10/14/2025 12:00:00 AM
10/13/2025,20,22031,10/14/2025 1:00:00 AM
10/13/2025,21,21159,10/14/2025 2:00:00 AM
10/13/2025,22,19992,10/14/2025 3:00:00 AM
10/13/2025,23,18792,10/14/2025 4:00:00 AM
10/13/2025,24,17624,10/14/2025 5:00:00 AM
10/14/2025,1,16722,10/14/2025 6:00:00 AM
10/14/2025,2,15997,10/14/2025 7:00:00 AM
10/14/2025,3,15731,10/14/2025 8:00:00 AM
10/14/2025,4,15459,10/14/2025 9:00:00 AM
10/14/2025,5,15581,10/14/2025 10:00:00 AM
10/14/2025,6,15876,10/14/2025 11:00:00 AM
10/14/2025,7,16711,10/14/2025 12:00:00 PM
10/14/2025,8,16989,10/14/2025 1:00:00 PM
10/14/2025,9,16960,10/14/2025 2:00:00 PM
10/14/2025,10,17556,10/14/2025 3:00:00 PM
10/14/2025,11,18452,10/14/2025 4:00:00 PM
10/14/2025,12,19515,10/14/2025 5:00:00 PM
10/14/2025,13,20467,10/14/2025 6:00:00 PM
10/14/2025,14,21573,10/14/2025 7:00:00 PM
10/14/2025,15,22464,10/14/2025 8:00:00 PM
10/14/2025,16,23304,10/14/2025 9:00:00 PM
10/14/2025,17,23526,10/14/2025 10:00:00 PM
10/14/2025,18,23226,10/14/2025 11:00:00 PM
10/14/2025,19,22365,10/15/2025 12:00:00 AM
10/14/2025,20,21795,10/15/2025 1:00:00 AM
10/14/2025,21,20846,10/15/2025 2:00:00 AM
10/14/2025,22,19776,10/15/2025 3:00:00 AM
10/14/2025,23,18628,10/15/2025 4:00:00 AM
10/14/2025,24,17400,10/15/2025 5:00:00 AM
10/15/2025,1,16641,10/15/2025 6:00:00 AM
10/15/2025,2,15979,10/15/2025 7:00:00 AM
10/15/2025,3,15643,10/15/2025 8:00:00 AM
10/15/2025,4,15303,10/15/2025 9:00:00 AM
10/15/2025,5,15382,10/15/2025 10:00:00 AM
10/15/2025,6,15686,10/15/2025 11:00:00 AM
10/15/2025,7,16513,10/15/2025 12:00:00 PM
10/15/2025,8,16665,10/15/2025 1:00:00 PM
10/15/2025,9,16881,10/15/2025 2:00:00 PM
10/15/2025,10,17324,10/15/2025 3:00:00 PM
10/15/2025,11,18043,10/15/2025 4:00:00 PM
10/15/2025,12,19092,10/15/2025 5:00:00 PM
10/15/2025,13,20238,10/15/2025 6:00:00 PM
10/15/2025,14,21443,10/15/2025 7:00:00 PM
10/15/2025,15,22434,10/15/2025 8:00:00 PM
10/15/2025,16,23157,10/15/2025 9:00:00 PM
10/15/2025,17,23482,10/15/2025 10:00:00 PM
10/15/2025,18,23251,10/15/2025 11:00:00 PM
10/15/2025,19,22483,10/16/2025 12:00:00 AM
10/15/2025,20,21853,10/16/2025 1:00:00 AM
10/15/2025,21,20854,10/16/2025 2:00:00 AM
10/15/2025,22,19826,10/16/2025 3:00:00 AM
10/15/2025,23,18663,10/16/2025 4:00:00 AM
10/15/2025,24,17692,10/16/2025 5:00:00 AM
10/16/2025,1,16774,10/16/2025 6:00:00 AM
10/16/2025,2,16232,10/16/2025 7:00:00 AM
10/16/2025,3,15819,10/16/2025 8:00:00 AM
10/16/2025,4,15397,10/16/2025 9:00:00 AM
10/16/2025,5,15446,10/16/2025 10:00:00 AM
10/16/2025,6,15963,10/16/2025 11:00:00 AM
10/16/2025,7,16762,10/16/2025 12:00:00 PM
10/16/2025,8,16907,10/16/2025 1:00:00 PM
10/16/2025,9,17214,10/16/2025 2:00:00 PM
10/16/2025,10,17785,10/16/2025 3:00:00 PM
10/16/2025,11,18830,10/16/2025 4:00:00 PM
10/16/2025,12,19912,10/16/2025 5:00:00 PM
10/16/2025,13,21087,10/16/2025 6:00:00 PM
10/16/2025,14,22228,10/16/2025 7:00:00 PM
10/16/2025,15,23212,10/16/2025 8:00:00 PM
10/16/2025,16,23939,10/16/2025 9:00:00 PM
10/16/2025,17,24218,10/16/2025 10:00:00 PM
10/16/2025,18,23815,10/16/2025 11:00:00 PM
10/16/2025,19,22902,10/17/2025 12:00:00 AM
10/16/2025,20,22372,10/17/2025 1:00:00 AM
10/16/2025,21,21529,10/17/2025 2:00:00 AM
10/16/2025,22,20579,10/17/2025 3:00:00 AM
10/16/2025,23,19345,10/17/2025 4:00:00 AM
10/16/2025,24,18209,10/17/2025 5:00:00 AM
10/17/2025,1,17204,10/17/2025 6:00:00 AM
10/17/2025,2,16821,10/17/2025 7:00:00 AM
10/17/2025,3,16281,10/17/2025 8:00:00 AM
10/17/2025,4,15919,10/17/2025 9:00:00 AM
10/17/2025,5,15852,10/17/2025 10:00:00 AM
10/17/2025,6,16141,10/17/2025 11:00:00 AM
10/17/2025,7,17190,10/17/2025 12:00:00 PM
10/17/2025,8,17519,10/17/2025 1:00:00 PM
10/17/2025,9,17872,10/17/2025 2:00:00 PM
10/17/2025,10,18498,10/17/2025 3:00:00 PM
10/17/2025,11,19327,10/17/2025 4:00:00 PM
10/17/2025,12,20461,10/17/2025 5:00:00 PM
10/17/2025,13,21585,10/17/2025 6:00:00 PM
10/17/2025,14,22687,10/17/2025 7:00:00 PM
10/17/2025,15,23604,10/17/2025 8:00:00 PM
10/17/2025,16,23814,10/17/2025 9:00:00 PM
10/17/2025,17,24052,10/17/2025 10:00:00 PM
10/17/2025,18,23659,10/17/2025 11:00:00 PM
10/17/2025,19,22782,10/18/2025 12:00:00 AM
10/17/2025,20,22019,10/18/2025 1:00:00 AM
10/17/2025,21,21161,10/18/2025 2:00:00 AM
10/17/2025,22,20240,10/18/2025 3:00:00 AM
10/17/2025,23,19431,10/18/2025 4:00:00 AM
10/17/2025,24,18650,10/18/2025 5:00:00 AM
10/18/2025,1,17935,10/18/2025 6:00:00 AM
10/18/2025,2,17307,10/18/2025 7:00:00 AM
10/18/2025,3,16948,10/18/2025 8:00:00 AM
10/18/2025,4,16548,10/18/2025 9:00:00 AM
10/18/2025,5,16364,10/18/2025 10:00:00 AM
10/18/2025,6,16333,10/18/2025 11:00:00 AM
10/18/2025,7,16529,10/18/2025 12:00:00 PM
10/18/2025,8,16713,10/18/2025 1:00:00 PM
10/18/2025,9,17456,10/18/2025 2:00:00 PM
10/18/2025,10,18621,10/18/2025 3:00:00 PM
10/18/2025,11,20100,10/18/2025 4:00:00 PM
10/18/2025,12,21331,10/18/2025 5:00:00 PM
10/18/2025,13,22185,10/18/2025 6:00:00 PM
10/18/2025,14,22671,10/18/2025 7:00:00 PM
10/18/2025,15,23059,10/18/2025 8:00:00 PM
10/18/2025,16,23055,10/18/2025 9:00:00 PM
10/18/2025,17,23086,10/18/2025 10:00:00 PM
10/18/2025,18,22640,10/18/2025 11:00:00 PM
10/18/2025,19,21969,10/19/2025 12:00:00 AM
10/18/2025,20,21456,10/19/2025 1:00:00 AM
10/18/2025,21,21082,10/19/2025 2:00:00 AM
10/18/2025,22,20458,10/19/2025 3:00:00 AM
10/18/2025,23,19793,10/19/2025 4:00:00 AM
10/18/2025,24,18942,10/19/2025 5:00:00 AM
10/19/2025,1,18206,10/19/2025 6:00:00 AM
10/19/2025,2,17679,10/19/2025 7:00:00 AM
10/19/2025,3,17189,10/19/2025 8:00:00 AM
10/19/2025,4,16918,10/19/2025 9:00:00 AM
10/19/2025,5,16707,10/19/2025 10:00:00 AM
10/19/2025,6,16657,10/19/2025 11:00:00 AM
10/19/2025,7,16660,10/19/2025 12:00:00 PM
10/19/2025,8,16765,10/19/2025 1:00:00 PM
10/19/2025,9,17279,10/19/2025 2:00:00 PM
10/19/2025,10,18003,10/19/2025 3:00:00 PM
10/19/2025,11,18537,10/19/2025 4:00:00 PM
10/19/2025,12,19206,10/19/2025 5:00:00 PM
10/19/2025,13,19859,10/19/2025 6:00:00 PM
10/19/2025,14,20410,10/19/2025 7:00:00 PM
10/19/2025,15,20874,10/19/2025 8:00:00 PM
10/19/2025,16,21001,10/19/2025 9:00:00 PM
10/19/2025,17,21033,10/19/2025 10:00:00 PM
10/19/2025,18,20716,10/19/2025 11:00:00 PM
10/19/2025,19,20096,10/20/2025 12:00:00 AM
10/19/2025,20,19699,10/20/2025 1:00:00 AM
10/19/2025,21,18836,10/20/2025 2:00:00 AM
10/19/2025,22,18023,10/20/2025 3:00:00 AM
10/19/2025,23,16917,10/20/2025 4:00:00 AM
10/19/2025,24,15976,10/20/2025 5:00:00 AM
10/20/2025,1,15016,10/20/2025 6:00:00 AM
10/20/2025,2,14584,10/20/2025 7:00:00 AM
10/20/2025,3,14328,10/20/2025 8:00:00 AM
10/20/2025,4,14231,10/20/2025 9:00:00 AM
10/20/2025,5,14120,10/20/2025 10:00:00 AM
10/20/2025,6,14691,10/20/2025 11:00:00 AM
10/20/2025,7,15778,10/20/2025 12:00:00 PM
10/20/2025,8,16282,10/20/2025 1:00:00 PM
10/20/2025,9,16393,10/20/2025 2:00:00 PM
10/20/2025,10,16679,10/20/2025 3:00:00 PM
10/20/2025,11,16994,10/20/2025 4:00:00 PM
10/20/2025,12,17439,10/20/2025 5:00:00 PM
10/20/2025,13,17995,10/20/2025 6:00:00 PM
10/20/2025,14,18581,10/20/2025 7:00:00 PM
10/20/2025,15,19220,10/20/2025 8:00:00 PM
10/20/2025,16,19919,10/20/2025 9:00:00 PM
10/20/2025,17,20345,10/20/2025 10:00:00 PM
10/20/2025,18,20347,10/20/2025 11:00:00 PM
10/20/2025,19,20180,10/21/2025 12:00:00 AM
10/20/2025,20,20108,10/21/2025 1:00:00 AM
10/20/2025,21,19384,10/21/2025 2:00:00 AM
10/20/2025,22,18652,10/21/2025 3:00:00 AM
10/20/2025,23,17581,10/21/2025 4:00:00 AM
10/20/2025,24,16456,10/21/2025 5:00:00 AM
10/21/2025,1,15800,10/21/2025 6:00:00 AM
10/21/2025,2,15455,10/21/2025 7:00:00 AM
10/21/2025,3,15204,10/21/2025 8:00:00 AM
10/21/2025,4,15005,10/21/2025 9:00:00 AM
10/21/2025,5,15127,10/21/2025 10:00:00 AM
10/21/2025,6,15494,10/21/2025 11:00:00 AM
10/21/2025,7,16492,10/21/2025 12:00:00 PM
10/21/2025,8,16825,10/21/2025 1:00:00 PM
10/21/2025,9,17072,10/21/2025 2:00:00 PM
10/21/2025,10,17448,10/21/2025 3:00:00 PM
10/21/2025,11,18319,10/21/2025 4:00:00 PM
10/21/2025,12,19104,10/21/2025 5:00:00 PM
10/21/2025,13,19887,10/21/2025 6:00:00 PM
10/21/2025,14,20731,10/21/2025 7:00:00 PM
10/21/2025,15,21229,10/21/2025 8:00:00 PM
10/21/2025,16,21479,10/21/2025 9:00:00 PM
10/21/2025,17,21230,10/21/2025 10:00:00 PM
10/21/2025,18,21095,10/21/2025 11:00:00 PM
10/21/2025,19,20861,10/22/2025 12:00:00 AM
10/21/2025,20,20799,10/22/2025 1:00:00 AM
10/21/2025,21,20264,10/22/2025 2:00:00 AM
10/21/2025,22,19264,10/22/2025 3:00:00 AM
10/21/2025,23,18043,10/22/2025 4:00:00 AM
10/21/2025,24,17049,10/22/2025 5:00:00 AM
10/22/2025,1,16197,10/22/2025 6:00:00 AM
10/22/2025,2,15887,10/22/2025 7:00:00 AM
10/22/2025,3,15278,10/22/2025 8:00:00 AM
10/22/2025,4,15166,10/22/2025 9:00:00 AM
10/22/2025,5,15198,10/22/2025 10:00:00 AM
10/22/2025,6,15773,10/22/2025 11:00:00 AM
10/22/2025,7,16515,10/22/2025 12:00:00 PM
10/22/2025,8,16730,10/22/2025 1:00:00 PM
10/22/2025,9,16728,10/22/2025 2:00:00 PM
10/22/2025,10,16865,10/22/2025 3:00:00 PM
10/22/2025,11,17102,10/22/2025 4:00:00 PM
10/22/2025,12,17423,10/22/2025 5:00:00 PM
10/22/2025,13,17832,10/22/2025 6:00:00 PM
10/22/2025,14,18402,10/22/2025 7:00:00 PM
10/22/2025,15,18875,10/22/2025 8:00:00 PM
10/22/2025,16,19350,10/22/2025 9:00:00 PM
10/22/2025,17,19502,10/22/2025 10:00:00 PM
10/22/2025,18,19573,10/22/2025 11:00:00 PM
10/22/2025,19,19343,10/23/2025 12:00:00 AM
10/22/2025,20,19166,10/23/2025 1:00:00 AM
10/22/2025,21,18590,10/23/2025 2:00:00 AM
10/22/2025,22,17819,10/23/2025 3:00:00 AM
10/22/2025,23,16799,10/23/2025 4:00:00 AM
10/22/2025,24,15947,10/23/2025 5:00:00 AM
10/23/2025,1,15214,10/23/2025 6:00:00 AM
10/23/2025,2,14661,10/23/2025 7:00:00 AM
10/23/2025,3,14533,10/23/2025 8:00:00 AM
10/23/2025,4,14461,10/23/2025 9:00:00 AM
10/23/2025,5,14472,10/23/2025 10:00:00 AM
10/23/2025,6,15045,10/23/2025 11:00:00 AM
10/23/2025,7,16265,10/23/2025 12:00:00 PM
10/23/2025,8,16677,10/23/2025 1:00:00 PM
10/23/2025,9,16551,10/23/2025 2:00:00 PM
10/23/2025,10,16633,10/23/2025 3:00:00 PM
10/23/2025,11,16912,10/23/2025 4:00:00 PM
10/23/2025,12,17378,10/23/2025 5:00:00 PM
10/23/2025,13,17649,10/23/2025 6:00:00 PM
10/23/2025,14,18271,10/23/2025 7:00:00 PM
10/23/2025,15,18765,10/23/2025 8:00:00 PM
10/23/2025,16,19217,10/23/2025 9:00:00 PM
10/23/2025,17,19588,10/23/2025 10:00:00 PM
10/23/2025,18,19508,10/23/2025 11:00:00 PM
10/23/2025,19,19359,10/24/2025 12:00:00 AM
10/23/2025,20,19330,10/24/2025 1:00:00 AM
10/23/2025,21,18845,10/24/2025 2:00:00 AM
10/23/2025,22,18157,10/24/2025 3:00:00 AM
10/23/2025,23,17243,10/24/2025 4:00:00 AM
10/23/2025,24,16293,10/24/2025 5:00:00 AM
10/24/2025,1,15543,10/24/2025 6:00:00 AM
10/24/2025,2,15130,10/24/2025 7:00:00 AM
10/24/2025,3,14734,10/24/2025 8:00:00 AM
10/24/2025,4,14609,10/24/2025 9:00:00 AM
10/24/2025,5,14805,10/24/2025 10:00:00 AM
10/24/2025,6,15259,10/24/2025 11:00:00 AM
10/24/2025,7,16298,10/24/2025 12:00:00 PM
10/24/2025,8,16626,10/24/2025 1:00:00 PM
10/24/2025,9,16684,10/24/2025 2:00:00 PM
10/24/2025,10,16997,10/24/2025 3:00:00 PM
10/24/2025,11,17525,10/24/2025 4:00:00 PM
10/24/2025,12,17835,10/24/2025 5:00:00 PM
10/24/2025,13,18458,10/24/2025 6:00:00 PM
10/24/2025,14,18831,10/24/2025 7:00:00 PM
10/24/2025,15,19419,10/24/2025 8:00:00 PM
10/24/2025,16,19593,10/24/2025 9:00:00 PM
10/24/2025,17,19641,10/24/2025 10:00:00 PM
10/24/2025,18,19397,10/24/2025 11:00:00 PM
10/24/2025,19,18985,10/25/2025 12:00:00 AM
10/24/2025,20,18828,10/25/2025 1:00:00 AM
10/24/2025,21,18304,10/25/2025 2:00:00 AM
10/24/2025,22,17923,10/25/2025 3:00:00 AM
10/24/2025,23,17334,10/25/2025 4:00:00 AM
10/24/2025,24,16567,10/25/2025 5:00:00 AM
10/25/2025,1,15964,10/25/2025 6:00:00 AM
10/25/2025,2,15376,10/25/2025 7:00:00 AM
10/25/2025,3,15075,10/25/2025 8:00:00 AM
10/25/2025,4,14874,10/25/2025 9:00:00 AM
10/25/2025,5,14707,10/25/2025 10:00:00 AM
10/25/2025,6,14756,10/25/2025 11:00:00 AM
10/25/2025,7,14967,10/25/2025 12:00:00 PM
10/25/2025,8,15272,10/25/2025 1:00:00 PM
10/25/2025,9,15919,10/25/2025 2:00:00 PM
10/25/2025,10,16555,10/25/2025 3:00:00 PM
10/25/2025,11,16910,10/25/2025 4:00:00 PM
10/25/2025,12,17082,10/25/2025 5:00:00 PM
10/25/2025,13,17111,10/25/2025 6:00:00 PM
10/25/2025,14,17366,10/25/2025 7:00:00 PM
10/25/2025,15,17558,10/25/2025 8:00:00 PM
10/25/2025,16,17575,10/25/2025 9:00:00 PM
10/25/2025,17,17620,10/25/2025 10:00:00 PM
10/25/2025,18,17742,10/25/2025 11:00:00 PM
10/25/2025,19,17846,10/26/2025 12:00:00 AM
10/25/2025,20,17921,10/26/2025 1:00:00 AM
10/25/2025,21,17611,10/26/2025 2:00:00 AM
10/25/2025,22,17295,10/26/2025 3:00:00 AM
10/25/2025,23,16869,10/26/2025 4:00:00 AM
10/25/2025,24,16211,10/26/2025 5:00:00 AM
10/26/2025,1,15717,10/26/2025 6:00:00 AM
10/26/2025,2,15338,10/26/2025 7:00:00 AM
10/26/2025,3,15296,10/26/2025 8:00:00 AM
10/26/2025,4,15056,10/26/2025 9:00:00 AM
10/26/2025,5,14774,10/26/2025 10:00:00 AM
10/26/2025,6,14892,10/26/2025 11:00:00 AM
10/26/2025,7,15146,10/26/2025 12:00:00 PM
10/26/2025,8,15468,10/26/2025 1:00:00 PM
10/26/2025,9,15844,10/26/2025 2:00:00 PM
10/26/2025,10,16545,10/26/2025 3:00:00 PM
10/26/2025,11,17022,10/26/2025 4:00:00 PM
10/26/2025,12,17532,10/26/2025 5:00:00 PM
10/26/2025,13,18108,10/26/2025 6:00:00 PM
10/26/2025,14,18655,10/26/2025 7:00:00 PM
10/26/2025,15,19117,10/26/2025 8:00:00 PM
10/26/2025,16,19460,10/26/2025 9:00:00 PM
10/26/2025,17,19606,10/26/2025 10:00:00 PM
10/26/2025,18,19592,10/26/2025 11:00:00 PM
10/26/2025,19,19399,10/27/2025 12:00:00 AM
10/26/2025,20,19140,10/27/2025 1:00:00 AM
10/26/2025,21,18606,10/27/2025 2:00:00 AM
10/26/2025,22,17984,10/27/2025 3:00:00 AM
10/26/2025,23,17123,10/27/2025 4:00:00 AM
10/26/2025,24,16367,10/27/2025 5:00:00 AM
10/27/2025,1,15676,10/27/2025 6:00:00 AM
10/27/2025,2,14855,10/27/2025 7:00:00 AM
10/27/2025,3,14520,10/27/2025 8:00:00 AM
10/27/2025,4,14406,10/27/2025 9:00:00 AM
10/27/2025,5,14691,10/27/2025 10:00:00 AM
10/27/2025,6,15067,10/27/2025 11:00:00 AM
10/27/2025,7,16051,10/27/2025 12:00:00 PM
10/27/2025,8,16445,10/27/2025 1:00:00 PM
10/27/2025,9,16556,10/27/2025 2:00:00 PM
10/27/2025,10,16978,10/27/2025 3:00:00 PM
10/27/2025,11,17466,10/27/2025 4:00:00 PM
10/27/2025,12,17883,10/27/2025 5:00:00 PM
10/27/2025,13,18242,10/27/2025 6:00:00 PM
10/27/2025,14,18843,10/27/2025 7:00:00 PM
10/27/2025,15,19169,10/27/2025 8:00:00 PM
10/27/2025,16,19523,10/27/2025 9:00:00 PM
10/27/2025,17,19548,10/27/2025 10:00:00 PM
10/27/2025,18,19494,10/27/2025 11:00:00 PM
10/27/2025,19,19373,10/28/2025 12:00:00 AM
10/27/2025,20,19445,10/28/2025 1:00:00 AM
10/27/2025,21,18888,10/28/2025 2:00:00 AM
10/27/2025,22,18110,10/28/2025 3:00:00 AM
10/27/2025,23,17187,10/28/2025 4:00:00 AM
10/27/2025,24,16246,10/28/2025 5:00:00 AM
10/28/2025,1,15300,10/28/2025 6:00:00 AM
10/28/2025,2,14985,10/28/2025 7:00:00 AM
10/28/2025,3,14535,10/28/2025 8:00:00 AM
10/28/2025,4,14563,10/28/2025 9:00:00 AM
10/28/2025,5,14542,10/28/2025 10:00:00 AM
10/28/2025,6,15098,10/28/2025 11:00:00 AM
10/28/2025,7,16008,10/28/2025 12:00:00 PM
10/28/2025,8,16397,10/28/2025 1:00:00 PM
10/28/2025,9,16482,10/28/2025 2:00:00 PM
10/28/2025,10,16718,10/28/2025 3:00:00 PM
10/28/2025,11,17087,10/28/2025 4:00:00 PM
10/28/2025,12,17590,10/28/2025 5:00:00 PM
10/28/2025,13,18112,10/28/2025 6:00:00 PM
10/28/2025,14,18589,10/28/2025 7:00:00 PM
10/28/2025,15,18828,10/28/2025 8:00:00 PM
10/28/2025,16,19334,10/28/2025 9:00:00 PM
10/28/2025,17,19516,10/28/2025 10:00:00 PM
10/28/2025,18,19407,10/28/2025 11:00:00 PM
10/28/2025,19,19406,10/29/2025 12:00:00 AM
10/28/2025,20,19366,10/29/2025 1:00:00 AM
10/28/2025,21,18821,10/29/2025 2:00:00 AM
10/28/2025,22,18172,10/29/2025 3:00:00 AM
10/28/2025,23,17201,10/29/2025 4:00:00 AM
10/28/2025,24,16170,10/29/2025 5:00:00 AM
10/29/2025,1,15346,10/29/2025 6:00:00 AM
10/29/2025,2,14903,10/29/2025 7:00:00 AM
10/29/2025,3,14689,10/29/2025 8:00:00 AM
10/29/2025,4,14344,10/29/2025 9:00:00 AM
10/29/2025,5,14368,10/29/2025 10:00:00 AM
10/29/2025,6,14914,10/29/2025 11:00:00 AM
10/29/2025,7,15896,10/29/2025 12:00:00 PM
10/29/2025,8,16251,10/29/2025 1:00:00 PM
10/29/2025,9,16339,10/29/2025 2:00:00 PM
10/29/2025,10,16521,10/29/2025 3:00:00 PM
10/29/2025,11,16449,10/29/2025 4:00:00 PM
10/29/2025,12,16548,10/29/2025 5:00:00 PM
10/29/2025,13,16535,10/29/2025 6:00:00 PM
10/29/2025,14,16734,10/29/2025 7:00:00 PM
10/29/2025,15,16632,10/29/2025 8:00:00 PM
10/29/2025,16,16581,10/29/2025 9:00:00 PM
10/29/2025,17,16898,10/29/2025 10:00:00 PM
10/29/2025,18,17076,10/29/2025 11:00:00 PM
10/29/2025,19,17551,10/30/2025 12:00:00 AM
10/29/2025,20,17833,10/30/2025 1:00:00 AM
10/29/2025,21,17770,10/30/2025 2:00:00 AM
10/29/2025,22,17254,10/30/2025 3:00:00 AM
10/29/2025,23,16442,10/30/2025 4:00:00 AM
10/29/2025,24,15751,10/30/2025 5:00:00 AM
10/30/2025,1,15136,10/30/2025 6:00:00 AM
10/30/2025,2,15000,10/30/2025 7:00:00 AM
10/30/2025,3,14957,10/30/2025 8:00:00 AM
10/30/2025,4,14903,10/30/2025 9:00:00 AM
10/30/2025,5,15176,10/30/2025 10:00:00 AM
10/30/2025,6,15888,10/30/2025 11:00:00 AM
10/30/2025,7,17058,10/30/2025 12:00:00 PM
10/30/2025,8,17530,10/30/2025 1:00:00 PM
10/30/2025,9,17524,10/30/2025 2:00:00 PM
10/30/2025,10,17270,10/30/2025 3:00:00 PM
10/30/2025,11,17068,10/30/2025 4:00:00 PM
10/30/2025,12,16869,10/30/2025 5:00:00 PM
10/30/2025,13,16698,10/30/2025 6:00:00 PM
10/30/2025,14,16680,10/30/2025 7:00:00 PM
10/30/2025,15,16681,10/30/2025 8:00:00 PM
10/30/2025,16,16618,10/30/2025 9:00:00 PM
10/30/2025,17,16766,10/30/2025 10:00:00 PM
10/30/2025,18,16858,10/30/2025 11:00:00 PM
10/30/2025,19,17490,10/31/2025 12:00:00 AM
10/30/2025,20,17830,10/31/2025 1:00:00 AM
10/30/2025,21,17818,10/31/2025 2:00:00 AM
10/30/2025,22,17471,10/31/2025 3:00:00 AM
10/30/2025,23,16926,10/31/2025 4:00:00 AM
10/30/2025,24,16172,10/31/2025 5:00:00 AM
10/31/2025,1,15628,10/31/2025 6:00:00 AM
10/31/2025,2,15390,10/31/2025 7:00:00 AM
10/31/2025,3,15313,10/31/2025 8:00:00 AM
10/31/2025,4,15332,10/31/2025 9:00:00 AM
10/31/2025,5,15634,10/31/2025 10:00:00 AM
10/31/2025,6,16396,10/31/2025 11:00:00 AM
10/31/2025,7,17703,10/31/2025 12:00:00 PM
10/31/2025,8,18223,10/31/2025 1:00:00 PM
10/31/2025,9,18095,10/31/2025 2:00:00 PM
10/31/2025,10,17526,10/31/2025 3:00:00 PM
10/31/2025,11,17080,10/31/2025 4:00:00 PM
10/31/2025,12,16880,10/31/2025 5:00:00 PM
10/31/2025,13,16563,10/31/2025 6:00:00 PM
10/31/2025,14,16634,10/31/2025 7:00:00 PM
10/31/2025,15,16645,10/31/2025 8:00:00 PM
10/31/2025,16,16556,10/31/2025 9:00:00 PM
10/31/2025,17,16702,10/31/2025 10:00:00 PM
10/31/2025,18,16744,10/31/2025 11:00:00 PM
10/31/2025,19,16704,11/01/2025 12:00:00 AM
10/31/2025,20,16764,11/01/2025 1:00:00 AM
10/31/2025,21,16692,11/01/2025 2:00:00 AM
10/31/2025,22,16673,11/01/2025 3:00:00 AM
10/31/2025,23,16314,11/01/2025 4:00:00 AM
10/31/2025,24,15915,11/01/2025 5:00:00 AM
11/01/2025,1,15434,11/01/2025 6:00:00 AM
11/01/2025,2,15123,11/01/2025 7:00:00 AM
11/01/2025,3,15057,11/01/2025 8:00:00 AM
11/01/2025,4,15086,11/01/2025 9:00:00 AM
11/01/2025,5,15138,11/01/2025 10:00:00 AM
11/01/2025,6,15390,11/01/2025 11:00:00 AM
11/01/2025,7,15888,11/01/2025 12:00:00 PM
11/01/2025,8,16373,11/01/2025 1:00:00 PM
11/01/2025,9,16822,11/01/2025 2:00:00 PM
11/01/2025,10,16878,11/01/2025 3:00:00 PM
11/01/2025,11,16663,11/01/2025 4:00:00 PM
11/01/2025,12,16598,11/01/2025 5:00:00 PM
11/01/2025,13,16265,11/01/2025 6:00:00 PM
11/01/2025,14,16370,11/01/2025 7:00:00 PM
11/01/2025,15,16462,11/01/2025 8:00:00 PM
11/01/2025,16,16580,11/01/2025 9:00:00 PM
11/01/2025,17,16562,11/01/2025 10:00:00 PM
11/01/2025,18,16802,11/01/2025 11:00:00 PM
11/01/2025,19,17129,11/02/2025 12:00:00 AM
11/01/2025,20,17328,11/02/2025 1:00:00 AM
11/01/2025,21,17067,11/02/2025 2:00:00 AM
11/01/2025,22,16819,11/02/2025 3:00:00 AM
11/01/2025,23,16304,11/02/2025 4:00:00 AM
11/01/2025,24,15949,11/02/2025 5:00:00 AM
11/02/2025,1,15550,11/02/2025 6:00:00 AM
11/02/2025,2,15219,11/02/2025 7:00:00 AM
11/02/2025,3,15064,11/02/2025 8:00:00 AM
11/02/2025,4,15084,11/02/2025 9:00:00 AM
11/02/2025,5,15105,11/02/2025 10:00:00 AM
11/02/2025,6,15209,11/02/2025 11:00:00 AM
11/02/2025,7,15615,11/02/2025 12:00:00 PM
11/02/2025,8,16172,11/02/2025 1:00:00 PM
11/02/2025,9,16848,11/02/2025 2:00:00 PM
11/02/2025,10,17085,11/02/2025 3:00:00 PM
11/02/2025,11,16896,11/02/2025 4:00:00 PM
11/02/2025,12,16640,11/02/2025 5:00:00 PM
11/02/2025,13,16553,11/02/2025 6:00:00 PM
11/02/2025,14,16529,11/02/2025 7:00:00 PM
11/02/2025,15,16665,11/02/2025 8:00:00 PM
11/02/2025,16,16673,11/02/2025 9:00:00 PM
11/02/2025,17,16835,11/02/2025 10:00:00 PM
11/02/2025,18,17115,11/02/2025 11:00:00 PM
11/02/2025,19,17757,11/03/2025 12:00:00 AM
11/02/2025,20,18192,11/03/2025 1:00:00 AM
11/02/2025,21,18085,11/03/2025 2:00:00 AM
11/02/2025,22,17861,11/03/2025 3:00:00 AM
11/02/2025,23,17439,11/03/2025 4:00:00 AM
11/02/2025,24,16726,11/03/2025 5:00:00 AM
11/03/2025,1,16228,11/03/2025 6:00:00 AM
11/03/2025,2,15911,11/03/2025 7:00:00 AM
11/03/2025,3,15841,11/03/2025 8:00:00 AM
11/03/2025,4,15804,11/03/2025 9:00:00 AM
11/03/2025,5,16035,11/03/2025 10:00:00 AM
11/03/2025,6,16526,11/03/2025 11:00:00 AM
11/03/2025,7,17556,11/03/2025 12:00:00 PM
11/03/2025,8,18946,11/03/2025 1:00:00 PM
11/03/2025,9,19104,11/03/2025 2:00:00 PM
11/03/2025,10,18482,11/03/2025 3:00:00 PM
11/03/2025,11,17818,11/03/2025 4:00:00 PM
11/03/2025,12,17672,11/03/2025 5:00:00 PM
11/03/2025,13,17440,11/03/2025 6:00:00 PM
11/03/2025,14,17287,11/03/2025 7:00:00 PM
11/03/2025,15,17153,11/03/2025 8:00:00 PM
11/03/2025,16,17051,11/03/2025 9:00:00 PM
11/03/2025,17,17180,11/03/2025 10:00:00 PM
11/03/2025,18,17506,11/03/2025 11:00:00 PM
11/03/2025,19,18099,11/04/2025 12:00:00 AM
11/03/2025,20,18613,11/04/2025 1:00:00 AM
11/03/2025,21,18474,11/04/2025 2:00:00 AM
11/03/2025,22,18110,11/04/2025 3:00:00 AM
11/03/2025,23,17545,11/04/2025 4:00:00 AM
11/03/2025,24,16855,11/04/2025 5:00:00 AM
11/04/2025,1,16075,11/04/2025 6:00:00 AM
11/04/2025,2,15706,11/04/2025 7:00:00 AM
11/04/2025,3,15568,11/04/2025 8:00:00 AM
11/04/2025,4,15683,11/04/2025 9:00:00 AM
11/04/2025,5,15887,11/04/2025 10:00:00 AM
11/04/2025,6,16380,11/04/2025 11:00:00 AM
11/04/2025,7,17181,11/04/2025 12:00:00 PM
11/04/2025,8,18452,11/04/2025 1:00:00 PM
11/04/2025,9,18508,11/04/2025 2:00:00 PM
11/04/2025,10,17984,11/04/2025 3:00:00 PM
11/04/2025,11,17454,11/04/2025 4:00:00 PM
11/04/2025,12,17206,11/04/2025 5:00:00 PM
11/04/2025,13,17227,11/04/2025 6:00:00 PM
11/04/2025,14,16993,11/04/2025 7:00:00 PM
11/04/2025,15,17162,11/04/2025 8:00:00 PM
11/04/2025,16,17432,11/04/2025 9:00:00 PM
11/04/2025,17,17462,11/04/2025 10:00:00 PM
11/04/2025,18,17789,11/04/2025 11:00:00 PM
11/04/2025,19,17964,11/05/2025 12:00:00 AM
11/04/2025,20,18443,11/05/2025 1:00:00 AM
11/04/2025,21,18411,11/05/2025 2:00:00 AM
11/04/2025,22,17936,11/05/2025 3:00:00 AM
11/04/2025,23,17388,11/05/2025 4:00:00 AM
11/04/2025,24,16534,11/05/2025 5:00:00 AM
11/05/2025,1,16197,11/05/2025 6:00:00 AM
11/05/2025,2,15573,11/05/2025 7:00:00 AM
11/05/2025,3,15456,11/05/2025 8:00:00 AM
11/05/2025,4,15433,11/05/2025 9:00:00 AM
11/05/2025,5,15622,11/05/2025 10:00:00 AM
11/05/2025,6,16047,11/05/2025 11:00:00 AM
11/05/2025,7,16926,11/05/2025 12:00:00 PM
11/05/2025,8,18028,11/05/2025 1:00:00 PM
11/05/2025,9,18038,11/05/2025 2:00:00 PM
11/05/2025,10,17611,11/05/2025 3:00:00 PM
11/05/2025,11,17339,11/05/2025 4:00:00 PM
11/05/2025,12,17357,11/05/2025 5:00:00 PM
11/05/2025,13,17611,11/05/2025 6:00:00 PM
11/05/2025,14,17871,11/05/2025 7:00:00 PM
11/05/2025,15,18221,11/05/2025 8:00:00 PM
11/05/2025,16,18395,11/05/2025 9:00:00 PM
11/05/2025,17,18794,11/05/2025 10:00:00 PM
11/05/2025,18,18952,11/05/2025 11:00:00 PM
11/05/2025,19,19035,11/06/2025 12:00:00 AM
11/05/2025,20,19077,11/06/2025 1:00:00 AM
11/05/2025,21,18786,11/06/2025 2:00:00 AM
11/05/2025,22,18451,11/06/2025 3:00:00 AM
11/05/2025,23,17681,11/06/2025 4:00:00 AM
11/05/2025,24,16939,11/06/2025 5:00:00 AM
11/06/2025,1,16081,11/06/2025 6:00:00 AM
11/06/2025,2,15452,11/06/2025 7:00:00 AM
11/06/2025,3,15186,11/06/2025 8:00:00 AM
11/06/2025,4,15208,11/06/2025 9:00:00 AM
11/06/2025,5,15125,11/06/2025 10:00:00 AM
11/06/2025,6,15275,11/06/2025 11:00:00 AM
11/06/2025,7,16001,11/06/2025 12:00:00 PM
11/06/2025,8,16986,11/06/2025 1:00:00 PM
11/06/2025,9,17362,11/06/2025 2:00:00 PM
11/06/2025,10,17351,11/06/2025 3:00:00 PM
11/06/2025,11,17463,11/06/2025 4:00:00 PM
11/06/2025,12,17671,11/06/2025 5:00:00 PM
11/06/2025,13,17986,11/06/2025 6:00:00 PM
11/06/2025,14,18443,11/06/2025 7:00:00 PM
11/06/2025,15,18571,11/06/2025 8:00:00 PM
11/06/2025,16,18705,11/06/2025 9:00:00 PM
11/06/2025,17,18824,11/06/2025 10:00:00 PM
11/06/2025,18,18899,11/06/2025 11:00:00 PM
11/06/2025,19,19269,11/07/2025 12:00:00 AM
11/06/2025,20,19378,11/07/2025 1:00:00 AM
11/06/2025,21,19112,11/07/2025 2:00:00 AM
11/06/2025,22,18809,11/07/2025 3:00:00 AM
11/06/2025,23,18200,11/07/2025 4:00:00 AM
11/06/2025,24,17345,11/07/2025 5:00:00 AM
11/07/2025,1,16562,11/07/2025 6:00:00 AM
11/07/2025,2,15982,11/07/2025 7:00:00 AM
11/07/2025,3,15624,11/07/2025 8:00:00 AM
11/07/2025,4,15548,11/07/2025 9:00:00 AM
11/07/2025,5,15305,11/07/2025 10:00:00 AM
11/07/2025,6,15558,11/07/2025 11:00:00 AM
11/07/2025,7,16084,11/07/2025 12:00:00 PM
11/07/2025,8,16910,11/07/2025 1:00:00 PM
11/07/2025,9,17052,11/07/2025 2:00:00 PM
11/07/2025,10,17341,11/07/2025 3:00:00 PM
11/07/2025,11,18030,11/07/2025 4:00:00 PM
11/07/2025,12,18695,11/07/2025 5:00:00 PM
11/07/2025,13,19285,11/07/2025 6:00:00 PM
11/07/2025,14,19679,11/07/2025 7:00:00 PM
11/07/2025,15,20225,11/07/2025 8:00:00 PM
11/07/2025,16,20428,11/07/2025 9:00:00 PM
11/07/2025,17,20552,11/07/2025 10:00:00 PM
11/07/2025,18,20320,11/07/2025 11:00:00 PM
11/07/2025,19,20152,11/08/2025 12:00:00 AM
11/07/2025,20,19668,11/08/2025 1:00:00 AM
11/07/2025,21,18974,11/08/2025 2:00:00 AM
11/07/2025,22,18520,11/08/2025 3:00:00 AM
11/07/2025,23,17998,11/08/2025 4:00:00 AM
11/07/2025,24,17450,11/08/2025 5:00:00 AM
11/08/2025,1,16751,11/08/2025 6:00:00 AM
11/08/2025,2,16028,11/08/2025 7:00:00 AM
11/08/2025,3,15496,11/08/2025 8:00:00 AM
11/08/2025,4,15246,11/08/2025 9:00:00 AM
11/08/2025,5,15035,11/08/2025 10:00:00 AM
11/08/2025,6,15112,11/08/2025 11:00:00 AM
11/08/2025,7,15123,11/08/2025 12:00:00 PM
11/08/2025,8,15310,11/08/2025 1:00:00 PM
11/08/2025,9,15825,11/08/2025 2:00:00 PM
11/08/2025,10,16533,11/08/2025 3:00:00 PM
11/08/2025,11,17194,11/08/2025 4:00:00 PM
11/08/2025,12,17893,11/08/2025 5:00:00 PM
11/08/2025,13,18489,11/08/2025 6:00:00 PM
11/08/2025,14,19145,11/08/2025 7:00:00 PM
11/08/2025,15,19580,11/08/2025 8:00:00 PM
11/08/2025,16,19964,11/08/2025 9:00:00 PM
11/08/2025,17,20143,11/08/2025 10:00:00 PM
11/08/2025,18,19855,11/08/2025 11:00:00 PM
11/08/2025,19,19593,11/09/2025 12:00:00 AM
11/08/2025,20,19265,11/09/2025 1:00:00 AM
11/08/2025,21,18648,11/09/2025 2:00:00 AM
11/08/2025,22,18344,11/09/2025 3:00:00 AM
11/08/2025,23,17932,11/09/2025 4:00:00 AM
11/08/2025,24,17376,11/09/2025 5:00:00 AM
11/09/2025,1,16580,11/09/2025 6:00:00 AM
11/09/2025,2,16112,11/09/2025 7:00:00 AM
11/09/2025,3,15552,11/09/2025 8:00:00 AM
11/09/2025,4,15204,11/09/2025 9:00:00 AM
11/09/2025,5,15221,11/09/2025 10:00:00 AM
11/09/2025,6,15160,11/09/2025 11:00:00 AM
11/09/2025,7,15474,11/09/2025 12:00:00 PM
11/09/2025,8,15456,11/09/2025 1:00:00 PM
11/09/2025,9,15685,11/09/2025 2:00:00 PM
11/09/2025,10,16608,11/09/2025 3:00:00 PM
11/09/2025,11,17085,11/09/2025 4:00:00 PM
11/09/2025,12,17203,11/09/2025 5:00:00 PM
11/09/2025,13,17150,11/09/2025 6:00:00 PM
11/09/2025,14,17353,11/09/2025 7:00:00 PM
11/09/2025,15,17241,11/09/2025 8:00:00 PM
11/09/2025,16,17380,11/09/2025 9:00:00 PM
11/09/2025,17,17352,11/09/2025 10:00:00 PM
11/09/2025,18,17748,11/09/2025 11:00:00 PM
11/09/2025,19,18523,11/10/2025 12:00:00 AM
11/09/2025,20,19036,11/10/2025 1:00:00 AM
11/09/2025,21,18975,11/10/2025 2:00:00 AM
11/09/2025,22,18775,11/10/2025 3:00:00 AM
11/09/2025,23,18257,11/10/2025 4:00:00 AM
11/09/2025,24,17557,11/10/2025 5:00:00 AM
11/10/2025,1,17006,11/10/2025 6:00:00 AM
11/10/2025,2,16672,11/10/2025 7:00:00 AM
11/10/2025,3,16844,11/10/2025 8:00:00 AM
11/10/2025,4,16923,11/10/2025 9:00:00 AM
11/10/2025,5,17044,11/10/2025 10:00:00 AM
11/10/2025,6,17710,11/10/2025 11:00:00 AM
11/10/2025,7,18932,11/10/2025 12:00:00 PM
11/10/2025,8,20619,11/10/2025 1:00:00 PM
11/10/2025,9,21099,11/10/2025 2:00:00 PM
11/10/2025,10,20839,11/10/2025 3:00:00 PM
11/10/2025,11,20593,11/10/2025 4:00:00 PM
11/10/2025,12,20085,11/10/2025 5:00:00 PM
11/10/2025,13,19528,11/10/2025 6:00:00 PM
11/10/2025,14,19079,11/10/2025 7:00:00 PM
11/10/2025,15,18809,11/10/2025 8:00:00 PM
11/10/2025,16,18458,11/10/2025 9:00:00 PM
11/10/2025,17,18798,11/10/2025 10:00:00 PM
11/10/2025,18,19582,11/10/2025 11:00:00 PM
11/10/2025,19,20732,11/11/2025 12:00:00 AM
11/10/2025,20,21641,11/11/2025 1:00:00 AM
11/10/2025,21,21888,11/11/2025 2:00:00 AM
11/10/2025,22,21832,11/11/2025 3:00:00 AM
11/10/2025,23,21298,11/11/2025 4:00:00 AM
11/10/2025,24,20715,11/11/2025 5:00:00 AM
11/11/2025,1,20265,11/11/2025 6:00:00 AM
11/11/2025,2,20221,11/11/2025 7:00:00 AM
11/11/2025,3,20255,11/11/2025 8:00:00 AM
11/11/2025,4,20470,11/11/2025 9:00:00 AM
11/11/2025,5,20633,11/11/2025 10:00:00 AM
11/11/2025,6,21176,11/11/2025 11:00:00 AM
11/11/2025,7,22075,11/11/2025 12:00:00 PM
11/11/2025,8,23409,11/11/2025 1:00:00 PM
11/11/2025,9,23221,11/11/2025 2:00:00 PM
11/11/2025,10,22261,11/11/2025 3:00:00 PM
11/11/2025,11,21147,11/11/2025 4:00:00 PM
11/11/2025,12,20294,11/11/2025 5:00:00 PM
11/11/2025,13,19473,11/11/2025 6:00:00 PM
11/11/2025,14,18819,11/11/2025 7:00:00 PM
11/11/2025,15,18367,11/11/2025 8:00:00 PM
11/11/2025,16,18051,11/11/2025 9:00:00 PM
11/11/2025,17,18140,11/11/2025 10:00:00 PM
11/11/2025,18,18375,11/11/2025 11:00:00 PM
11/11/2025,19,18414,11/12/2025 12:00:00 AM
11/11/2025,20,19635,11/12/2025 1:00:00 AM
11/11/2025,21,20070,11/12/2025 2:00:00 AM
11/11/2025,22,19789,11/12/2025 3:00:00 AM
11/11/2025,23,19357,11/12/2025 4:00:00 AM
11/11/2025,24,18617,11/12/2025 5:00:00 AM
11/12/2025,1,17936,11/12/2025 6:00:00 AM
11/12/2025,2,17594,11/12/2025 7:00:00 AM
11/12/2025,3,17515,11/12/2025 8:00:00 AM
11/12/2025,4,17619,11/12/2025 9:00:00 AM
11/12/2025,5,17540,11/12/2025 10:00:00 AM
11/12/2025,6,17846,11/12/2025 11:00:00 AM
11/12/2025,7,18789,11/12/2025 12:00:00 PM
11/12/2025,8,19950,11/12/2025 1:00:00 PM
11/12/2025,9,19792,11/12/2025 2:00:00 PM
11/12/2025,10,19076,11/12/2025 3:00:00 PM
11/12/2025,11,18205,11/12/2025 4:00:00 PM
11/12/2025,12,17808,11/12/2025 5:00:00 PM
11/12/2025,13,17541,11/12/2025 6:00:00 PM
11/12/2025,14,17501,11/12/2025 7:00:00 PM
11/12/2025,15,17441,11/12/2025 8:00:00 PM
11/12/2025,16,17552,11/12/2025 9:00:00 PM
11/12/2025,17,17679,11/12/2025 10:00:00 PM
11/12/2025,18,17961,11/12/2025 11:00:00 PM
11/12/2025,19,18333,11/13/2025 12:00:00 AM
11/12/2025,20,18711,11/13/2025 1:00:00 AM
11/12/2025,21,18323,11/13/2025 2:00:00 AM
11/12/2025,22,18024,11/13/2025 3:00:00 AM
11/12/2025,23,17590,11/13/2025 4:00:00 AM
11/12/2025,24,17075,11/13/2025 5:00:00 AM
11/13/2025,1,16289,11/13/2025 6:00:00 AM
11/13/2025,2,15802,11/13/2025 7:00:00 AM
11/13/2025,3,15546,11/13/2025 8:00:00 AM
11/13/2025,4,15516,11/13/2025 9:00:00 AM
11/13/2025,5,15528,11/13/2025 10:00:00 AM
11/13/2025,6,15791,11/13/2025 11:00:00 AM
11/13/2025,7,16558,11/13/2025 12:00:00 PM
11/13/2025,8,17682,11/13/2025 1:00:00 PM
11/13/2025,9,17935,11/13/2025 2:00:00 PM
11/13/2025,10,17700,11/13/2025 3:00:00 PM
11/13/2025,11,17591,11/13/2025 4:00:00 PM
11/13/2025,12,17651,11/13/2025 5:00:00 PM
11/13/2025,13,17978,11/13/2025 6:00:00 PM
11/13/2025,14,18033,11/13/2025 7:00:00 PM
11/13/2025,15,18372,11/13/2025 8:00:00 PM
11/13/2025,16,18436,11/13/2025 9:00:00 PM
11/13/2025,17,18519,11/13/2025 10:00:00 PM
11/13/2025,18,18646,11/13/2025 11:00:00 PM
11/13/2025,19,18840,11/14/2025 12:00:00 AM
11/13/2025,20,19034,11/14/2025 1:00:00 AM
11/13/2025,21,18842,11/14/2025 2:00:00 AM
11/13/2025,22,18428,11/14/2025 3:00:00 AM
11/13/2025,23,17885,11/14/2025 4:00:00 AM
11/13/2025,24,17167,11/14/2025 5:00:00 AM
11/14/2025,1,16228,11/14/2025 6:00:00 AM
11/14/2025,2,15706,11/14/2025 7:00:00 AM
11/14/2025,3,15447,11/14/2025 8:00:00 AM
11/14/2025,4,15232,11/14/2025 9:00:00 AM
11/14/2025,5,15147,11/14/2025 10:00:00 AM
11/14/2025,6,15265,11/14/2025 11:00:00 AM
11/14/2025,7,16119,11/14/2025 12:00:00 PM
11/14/2025,8,17122,11/14/2025 1:00:00 PM
11/14/2025,9,17387,11/14/2025 2:00:00 PM
11/14/2025,10,17541,11/14/2025 3:00:00 PM
11/14/2025,11,17657,11/14/2025 4:00:00 PM
11/14/2025,12,17974,11/14/2025 5:00:00 PM
11/14/2025,13,18192,11/14/2025 6:00:00 PM
11/14/2025,14,18478,11/14/2025 7:00:00 PM
11/14/2025,15,18797,11/14/2025 8:00:00 PM
11/14/2025,16,19005,11/14/2025 9:00:00 PM
11/14/2025,17,19026,11/14/2025 10:00:00 PM
11/14/2025,18,18846,11/14/2025 11:00:00 PM
11/14/2025,19,19084,11/15/2025 12:00:00 AM
11/14/2025,20,18940,11/15/2025 1:00:00 AM
11/14/2025,21,18305,11/15/2025 2:00:00 AM
11/14/2025,22,18130,11/15/2025 3:00:00 AM
11/14/2025,23,17719,11/15/2025 4:00:00 AM
11/14/2025,24,17029,11/15/2025 5:00:00 AM
11/15/2025,1,16351,11/15/2025 6:00:00 AM
11/15/2025,2,15833,11/15/2025 7:00:00 AM
11/15/2025,3,15418,11/15/2025 8:00:00 AM
11/15/2025,4,15170,11/15/2025 9:00:00 AM
11/15/2025,5,15035,11/15/2025 10:00:00 AM
11/15/2025,6,15182,11/15/2025 11:00:00 AM
11/15/2025,7,15323,11/15/2025 12:00:00 PM
11/15/2025,8,15646,11/15/2025 1:00:00 PM
11/15/2025,9,15958,11/15/2025 2:00:00 PM
11/15/2025,10,16528,11/15/2025 3:00:00 PM
11/15/2025,11,16950,11/15/2025 4:00:00 PM
11/15/2025,12,17424,11/15/2025 5:00:00 PM
11/15/2025,13,17800,11/15/2025 6:00:00 PM
11/15/2025,14,18138,11/15/2025 7:00:00 PM
11/15/2025,15,18516,11/15/2025 8:00:00 PM
11/15/2025,16,18874,11/15/2025 9:00:00 PM
11/15/2025,17,19082,11/15/2025 10:00:00 PM
11/15/2025,18,18942,11/15/2025 11:00:00 PM
11/15/2025,19,18781,11/16/2025 12:00:00 AM
11/15/2025,20,18750,11/16/2025 1:00:00 AM
11/15/2025,21,18453,11/16/2025 2:00:00 AM
11/15/2025,22,18063,11/16/2025 3:00:00 AM
11/15/2025,23,17609,11/16/2025 4:00:00 AM
11/15/2025,24,16989,11/16/2025 5:00:00 AM
11/16/2025,1,16311,11/16/2025 6:00:00 AM
11/16/2025,2,15681,11/16/2025 7:00:00 AM
11/16/2025,3,15276,11/16/2025 8:00:00 AM
11/16/2025,4,15105,11/16/2025 9:00:00 AM
11/16/2025,5,14942,11/16/2025 10:00:00 AM
11/16/2025,6,15017,11/16/2025 11:00:00 AM
11/16/2025,7,15140,11/16/2025 12:00:00 PM
11/16/2025,8,15351,11/16/2025 1:00:00 PM
11/16/2025,9,15733,11/16/2025 2:00:00 PM
11/16/2025,10,16335,11/16/2025 3:00:00 PM
11/16/2025,11,16986,11/16/2025 4:00:00 PM
11/16/2025,12,17441,11/16/2025 5:00:00 PM
11/16/2025,13,17948,11/16/2025 6:00:00 PM
11/16/2025,14,18513,11/16/2025 7:00:00 PM
11/16/2025,15,18863,11/16/2025 8:00:00 PM
11/16/2025,16,19596,11/16/2025 9:00:00 PM
11/16/2025,17,19688,11/16/2025 10:00:00 PM
11/16/2025,18,19813,11/16/2025 11:00:00 PM
11/16/2025,19,19910,11/17/2025 12:00:00 AM
11/16/2025,20,19787,11/17/2025 1:00:00 AM
11/16/2025,21,19364,11/17/2025 2:00:00 AM
11/16/2025,22,18899,11/17/2025 3:00:00 AM
11/16/2025,23,18181,11/17/2025 4:00:00 AM
11/16/2025,24,17285,11/17/2025 5:00:00 AM
11/17/2025,1,16370,11/17/2025 6:00:00 AM
11/17/2025,2,15779,11/17/2025 7:00:00 AM
11/17/2025,3,15625,11/17/2025 8:00:00 AM
11/17/2025,4,15366,11/17/2025 9:00:00 AM
11/17/2025,5,15385,11/17/2025 10:00:00 AM
11/17/2025,6,15570,11/17/2025 11:00:00 AM
11/17/2025,7,16268,11/17/2025 12:00:00 PM
11/17/2025,8,17084,11/17/2025 1:00:00 PM
11/17/2025,9,17494,11/17/2025 2:00:00 PM
11/17/2025,10,17921,11/17/2025 3:00:00 PM
11/17/2025,11,18000,11/17/2025 4:00:00 PM
11/17/2025,12,18473,11/17/2025 5:00:00 PM
11/17/2025,13,18931,11/17/2025 6:00:00 PM
11/17/2025,14,19267,11/17/2025 7:00:00 PM
11/17/2025,15,19410,11/17/2025 8:00:00 PM
11/17/2025,16,19606,11/17/2025 9:00:00 PM
11/17/2025,17,19730,11/17/2025 10:00:00 PM
11/17/2025,18,19823,11/17/2025 11:00:00 PM
11/17/2025,19,19934,11/18/2025 12:00:00 AM
11/17/2025,20,20165,11/18/2025 1:00:00 AM
11/17/2025,21,19833,11/18/2025 2:00:00 AM
11/17/2025,22,19373,11/18/2025 3:00:00 AM
11/17/2025,23,18592,11/18/2025 4:00:00 AM
11/17/2025,24,17768,11/18/2025 5:00:00 AM
11/18/2025,1,16939,11/18/2025 6:00:00 AM
11/18/2025,2,16214,11/18/2025 7:00:00 AM
11/18/2025,3,15931,11/18/2025 8:00:00 AM
11/18/2025,4,15758,11/18/2025 9:00:00 AM
11/18/2025,5,15686,11/18/2025 10:00:00 AM
11/18/2025,6,15890,11/18/2025 11:00:00 AM
11/18/2025,7,16422,11/18/2025 12:00:00 PM
11/18/2025,8,17205,11/18/2025 1:00:00 PM
11/18/2025,9,17563,11/18/2025 2:00:00 PM
11/18/2025,10,17749,11/18/2025 3:00:00 PM
11/18/2025,11,18178,11/18/2025 4:00:00 PM
11/18/2025,12,18874,11/18/2025 5:00:00 PM
11/18/2025,13,19487,11/18/2025 6:00:00 PM
11/18/2025,14,20067,11/18/2025 7:00:00 PM
11/18/2025,15,20641,11/18/2025 8:00:00 PM
11/18/2025,16,20921,11/18/2025 9:00:00 PM
11/18/2025,17,20972,11/18/2025 10:00:00 PM
11/18/2025,18,20716,11/18/2025 11:00:00 PM
11/18/2025,19,20788,11/19/2025 12:00:00 AM
11/18/2025,20,20895,11/19/2025 1:00:00 AM
11/18/2025,21,20398,11/19/2025 2:00:00 AM
11/18/2025,22,20010,11/19/2025 3:00:00 AM
11/18/2025,23,19373,11/19/2025 4:00:00 AM
11/18/2025,24,18384,11/19/2025 5:00:00 AM
11/19/2025,1,17456,11/19/2025 6:00:00 AM
11/19/2025,2,16766,11/19/2025 7:00:00 AM
11/19/2025,3,16175,11/19/2025 8:00:00 AM
11/19/2025,4,15840,11/19/2025 9:00:00 AM
11/19/2025,5,15780,11/19/2025 10:00:00 AM
11/19/2025,6,15686,11/19/2025 11:00:00 AM
11/19/2025,7,16237,11/19/2025 12:00:00 PM
11/19/2025,8,17212,11/19/2025 1:00:00 PM
11/19/2025,9,17359,11/19/2025 2:00:00 PM
11/19/2025,10,17756,11/19/2025 3:00:00 PM
11/19/2025,11,18245,11/19/2025 4:00:00 PM
11/19/2025,12,18825,11/19/2025 5:00:00 PM
11/19/2025,13,19445,11/19/2025 6:00:00 PM
11/19/2025,14,20211,11/19/2025 7:00:00 PM
11/19/2025,15,20711,11/19/2025 8:00:00 PM
11/19/2025,16,21078,11/19/2025 9:00:00 PM
11/19/2025,17,21205,11/19/2025 10:00:00 PM
11/19/2025,18,20961,11/19/2025 11:00:00 PM
11/19/2025,19,20987,11/20/2025 12:00:00 AM
11/19/2025,20,20882,11/20/2025 1:00:00 AM
11/19/2025,21,20248,11/20/2025 2:00:00 AM
11/19/2025,22,19753,11/20/2025 3:00:00 AM
11/19/2025,23,19103,11/20/2025 4:00:00 AM
11/19/2025,24,18193,11/20/2025 5:00:00 AM
11/20/2025,1,17366,11/20/2025 6:00:00 AM
11/20/2025,2,16816,11/20/2025 7:00:00 AM
11/20/2025,3,16251,11/20/2025 8:00:00 AM
11/20/2025,4,15951,11/20/2025 9:00:00 AM
11/20/2025,5,15906,11/20/2025 10:00:00 AM
11/20/2025,6,15756,11/20/2025 11:00:00 AM
11/20/2025,7,16184,11/20/2025 12:00:00 PM
11/20/2025,8,17037,11/20/2025 1:00:00 PM
11/20/2025,9,17390,11/20/2025 2:00:00 PM
11/20/2025,10,17751,11/20/2025 3:00:00 PM
11/20/2025,11,18367,11/20/2025 4:00:00 PM
11/20/2025,12,18821,11/20/2025 5:00:00 PM
11/20/2025,13,19341,11/20/2025 6:00:00 PM
11/20/2025,14,19800,11/20/2025 7:00:00 PM
11/20/2025,15,20215,11/20/2025 8:00:00 PM
11/20/2025,16,20554,11/20/2025 9:00:00 PM
11/20/2025,17,20526,11/20/2025 10:00:00 PM
11/20/2025,18,20459,11/20/2025 11:00:00 PM
11/20/2025,19,20597,11/21/2025 12:00:00 AM
11/20/2025,20,20504,11/21/2025 1:00:00 AM
11/20/2025,21,20183,11/21/2025 2:00:00 AM
11/20/2025,22,19697,11/21/2025 3:00:00 AM
11/20/2025,23,19099,11/21/2025 4:00:00 AM
11/20/2025,24,18314,11/21/2025 5:00:00 AM
11/21/2025,1,17498,11/21/2025 6:00:00 AM
11/21/2025,2,16776,11/21/2025 7:00:00 AM
11/21/2025,3,16443,11/21/2025 8:00:00 AM
11/21/2025,4,16245,11/21/2025 9:00:00 AM
11/21/2025,5,15996,11/21/2025 10:00:00 AM
11/21/2025,6,16136,11/21/2025 11:00:00 AM
11/21/2025,7,16787,11/21/2025 12:00:00 PM
11/21/2025,8,17698,11/21/2025 1:00:00 PM
11/21/2025,9,18013,11/21/2025 2:00:00 PM
11/21/2025,10,18242,11/21/2025 3:00:00 PM
11/21/2025,11,18790,11/21/2025 4:00:00 PM
11/21/2025,12,19474,11/21/2025 5:00:00 PM
11/21/2025,13,19914,11/21/2025 6:00:00 PM
11/21/2025,14,20388,11/21/2025 7:00:00 PM
11/21/2025,15,20794,11/21/2025 8:00:00 PM
11/21/2025,16,20862,11/21/2025 9:00:00 PM
11/21/2025,17,20871,11/21/2025 10:00:00 PM
11/21/2025,18,20755,11/21/2025 11:00:00 PM
11/21/2025,19,20633,11/22/2025 12:00:00 AM
11/21/2025,20,20527,11/22/2025 1:00:00 AM
11/21/2025,21,20085,11/22/2025 2:00:00 AM
11/21/2025,22,19621,11/22/2025 3:00:00 AM
11/21/2025,23,19149,11/22/2025 4:00:00 AM
11/21/2025,24,18461,11/22/2025 5:00:00 AM
11/22/2025,1,17734,11/22/2025 6:00:00 AM
11/22/2025,2,16987,11/22/2025 7:00:00 AM
11/22/2025,3,16309,11/22/2025 8:00:00 AM
11/22/2025,4,16051,11/22/2025 9:00:00 AM
11/22/2025,5,15957,11/22/2025 10:00:00 AM
11/22/2025,6,15851,11/22/2025 11:00:00 AM
11/22/2025,7,16009,11/22/2025 12:00:00 PM
11/22/2025,8,16461,11/22/2025 1:00:00 PM
11/22/2025,9,16773,11/22/2025 2:00:00 PM
11/22/2025,10,17339,11/22/2025 3:00:00 PM
11/22/2025,11,18045,11/22/2025 4:00:00 PM
11/22/2025,12,18623,11/22/2025 5:00:00 PM
11/22/2025,13,19178,11/22/2025 6:00:00 PM
11/22/2025,14,19405,11/22/2025 7:00:00 PM
11/22/2025,15,19717,11/22/2025 8:00:00 PM
11/22/2025,16,20113,11/22/2025 9:00:00 PM
11/22/2025,17,20076,11/22/2025 10:00:00 PM
11/22/2025,18,19858,11/22/2025 11:00:00 PM
11/22/2025,19,19774,11/23/2025 12:00:00 AM
11/22/2025,20,19481,11/23/2025 1:00:00 AM
11/22/2025,21,19016,11/23/2025 2:00:00 AM
11/22/2025,22,18481,11/23/2025 3:00:00 AM
11/22/2025,23,17933,11/23/2025 4:00:00 AM
11/22/2025,24,17411,11/23/2025 5:00:00 AM
11/23/2025,1,16756,11/23/2025 6:00:00 AM
11/23/2025,2,15950,11/23/2025 7:00:00 AM
11/23/2025,3,15495,11/23/2025 8:00:00 AM
11/23/2025,4,15345,11/23/2025 9:00:00 AM
11/23/2025,5,15044,11/23/2025 10:00:00 AM
11/23/2025,6,14990,11/23/2025 11:00:00 AM
11/23/2025,7,15105,11/23/2025 12:00:00 PM
11/23/2025,8,15367,11/23/2025 1:00:00 PM
11/23/2025,9,15671,11/23/2025 2:00:00 PM
11/23/2025,10,16395,11/23/2025 3:00:00 PM
11/23/2025,11,16791,11/23/2025 4:00:00 PM
11/23/2025,12,17039,11/23/2025 5:00:00 PM
11/23/2025,13,17258,11/23/2025 6:00:00 PM
11/23/2025,14,17551,11/23/2025 7:00:00 PM
11/23/2025,15,17812,11/23/2025 8:00:00 PM
11/23/2025,16,17995,11/23/2025 9:00:00 PM
11/23/2025,17,18092,11/23/2025 10:00:00 PM
11/23/2025,18,18142,11/23/2025 11:00:00 PM
11/23/2025,19,18612,11/24/2025 12:00:00 AM
11/23/2025,20,18601,11/24/2025 1:00:00 AM
11/23/2025,21,18449,11/24/2025 2:00:00 AM
11/23/2025,22,18159,11/24/2025 3:00:00 AM
11/23/2025,23,17788,11/24/2025 4:00:00 AM
11/23/2025,24,17094,11/24/2025 5:00:00 AM
11/24/2025,1,16484,11/24/2025 6:00:00 AM
11/24/2025,2,16035,11/24/2025 7:00:00 AM
11/24/2025,3,15595,11/24/2025 8:00:00 AM
11/24/2025,4,15561,11/24/2025 9:00:00 AM
11/24/2025,5,15428,11/24/2025 10:00:00 AM
11/24/2025,6,15511,11/24/2025 11:00:00 AM
11/24/2025,7,16069,11/24/2025 12:00:00 PM
11/24/2025,8,16981,11/24/2025 1:00:00 PM
11/24/2025,9,17424,11/24/2025 2:00:00 PM
11/24/2025,10,17970,11/24/2025 3:00:00 PM
11/24/2025,11,18159,11/24/2025 4:00:00 PM
11/24/2025,12,18407,11/24/2025 5:00:00 PM
11/24/2025,13,18835,11/24/2025 6:00:00 PM
11/24/2025,14,19230,11/24/2025 7:00:00 PM
11/24/2025,15,19320,11/24/2025 8:00:00 PM
11/24/2025,16,19380,11/24/2025 9:00:00 PM
11/24/2025,17,19584,11/24/2025 10:00:00 PM
11/24/2025,18,19556,11/24/2025 11:00:00 PM
11/24/2025,19,19829,11/25/2025 12:00:00 AM
11/24/2025,20,20169,11/25/2025 1:00:00 AM
11/24/2025,21,19925,11/25/2025 2:00:00 AM
11/24/2025,22,19571,11/25/2025 3:00:00 AM
11/24/2025,23,19068,11/25/2025 4:00:00 AM
11/24/2025,24,18503,11/25/2025 5:00:00 AM
11/25/2025,1,17641,11/25/2025 6:00:00 AM
11/25/2025,2,17008,11/25/2025 7:00:00 AM
11/25/2025,3,16686,11/25/2025 8:00:00 AM
11/25/2025,4,16358,11/25/2025 9:00:00 AM
11/25/2025,5,16209,11/25/2025 10:00:00 AM
11/25/2025,6,16227,11/25/2025 11:00:00 AM
11/25/2025,7,16496,11/25/2025 12:00:00 PM
11/25/2025,8,17281,11/25/2025 1:00:00 PM
11/25/2025,9,17460,11/25/2025 2:00:00 PM
11/25/2025,10,17852,11/25/2025 3:00:00 PM
11/25/2025,11,18381,11/25/2025 4:00:00 PM
11/25/2025,12,18980,11/25/2025 5:00:00 PM
11/25/2025,13,19357,11/25/2025 6:00:00 PM
11/25/2025,14,19758,11/25/2025 7:00:00 PM
11/25/2025,15,19974,11/25/2025 8:00:00 PM
11/25/2025,16,20018,11/25/2025 9:00:00 PM
11/25/2025,17,20018,11/25/2025 10:00:00 PM
11/25/2025,18,19803,11/25/2025 11:00:00 PM
11/25/2025,19,19902,11/26/2025 12:00:00 AM
11/25/2025,20,19743,11/26/2025 1:00:00 AM
11/25/2025,21,19232,11/26/2025 2:00:00 AM
11/25/2025,22,18904,11/26/2025 3:00:00 AM
11/25/2025,23,18298,11/26/2025 4:00:00 AM
11/25/2025,24,17834,11/26/2025 5:00:00 AM
11/26/2025,1,16983,11/26/2025 6:00:00 AM
11/26/2025,2,16430,11/26/2025 7:00:00 AM
11/26/2025,3,16040,11/26/2025 8:00:00 AM
11/26/2025,4,15837,11/26/2025 9:00:00 AM
11/26/2025,5,15642,11/26/2025 10:00:00 AM
11/26/2025,6,15668,11/26/2025 11:00:00 AM
11/26/2025,7,16099,11/26/2025 12:00:00 PM
11/26/2025,8,16825,11/26/2025 1:00:00 PM
11/26/2025,9,17273,11/26/2025 2:00:00 PM
11/26/2025,10,17773,11/26/2025 3:00:00 PM
11/26/2025,11,18050,11/26/2025 4:00:00 PM
11/26/2025,12,17999,11/26/2025 5:00:00 PM
11/26/2025,13,17945,11/26/2025 6:00:00 PM
11/26/2025,14,17976,11/26/2025 7:00:00 PM
11/26/2025,15,17829,11/26/2025 8:00:00 PM
11/26/2025,16,17867,11/26/2025 9:00:00 PM
11/26/2025,17,17974,11/26/2025 10:00:00 PM
11/26/2025,18,18087,11/26/2025 11:00:00 PM
11/26/2025,19,18689,11/27/2025 12:00:00 AM
11/26/2025,20,18941,11/27/2025 1:00:00 AM
11/26/2025,21,18920,11/27/2025 2:00:00 AM
11/26/2025,22,18743,11/27/2025 3:00:00 AM
11/26/2025,23,18517,11/27/2025 4:00:00 AM
11/26/2025,24,18090,11/27/2025 5:00:00 AM
11/27/2025,1,17452,11/27/2025 6:00:00 AM
11/27/2025,2,17136,11/27/2025 7:00:00 AM
11/27/2025,3,16620,11/27/2025 8:00:00 AM
11/27/2025,4,16365,11/27/2025 9:00:00 AM
11/27/2025,5,16430,11/27/2025 10:00:00 AM
11/27/2025,6,16550,11/27/2025 11:00:00 AM
11/27/2025,7,16892,11/27/2025 12:00:00 PM
11/27/2025,8,17581,11/27/2025 1:00:00 PM
11/27/2025,9,18448,11/27/2025 2:00:00 PM
11/27/2025,10,18944,11/27/2025 3:00:00 PM
11/27/2025,11,19137,11/27/2025 4:00:00 PM
11/27/2025,12,18886,11/27/2025 5:00:00 PM
11/27/2025,13,18247,11/27/2025 6:00:00 PM
11/27/2025,14,17393,11/27/2025 7:00:00 PM
11/27/2025,15,16592,11/27/2025 8:00:00 PM
11/27/2025,16,16119,11/27/2025 9:00:00 PM
11/27/2025,17,16074,11/27/2025 10:00:00 PM
11/27/2025,18,16178,11/27/2025 11:00:00 PM
11/27/2025,19,16897,11/28/2025 12:00:00 AM
11/27/2025,20,17433,11/28/2025 1:00:00 AM
11/27/2025,21,17901,11/28/2025 2:00:00 AM
11/27/2025,22,18105,11/28/2025 3:00:00 AM
11/27/2025,23,18063,11/28/2025 4:00:00 AM
11/27/2025,24,17808,11/28/2025 5:00:00 AM
11/28/2025,1,17519,11/28/2025 6:00:00 AM
11/28/2025,2,17303,11/28/2025 7:00:00 AM
11/28/2025,3,17368,11/28/2025 8:00:00 AM
11/28/2025,4,17364,11/28/2025 9:00:00 AM
11/28/2025,5,17621,11/28/2025 10:00:00 AM
11/28/2025,6,18051,11/28/2025 11:00:00 AM
11/28/2025,7,18645,11/28/2025 12:00:00 PM
11/28/2025,8,19266,11/28/2025 1:00:00 PM
11/28/2025,9,19848,11/28/2025 2:00:00 PM
11/28/2025,10,19880,11/28/2025 3:00:00 PM
11/28/2025,11,19514,11/28/2025 4:00:00 PM
11/28/2025,12,18828,11/28/2025 5:00:00 PM
11/28/2025,13,18255,11/28/2025 6:00:00 PM
11/28/2025,14,17568,11/28/2025 7:00:00 PM
11/28/2025,15,17216,11/28/2025 8:00:00 PM
11/28/2025,16,17145,11/28/2025 9:00:00 PM
11/28/2025,17,17217,11/28/2025 10:00:00 PM
11/28/2025,18,17727,11/28/2025 11:00:00 PM
11/28/2025,19,18792,11/29/2025 12:00:00 AM
11/28/2025,20,19131,11/29/2025 1:00:00 AM
11/28/2025,21,19091,11/29/2025 2:00:00 AM
11/28/2025,22,18979,11/29/2025 3:00:00 AM
11/28/2025,23,18673,11/29/2025 4:00:00 AM
11/28/2025,24,18418,11/29/2025 5:00:00 AM
11/29/2025,1,17825,11/29/2025 6:00:00 AM
11/29/2025,2,17429,11/29/2025 7:00:00 AM
11/29/2025,3,17303,11/29/2025 8:00:00 AM
11/29/2025,4,17311,11/29/2025 9:00:00 AM
11/29/2025,5,17275,11/29/2025 10:00:00 AM
11/29/2025,6,17542,11/29/2025 11:00:00 AM
11/29/2025,7,17665,11/29/2025 12:00:00 PM
11/29/2025,8,18108,11/29/2025 1:00:00 PM
11/29/2025,9,18471,11/29/2025 2:00:00 PM
11/29/2025,10,18789,11/29/2025 3:00:00 PM
11/29/2025,11,18983,11/29/2025 4:00:00 PM
11/29/2025,12,19019,11/29/2025 5:00:00 PM
11/29/2025,13,18772,11/29/2025 6:00:00 PM
11/29/2025,14,18417,11/29/2025 7:00:00 PM
11/29/2025,15,18047,11/29/2025 8:00:00 PM
11/29/2025,16,17908,11/29/2025 9:00:00 PM
11/29/2025,17,17872,11/29/2025 10:00:00 PM
11/29/2025,18,18027,11/29/2025 11:00:00 PM
11/29/2025,19,18626,11/30/2025 12:00:00 AM
11/29/2025,20,18896,11/30/2025 1:00:00 AM
11/29/2025,21,18676,11/30/2025 2:00:00 AM
11/29/2025,22,18296,11/30/2025 3:00:00 AM
11/29/2025,23,18050,11/30/2025 4:00:00 AM
11/29/2025,24,17478,11/30/2025 5:00:00 AM
11/30/2025,1,17002,11/30/2025 6:00:00 AM
11/30/2025,2,16671,11/30/2025 7:00:00 AM
11/30/2025,3,16388,11/30/2025 8:00:00 AM
11/30/2025,4,16277,11/30/2025 9:00:00 AM
11/30/2025,5,16180,11/30/2025 10:00:00 AM
11/30/2025,6,16526,11/30/2025 11:00:00 AM
11/30/2025,7,16715,11/30/2025 12:00:00 PM
11/30/2025,8,17183,11/30/2025 1:00:00 PM
11/30/2025,9,17653,11/30/2025 2:00:00 PM
11/30/2025,10,18079,11/30/2025 3:00:00 PM
11/30/2025,11,18410,11/30/2025 4:00:00 PM
11/30/2025,12,18432,11/30/2025 5:00:00 PM
11/30/2025,13,18411,11/30/2025 6:00:00 PM
11/30/2025,14,18425,11/30/2025 7:00:00 PM
11/30/2025,15,18607,11/30/2025 8:00:00 PM
11/30/2025,16,18642,11/30/2025 9:00:00 PM
11/30/2025,17,18810,11/30/2025 10:00:00 PM
11/30/2025,18,19426,11/30/2025 11:00:00 PM
11/30/2025,19,20414,12/01/2025 12:00:00 AM
11/30/2025,20,20878,12/01/2025 1:00:00 AM
11/30/2025,21,20927,12/01/2025 2:00:00 AM
11/30/2025,22,20780,12/01/2025 3:00:00 AM
11/30/2025,23,20345,12/01/2025 4:00:00 AM
11/30/2025,24,19593,12/01/2025 5:00:00 AM
12/01/2025,1,18960,12/01/2025 6:00:00 AM
12/01/2025,2,18468,12/01/2025 7:00:00 AM
12/01/2025,3,18172,12/01/2025 8:00:00 AM
12/01/2025,4,18183,12/01/2025 9:00:00 AM
12/01/2025,5,18285,12/01/2025 10:00:00 AM
12/01/2025,6,18545,12/01/2025 11:00:00 AM
12/01/2025,7,19422,12/01/2025 12:00:00 PM
12/01/2025,8,20811,12/01/2025 1:00:00 PM
12/01/2025,9,21375,12/01/2025 2:00:00 PM
12/01/2025,10,21534,12/01/2025 3:00:00 PM
12/01/2025,11,21491,12/01/2025 4:00:00 PM
12/01/2025,12,21490,12/01/2025 5:00:00 PM
12/01/2025,13,21451,12/01/2025 6:00:00 PM
12/01/2025,14,21154,12/01/2025 7:00:00 PM
12/01/2025,15,21155,12/01/2025 8:00:00 PM
12/01/2025,16,21218,12/01/2025 9:00:00 PM
12/01/2025,17,21015,12/01/2025 10:00:00 PM
12/01/2025,18,21477,12/01/2025 11:00:00 PM
12/01/2025,19,22204,12/02/2025 12:00:00 AM
12/01/2025,20,22500,12/02/2025 1:00:00 AM
12/01/2025,21,22309,12/02/2025 2:00:00 AM
12/01/2025,22,21942,12/02/2025 3:00:00 AM
12/01/2025,23,21205,12/02/2025 4:00:00 AM
12/01/2025,24,20539,12/02/2025 5:00:00 AM
12/02/2025,1,19692,12/02/2025 6:00:00 AM
12/02/2025,2,19425,12/02/2025 7:00:00 AM
12/02/2025,3,19172,12/02/2025 8:00:00 AM
12/02/2025,4,19294,12/02/2025 9:00:00 AM
12/02/2025,5,19354,12/02/2025 10:00:00 AM
12/02/2025,6,19832,12/02/2025 11:00:00 AM
12/02/2025,7,20838,12/02/2025 12:00:00 PM
12/02/2025,8,22320,12/02/2025 1:00:00 PM
12/02/2025,9,22814,12/02/2025 2:00:00 PM
12/02/2025,10,23023,12/02/2025 3:00:00 PM
12/02/2025,11,22811,12/02/2025 4:00:00 PM
12/02/2025,12,22705,12/02/2025 5:00:00 PM
12/02/2025,13,22401,12/02/2025 6:00:00 PM
12/02/2025,14,21997,12/02/2025 7:00:00 PM
12/02/2025,15,21546,12/02/2025 8:00:00 PM
12/02/2025,16,21369,12/02/2025 9:00:00 PM
12/02/2025,17,21289,12/02/2025 10:00:00 PM
12/02/2025,18,21799,12/02/2025 11:00:00 PM
12/02/2025,19,23076,12/03/2025 12:00:00 AM
12/02/2025,20,23736,12/03/2025 1:00:00 AM
12/02/2025,21,23940,12/03/2025 2:00:00 AM
12/02/2025,22,23763,12/03/2025 3:00:00 AM
12/02/2025,23,23384,12/03/2025 4:00:00 AM
12/02/2025,24,22512,12/03/2025 5:00:00 AM
12/03/2025,1,21806,12/03/2025 6:00:00 AM
12/03/2025,2,21318,12/03/2025 7:00:00 AM
12/03/2025,3,21161,12/03/2025 8:00:00 AM
12/03/2025,4,21165,12/03/2025 9:00:00 AM
12/03/2025,5,21350,12/03/2025 10:00:00 AM
12/03/2025,6,21778,12/03/2025 11:00:00 AM
12/03/2025,7,22736,12/03/2025 12:00:00 PM
12/03/2025,8,23937,12/03/2025 1:00:00 PM
12/03/2025,9,24172,12/03/2025 2:00:00 PM
12/03/2025,10,23979,12/03/2025 3:00:00 PM
12/03/2025,11,23660,12/03/2025 4:00:00 PM
12/03/2025,12,23140,12/03/2025 5:00:00 PM
12/03/2025,13,22354,12/03/2025 6:00:00 PM
12/03/2025,14,21665,12/03/2025 7:00:00 PM
12/03/2025,15,21023,12/03/2025 8:00:00 PM
12/03/2025,16,20710,12/03/2025 9:00:00 PM
12/03/2025,17,20643,12/03/2025 10:00:00 PM
12/03/2025,18,21118,12/03/2025 11:00:00 PM
12/03/2025,19,22228,12/04/2025 12:00:00 AM
12/03/2025,20,22627,12/04/2025 1:00:00 AM
12/03/2025,21,22524,12/04/2025 2:00:00 AM
12/03/2025,22,22186,12/04/2025 3:00:00 AM
12/03/2025,23,21598,12/04/2025 4:00:00 AM
12/03/2025,24,20597,12/04/2025 5:00:00 AM
12/04/2025,1,19767,12/04/2025 6:00:00 AM
12/04/2025,2,19190,12/04/2025 7:00:00 AM
12/04/2025,3,18826,12/04/2025 8:00:00 AM
12/04/2025,4,18745,12/04/2025 9:00:00 AM
12/04/2025,5,18861,12/04/2025 10:00:00 AM
12/04/2025,6,19026,12/04/2025 11:00:00 AM
12/04/2025,7,19786,12/04/2025 12:00:00 PM
12/04/2025,8,20843,12/04/2025 1:00:00 PM
12/04/2025,9,21367,12/04/2025 2:00:00 PM
12/04/2025,10,21330,12/04/2025 3:00:00 PM
12/04/2025,11,21407,12/04/2025 4:00:00 PM
12/04/2025,12,21441,12/04/2025 5:00:00 PM
12/04/2025,13,21373,12/04/2025 6:00:00 PM
12/04/2025,14,21329,12/04/2025 7:00:00 PM
12/04/2025,15,21312,12/04/2025 8:00:00 PM
12/04/2025,16,21408,12/04/2025 9:00:00 PM
12/04/2025,17,21613,12/04/2025 10:00:00 PM
12/04/2025,18,22012,12/04/2025 11:00:00 PM
12/04/2025,19,22637,12/05/2025 12:00:00 AM
12/04/2025,20,22817,12/05/2025 1:00:00 AM
12/04/2025,21,22735,12/05/2025 2:00:00 AM
12/04/2025,22,22498,12/05/2025 3:00:00 AM
12/04/2025,23,21927,12/05/2025 4:00:00 AM
12/04/2025,24,21138,12/05/2025 5:00:00 AM
12/05/2025,1,20531,12/05/2025 6:00:00 AM
12/05/2025,2,20048,12/05/2025 7:00:00 AM
12/05/2025,3,19863,12/05/2025 8:00:00 AM
12/05/2025,4,19937,12/05/2025 9:00:00 AM
12/05/2025,5,20120,12/05/2025 10:00:00 AM
12/05/2025,6,20365,12/05/2025 11:00:00 AM
12/05/2025,7,21187,12/05/2025 12:00:00 PM
12/05/2025,8,22694,12/05/2025 1:00:00 PM
12/05/2025,9,23145,12/05/2025 2:00:00 PM
12/05/2025,10,23011,12/05/2025 3:00:00 PM
12/05/2025,11,22777,12/05/2025 4:00:00 PM
12/05/2025,12,22310,12/05/2025 5:00:00 PM
12/05/2025,13,21912,12/05/2025 6:00:00 PM
12/05/2025,14,21578,12/05/2025 7:00:00 PM
12/05/2025,15,21419,12/05/2025 8:00:00 PM
12/05/2025,16,21211,12/05/2025 9:00:00 PM
12/05/2025,17,21206,12/05/2025 10:00:00 PM
12/05/2025,18,21708,12/05/2025 11:00:00 PM
12/05/2025,19,22522,12/06/2025 12:00:00 AM
12/05/2025,20,22627,12/06/2025 1:00:00 AM
12/05/2025,21,22449,12/06/2025 2:00:00 AM
12/05/2025,22,22171,12/06/2025 3:00:00 AM
12/05/2025,23,21617,12/06/2025 4:00:00 AM
12/05/2025,24,20886,12/06/2025 5:00:00 AM
12/06/2025,1,20360,12/06/2025 6:00:00 AM
12/06/2025,2,19799,12/06/2025 7:00:00 AM
12/06/2025,3,19413,12/06/2025 8:00:00 AM
12/06/2025,4,19283,12/06/2025 9:00:00 AM
12/06/2025,5,19302,12/06/2025 10:00:00 AM
12/06/2025,6,19443,12/06/2025 11:00:00 AM
12/06/2025,7,19680,12/06/2025 12:00:00 PM
12/06/2025,8,20216,12/06/2025 1:00:00 PM
12/06/2025,9,20910,12/06/2025 2:00:00 PM
12/06/2025,10,21393,12/06/2025 3:00:00 PM
12/06/2025,11,21485,12/06/2025 4:00:00 PM
12/06/2025,12,21064,12/06/2025 5:00:00 PM
12/06/2025,13,20426,12/06/2025 6:00:00 PM
12/06/2025,14,19710,12/06/2025 7:00:00 PM
12/06/2025,15,19260,12/06/2025 8:00:00 PM
12/06/2025,16,18745,12/06/2025 9:00:00 PM
12/06/2025,17,18718,12/06/2025 10:00:00 PM
12/06/2025,18,18968,12/06/2025 11:00:00 PM
12/06/2025,19,19684,12/07/2025 12:00:00 AM
12/06/2025,20,19912,12/07/2025 1:00:00 AM
12/06/2025,21,20130,12/07/2025 2:00:00 AM
12/06/2025,22,20030,12/07/2025 3:00:00 AM
12/06/2025,23,19726,12/07/2025 4:00:00 AM
12/06/2025,24,19154,12/07/2025 5:00:00 AM
12/07/2025,1,18625,12/07/2025 6:00:00 AM
12/07/2025,2,18066,12/07/2025 7:00:00 AM
12/07/2025,3,17648,12/07/2025 8:00:00 AM
12/07/2025,4,17294,12/07/2025 9:00:00 AM
12/07/2025,5,17297,12/07/2025 10:00:00 AM
12/07/2025,6,17334,12/07/2025 11:00:00 AM
12/07/2025,7,17592,12/07/2025 12:00:00 PM
12/07/2025,8,17981,12/07/2025 1:00:00 PM
12/07/2025,9,18286,12/07/2025 2:00:00 PM
12/07/2025,10,18619,12/07/2025 3:00:00 PM
12/07/2025,11,18762,12/07/2025 4:00:00 PM
12/07/2025,12,18430,12/07/2025 5:00:00 PM
12/07/2025,13,18097,12/07/2025 6:00:00 PM
12/07/2025,14,18052,12/07/2025 7:00:00 PM
12/07/2025,15,18006,12/07/2025 8:00:00 PM
12/07/2025,16,18074,12/07/2025 9:00:00 PM
12/07/2025,17,18068,12/07/2025 10:00:00 PM
12/07/2025,18,18462,12/07/2025 11:00:00 PM
12/07/2025,19,19084,12/08/2025 12:00:00 AM
12/07/2025,20,19396,12/08/2025 1:00:00 AM
12/07/2025,21,19361,12/08/2025 2:00:00 AM
12/07/2025,22,19131,12/08/2025 3:00:00 AM
12/07/2025,23,18824,12/08/2025 4:00:00 AM
12/07/2025,24,18079,12/08/2025 5:00:00 AM
12/08/2025,1,17466,12/08/2025 6:00:00 AM
12/08/2025,2,17049,12/08/2025 7:00:00 AM
12/08/2025,3,16902,12/08/2025 8:00:00 AM
12/08/2025,4,16773,12/08/2025 9:00:00 AM
12/08/2025,5,16963,12/08/2025 10:00:00 AM
12/08/2025,6,17472,12/08/2025 11:00:00 AM
12/08/2025,7,18442,12/08/2025 12:00:00 PM
12/08/2025,8,19924,12/08/2025 1:00:00 PM
12/08/2025,9,20602,12/08/2025 2:00:00 PM
12/08/2025,10,20624,12/08/2025 3:00:00 PM
12/08/2025,11,20622,12/08/2025 4:00:00 PM
12/08/2025,12,20392,12/08/2025 5:00:00 PM
12/08/2025,13,20231,12/08/2025 6:00:00 PM
12/08/2025,14,20134,12/08/2025 7:00:00 PM
12/08/2025,15,19953,12/08/2025 8:00:00 PM
12/08/2025,16,19802,12/08/2025 9:00:00 PM
12/08/2025,17,19849,12/08/2025 10:00:00 PM
12/08/2025,18,20405,12/08/2025 11:00:00 PM
12/08/2025,19,21328,12/09/2025 12:00:00 AM
12/08/2025,20,22301,12/09/2025 1:00:00 AM
12/08/2025,21,22601,12/09/2025 2:00:00 AM
12/08/2025,22,22585,12/09/2025 3:00:00 AM
12/08/2025,23,22079,12/09/2025 4:00:00 AM
12/08/2025,24,21311,12/09/2025 5:00:00 AM
12/09/2025,1,20718,12/09/2025 6:00:00 AM
12/09/2025,2,20271,12/09/2025 7:00:00 AM
12/09/2025,3,20200,12/09/2025 8:00:00 AM
12/09/2025,4,20263,12/09/2025 9:00:00 AM
12/09/2025,5,20383,12/09/2025 10:00:00 AM
12/09/2025,6,20769,12/09/2025 11:00:00 AM
12/09/2025,7,21745,12/09/2025 12:00:00 PM
12/09/2025,8,23161,12/09/2025 1:00:00 PM
12/09/2025,9,23566,12/09/2025 2:00:00 PM
12/09/2025,10,23230,12/09/2025 3:00:00 PM
12/09/2025,11,22543,12/09/2025 4:00:00 PM
12/09/2025,12,21922,12/09/2025 5:00:00 PM
12/09/2025,13,20941,12/09/2025 6:00:00 PM
12/09/2025,14,20020,12/09/2025 7:00:00 PM
12/09/2025,15,19306,12/09/2025 8:00:00 PM
12/09/2025,16,19024,12/09/2025 9:00:00 PM
12/09/2025,17,19101,12/09/2025 10:00:00 PM
12/09/2025,18,19608,12/09/2025 11:00:00 PM
12/09/2025,19,20775,12/10/2025 12:00:00 AM
12/09/2025,20,21560,12/10/2025 1:00:00 AM
12/09/2025,21,21803,12/10/2025 2:00:00 AM
12/09/2025,22,21912,12/10/2025 3:00:00 AM
12/09/2025,23,21479,12/10/2025 4:00:00 AM
12/09/2025,24,20776,12/10/2025 5:00:00 AM
12/10/2025,1,20320,12/10/2025 6:00:00 AM
12/10/2025,2,19946,12/10/2025 7:00:00 AM
12/10/2025,3,19817,12/10/2025 8:00:00 AM
12/10/2025,4,19793,12/10/2025 9:00:00 AM
12/10/2025,5,19885,12/10/2025 10:00:00 AM
12/10/2025,6,20263,12/10/2025 11:00:00 AM
12/10/2025,7,21177,12/10/2025 12:00:00 PM
12/10/2025,8,22441,12/10/2025 1:00:00 PM
12/10/2025,9,22447,12/10/2025 2:00:00 PM
12/10/2025,10,21497,12/10/2025 3:00:00 PM
12/10/2025,11,20645,12/10/2025 4:00:00 PM
12/10/2025,12,19534,12/10/2025 5:00:00 PM
12/10/2025,13,18757,12/10/2025 6:00:00 PM
12/10/2025,14,18344,12/10/2025 7:00:00 PM
12/10/2025,15,18201,12/10/2025 8:00:00 PM
12/10/2025,16,17965,12/10/2025 9:00:00 PM
12/10/2025,17,18020,12/10/2025 10:00:00 PM
12/10/2025,18,18371,12/10/2025 11:00:00 PM
12/10/2025,19,19235,12/11/2025 12:00:00 AM
12/10/2025,20,19746,12/11/2025 1:00:00 AM
12/10/2025,21,19879,12/11/2025 2:00:00 AM
12/10/2025,22,19919,12/11/2025 3:00:00 AM
12/10/2025,23,19676,12/11/2025 4:00:00 AM
12/10/2025,24,19082,12/11/2025 5:00:00 AM
12/11/2025,1,18430,12/11/2025 6:00:00 AM
12/11/2025,2,18132,12/11/2025 7:00:00 AM
12/11/2025,3,17887,12/11/2025 8:00:00 AM
12/11/2025,4,17987,12/11/2025 9:00:00 AM
12/11/2025,5,18324,12/11/2025 10:00:00 AM
12/11/2025,6,18841,12/11/2025 11:00:00 AM
12/11/2025,7,20060,12/11/2025 12:00:00 PM
12/11/2025,8,21734,12/11/2025 1:00:00 PM
12/11/2025,9,22421,12/11/2025 2:00:00 PM
12/11/2025,10,21965,12/11/2025 3:00:00 PM
12/11/2025,11,21098,12/11/2025 4:00:00 PM
12/11/2025,12,20154,12/11/2025 5:00:00 PM
12/11/2025,13,19383,12/11/2025 6:00:00 PM
12/11/2025,14,18854,12/11/2025 7:00:00 PM
12/11/2025,15,18560,12/11/2025 8:00:00 PM
12/11/2025,16,18427,12/11/2025 9:00:00 PM
12/11/2025,17,18394,12/11/2025 10:00:00 PM
12/11/2025,18,18875,12/11/2025 11:00:00 PM
12/11/2025,19,19782,12/12/2025 12:00:00 AM
12/11/2025,20,20307,12/12/2025 1:00:00 AM
12/11/2025,21,20584,12/12/2025 2:00:00 AM
12/11/2025,22,20725,12/12/2025 3:00:00 AM
12/11/2025,23,20451,12/12/2025 4:00:00 AM
12/11/2025,24,19750,12/12/2025 5:00:00 AM
12/12/2025,1,19381,12/12/2025 6:00:00 AM
12/12/2025,2,19000,12/12/2025 7:00:00 AM
12/12/2025,3,18648,12/12/2025 8:00:00 AM
12/12/2025,4,18628,12/12/2025 9:00:00 AM
12/12/2025,5,18788,12/12/2025 10:00:00 AM
12/12/2025,6,19040,12/12/2025 11:00:00 AM
12/12/2025,7,19896,12/12/2025 12:00:00 PM
12/12/2025,8,21202,12/12/2025 1:00:00 PM
12/12/2025,9,21332,12/12/2025 2:00:00 PM
12/12/2025,10,20724,12/12/2025 3:00:00 PM
12/12/2025,11,19963,12/12/2025 4:00:00 PM
12/12/2025,12,19310,12/12/2025 5:00:00 PM
12/12/2025,13,18647,12/12/2025 6:00:00 PM
12/12/2025,14,18177,12/12/2025 7:00:00 PM
12/12/2025,15,18067,12/12/2025 8:00:00 PM
12/12/2025,16,17955,12/12/2025 9:00:00 PM
12/12/2025,17,18005,12/12/2025 10:00:00 PM
12/12/2025,18,18206,12/12/2025 11:00:00 PM
12/12/2025,19,19002,12/13/2025 12:00:00 AM
12/12/2025,20,19135,12/13/2025 1:00:00 AM
12/12/2025,21,18914,12/13/2025 2:00:00 AM
12/12/2025,22,18733,12/13/2025 3:00:00 AM
12/12/2025,23,18453,12/13/2025 4:00:00 AM
12/12/2025,24,18115,12/13/2025 5:00:00 AM
12/13/2025,1,17590,12/13/2025 6:00:00 AM
12/13/2025,2,17181,12/13/2025 7:00:00 AM
12/13/2025,3,16764,12/13/2025 8:00:00 AM
12/13/2025,4,16753,12/13/2025 9:00:00 AM
12/13/2025,5,16663,12/13/2025 10:00:00 AM
12/13/2025,6,16724,12/13/2025 11:00:00 AM
12/13/2025,7,17089,12/13/2025 12:00:00 PM
12/13/2025,8,17601,12/13/2025 1:00:00 PM
12/13/2025,9,18058,12/13/2025 2:00:00 PM
12/13/2025,10,18429,12/13/2025 3:00:00 PM
12/13/2025,11,18653,12/13/2025 4:00:00 PM
12/13/2025,12,18810,12/13/2025 5:00:00 PM
12/13/2025,13,18834,12/13/2025 6:00:00 PM
12/13/2025,14,18855,12/13/2025 7:00:00 PM
12/13/2025,15,18776,12/13/2025 8:00:00 PM
12/13/2025,16,18866,12/13/2025 9:00:00 PM
12/13/2025,17,18859,12/13/2025 10:00:00 PM
12/13/2025,18,19102,12/13/2025 11:00:00 PM
12/13/2025,19,19409,12/14/2025 12:00:00 AM
12/13/2025,20,19567,12/14/2025 1:00:00 AM
12/13/2025,21,19387,12/14/2025 2:00:00 AM
12/13/2025,22,19109,12/14/2025 3:00:00 AM
12/13/2025,23,18891,12/14/2025 4:00:00 AM
12/13/2025,24,18592,12/14/2025 5:00:00 AM
12/14/2025,1,18110,12/14/2025 6:00:00 AM
12/14/2025,2,17569,12/14/2025 7:00:00 AM
12/14/2025,3,17332,12/14/2025 8:00:00 AM
12/14/2025,4,17181,12/14/2025 9:00:00 AM
12/14/2025,5,17299,12/14/2025 10:00:00 AM
12/14/2025,6,17600,12/14/2025 11:00:00 AM
12/14/2025,7,17987,12/14/2025 12:00:00 PM
12/14/2025,8,18699,12/14/2025 1:00:00 PM
12/14/2025,9,19541,12/14/2025 2:00:00 PM
12/14/2025,10,20334,12/14/2025 3:00:00 PM
12/14/2025,11,21135,12/14/2025 4:00:00 PM
12/14/2025,12,21242,12/14/2025 5:00:00 PM
12/14/2025,13,21256,12/14/2025 6:00:00 PM
12/14/2025,14,21216,12/14/2025 7:00:00 PM
12/14/2025,15,20991,12/14/2025 8:00:00 PM
12/14/2025,16,20871,12/14/2025 9:00:00 PM
12/14/2025,17,20918,12/14/2025 10:00:00 PM
12/14/2025,18,21739,12/14/2025 11:00:00 PM
12/14/2025,19,23493,12/15/2025 12:00:00 AM
12/14/2025,20,24352,12/15/2025 1:00:00 AM
12/14/2025,21,25073,12/15/2025 2:00:00 AM
12/14/2025,22,25281,12/15/2025 3:00:00 AM
12/14/2025,23,25144,12/15/2025 4:00:00 AM
12/14/2025,24,24813,12/15/2025 5:00:00 AM
12/15/2025,1,24337,12/15/2025 6:00:00 AM
12/15/2025,2,24203,12/15/2025 7:00:00 AM
12/15/2025,3,24231,12/15/2025 8:00:00 AM
12/15/2025,4,24357,12/15/2025 9:00:00 AM
12/15/2025,5,24631,12/15/2025 10:00:00 AM
12/15/2025,6,25403,12/15/2025 11:00:00 AM
12/15/2025,7,26510,12/15/2025 12:00:00 PM
12/15/2025,8,28178,12/15/2025 1:00:00 PM
12/15/2025,9,28550,12/15/2025 2:00:00 PM
12/15/2025,10,27742,12/15/2025 3:00:00 PM
12/15/2025,11,26701,12/15/2025 4:00:00 PM
12/15/2025,12,25583,12/15/2025 5:00:00 PM
12/15/2025,13,24299,12/15/2025 6:00:00 PM
12/15/2025,14,23230,12/15/2025 7:00:00 PM
12/15/2025,15,22234,12/15/2025 8:00:00 PM
12/15/2025,16,21591,12/15/2025 9:00:00 PM
12/15/2025,17,21460,12/15/2025 10:00:00 PM
12/15/2025,18,21901,12/15/2025 11:00:00 PM
12/15/2025,19,23392,12/16/2025 12:00:00 AM
12/15/2025,20,24465,12/16/2025 1:00:00 AM
12/15/2025,21,24856,12/16/2025 2:00:00 AM
12/15/2025,22,24951,12/16/2025 3:00:00 AM
12/15/2025,23,24675,12/16/2025 4:00:00 AM
12/15/2025,24,24085,12/16/2025 5:00:00 AM
12/16/2025,1,23635,12/16/2025 6:00:00 AM
12/16/2025,2,23401,12/16/2025 7:00:00 AM
12/16/2025,3,23220,12/16/2025 8:00:00 AM
12/16/2025,4,23388,12/16/2025 9:00:00 AM
12/16/2025,5,23551,12/16/2025 10:00:00 AM
12/16/2025,6,23929,12/16/2025 11:00:00 AM
12/16/2025,7,24796,12/16/2025 12:00:00 PM
12/16/2025,8,26003,12/16/2025 1:00:00 PM
12/16/2025,9,26304,12/16/2025 2:00:00 PM
12/16/2025,10,25220,12/16/2025 3:00:00 PM
12/16/2025,11,23782,12/16/2025 4:00:00 PM
12/16/2025,12,22460,12/16/2025 5:00:00 PM
12/16/2025,13,21235,12/16/2025 6:00:00 PM
12/16/2025,14,20246,12/16/2025 7:00:00 PM
12/16/2025,15,19654,12/16/2025 8:00:00 PM
12/16/2025,16,19316,12/16/2025 9:00:00 PM
12/16/2025,17,19425,12/16/2025 10:00:00 PM
12/16/2025,18,19930,12/16/2025 11:00:00 PM
12/16/2025,19,20894,12/17/2025 12:00:00 AM
12/16/2025,20,21342,12/17/2025 1:00:00 AM
12/16/2025,21,21378,12/17/2025 2:00:00 AM
12/16/2025,22,21154,12/17/2025 3:00:00 AM
12/16/2025,23,20643,12/17/2025 4:00:00 AM
12/16/2025,24,19900,12/17/2025 5:00:00 AM
12/17/2025,1,19167,12/17/2025 6:00:00 AM
12/17/2025,2,18540,12/17/2025 7:00:00 AM
12/17/2025,3,18329,12/17/2025 8:00:00 AM
12/17/2025,4,18153,12/17/2025 9:00:00 AM
12/17/2025,5,18090,12/17/2025 10:00:00 AM
12/17/2025,6,18392,12/17/2025 11:00:00 AM
12/17/2025,7,19174,12/17/2025 12:00:00 PM
12/17/2025,8,20285,12/17/2025 1:00:00 PM
12/17/2025,9,20552,12/17/2025 2:00:00 PM
12/17/2025,10,20383,12/17/2025 3:00:00 PM
12/17/2025,11,20085,12/17/2025 4:00:00 PM
12/17/2025,12,19886,12/17/2025 5:00:00 PM
12/17/2025,13,19465,12/17/2025 6:00:00 PM
12/17/2025,14,19158,12/17/2025 7:00:00 PM
12/17/2025,15,18973,12/17/2025 8:00:00 PM
12/17/2025,16,18892,12/17/2025 9:00:00 PM
12/17/2025,17,18862,12/17/2025 10:00:00 PM
12/17/2025,18,19125,12/17/2025 11:00:00 PM
12/17/2025,19,19901,12/18/2025 12:00:00 AM
12/17/2025,20,20088,12/18/2025 1:00:00 AM
12/17/2025,21,20033,12/18/2025 2:00:00 AM
12/17/2025,22,19647,12/18/2025 3:00:00 AM
12/17/2025,23,19167,12/18/2025 4:00:00 AM
12/17/2025,24,18350,12/18/2025 5:00:00 AM
12/18/2025,1,17513,12/18/2025 6:00:00 AM
12/18/2025,2,16928,12/18/2025 7:00:00 AM
12/18/2025,3,16642,12/18/2025 8:00:00 AM
12/18/2025,4,16227,12/18/2025 9:00:00 AM
12/18/2025,5,16197,12/18/2025 10:00:00 AM
12/18/2025,6,16432,12/18/2025 11:00:00 AM
12/18/2025,7,17164,12/18/2025 12:00:00 PM
12/18/2025,8,18219,12/18/2025 1:00:00 PM
12/18/2025,9,18445,12/18/2025 2:00:00 PM
12/18/2025,10,18503,12/18/2025 3:00:00 PM
12/18/2025,11,18497,12/18/2025 4:00:00 PM
12/18/2025,12,18520,12/18/2025 5:00:00 PM
12/18/2025,13,18535,12/18/2025 6:00:00 PM
12/18/2025,14,18533,12/18/2025 7:00:00 PM
12/18/2025,15,18283,12/18/2025 8:00:00 PM
12/18/2025,16,18410,12/18/2025 9:00:00 PM
12/18/2025,17,18470,12/18/2025 10:00:00 PM
12/18/2025,18,18722,12/18/2025 11:00:00 PM
12/18/2025,19,19124,12/19/2025 12:00:00 AM
12/18/2025,20,19629,12/19/2025 1:00:00 AM
12/18/2025,21,19501,12/19/2025 2:00:00 AM
12/18/2025,22,19168,12/19/2025 3:00:00 AM
12/18/2025,23,18792,12/19/2025 4:00:00 AM
12/18/2025,24,18270,12/19/2025 5:00:00 AM
12/19/2025,1,17474,12/19/2025 6:00:00 AM
12/19/2025,2,17006,12/19/2025 7:00:00 AM
12/19/2025,3,16801,12/19/2025 8:00:00 AM
12/19/2025,4,16846,12/19/2025 9:00:00 AM
12/19/2025,5,16870,12/19/2025 10:00:00 AM
12/19/2025,6,17210,12/19/2025 11:00:00 AM
12/19/2025,7,18279,12/19/2025 12:00:00 PM
12/19/2025,8,19920,12/19/2025 1:00:00 PM
12/19/2025,9,20855,12/19/2025 2:00:00 PM
12/19/2025,10,20769,12/19/2025 3:00:00 PM
12/19/2025,11,20233,12/19/2025 4:00:00 PM
12/19/2025,12,19647,12/19/2025 5:00:00 PM
12/19/2025,13,18940,12/19/2025 6:00:00 PM
12/19/2025,14,18338,12/19/2025 7:00:00 PM
12/19/2025,15,17965,12/19/2025 8:00:00 PM
12/19/2025,16,17969,12/19/2025 9:00:00 PM
12/19/2025,17,18274,12/19/2025 10:00:00 PM
12/19/2025,18,18603,12/19/2025 11:00:00 PM
12/19/2025,19,19311,12/20/2025 12:00:00 AM
12/19/2025,20,19843,12/20/2025 1:00:00 AM
12/19/2025,21,20106,12/20/2025 2:00:00 AM
12/19/2025,22,20212,12/20/2025 3:00:00 AM
12/19/2025,23,20297,12/20/2025 4:00:00 AM
12/19/2025,24,19933,12/20/2025 5:00:00 AM
12/20/2025,1,19644,12/20/2025 6:00:00 AM
12/20/2025,2,19339,12/20/2025 7:00:00 AM
12/20/2025,3,19137,12/20/2025 8:00:00 AM
12/20/2025,4,19177,12/20/2025 9:00:00 AM
12/20/2025,5,19196,12/20/2025 10:00:00 AM
12/20/2025,6,19381,12/20/2025 11:00:00 AM
12/20/2025,7,19731,12/20/2025 12:00:00 PM
12/20/2025,8,20343,12/20/2025 1:00:00 PM
12/20/2025,9,20786,12/20/2025 2:00:00 PM
12/20/2025,10,20805,12/20/2025 3:00:00 PM
12/20/2025,11,20125,12/20/2025 4:00:00 PM
12/20/2025,12,19339,12/20/2025 5:00:00 PM
12/20/2025,13,18652,12/20/2025 6:00:00 PM
12/20/2025,14,18211,12/20/2025 7:00:00 PM
12/20/2025,15,17843,12/20/2025 8:00:00 PM
12/20/2025,16,17715,12/20/2025 9:00:00 PM
12/20/2025,17,17831,12/20/2025 10:00:00 PM
12/20/2025,18,17996,12/20/2025 11:00:00 PM
12/20/2025,19,18623,12/21/2025 12:00:00 AM
12/20/2025,20,18508,12/21/2025 1:00:00 AM
12/20/2025,21,18376,12/21/2025 2:00:00 AM
12/20/2025,22,18260,12/21/2025 3:00:00 AM
12/20/2025,23,18000,12/21/2025 4:00:00 AM
12/20/2025,24,17548,12/21/2025 5:00:00 AM
12/21/2025,1,17245,12/21/2025 6:00:00 AM
12/21/2025,2,16770,12/21/2025 7:00:00 AM
12/21/2025,3,16517,12/21/2025 8:00:00 AM
12/21/2025,4,16144,12/21/2025 9:00:00 AM
12/21/2025,5,16190,12/21/2025 10:00:00 AM
12/21/2025,6,16243,12/21/2025 11:00:00 AM
12/21/2025,7,16430,12/21/2025 12:00:00 PM
12/21/2025,8,16894,12/21/2025 1:00:00 PM
12/21/2025,9,17260,12/21/2025 2:00:00 PM
12/21/2025,10,17737,12/21/2025 3:00:00 PM
12/21/2025,11,17918,12/21/2025 4:00:00 PM
12/21/2025,12,18036,12/21/2025 5:00:00 PM
12/21/2025,13,18074,12/21/2025 6:00:00 PM
12/21/2025,14,18281,12/21/2025 7:00:00 PM
12/21/2025,15,18641,12/21/2025 8:00:00 PM
12/21/2025,16,18703,12/21/2025 9:00:00 PM
12/21/2025,17,18849,12/21/2025 10:00:00 PM
12/21/2025,18,19141,12/21/2025 11:00:00 PM
12/21/2025,19,19572,12/22/2025 12:00:00 AM
12/21/2025,20,19805,12/22/2025 1:00:00 AM
12/21/2025,21,19670,12/22/2025 2:00:00 AM
12/21/2025,22,19423,12/22/2025 3:00:00 AM
12/21/2025,23,18969,12/22/2025 4:00:00 AM
12/21/2025,24,18481,12/22/2025 5:00:00 AM
12/22/2025,1,17818,12/22/2025 6:00:00 AM
12/22/2025,2,17298,12/22/2025 7:00:00 AM
12/22/2025,3,16692,12/22/2025 8:00:00 AM
12/22/2025,4,16499,12/22/2025 9:00:00 AM
12/22/2025,5,16420,12/22/2025 10:00:00 AM
12/22/2025,6,16611,12/22/2025 11:00:00 AM
12/22/2025,7,16996,12/22/2025 12:00:00 PM
12/22/2025,8,17748,12/22/2025 1:00:00 PM
12/22/2025,9,17951,12/22/2025 2:00:00 PM
12/22/2025,10,18161,12/22/2025 3:00:00 PM
12/22/2025,11,18626,12/22/2025 4:00:00 PM
12/22/2025,12,18830,12/22/2025 5:00:00 PM
12/22/2025,13,18970,12/22/2025 6:00:00 PM
12/22/2025,14,19049,12/22/2025 7:00:00 PM
12/22/2025,15,19126,12/22/2025 8:00:00 PM
12/22/2025,16,19194,12/22/2025 9:00:00 PM
12/22/2025,17,19192,12/22/2025 10:00:00 PM
12/22/2025,18,19182,12/22/2025 11:00:00 PM
12/22/2025,19,19469,12/23/2025 12:00:00 AM
12/22/2025,20,19652,12/23/2025 1:00:00 AM
12/22/2025,21,19149,12/23/2025 2:00:00 AM
12/22/2025,22,19011,12/23/2025 3:00:00 AM
12/22/2025,23,18442,12/23/2025 4:00:00 AM
12/22/2025,24,17668,12/23/2025 5:00:00 AM
12/23/2025,1,17023,12/23/2025 6:00:00 AM
12/23/2025,2,16481,12/23/2025 7:00:00 AM
12/23/2025,3,16031,12/23/2025 8:00:00 AM
12/23/2025,4,15612,12/23/2025 9:00:00 AM
12/23/2025,5,15471,12/23/2025 10:00:00 AM
12/23/2025,6,15667,12/23/2025 11:00:00 AM
12/23/2025,7,16048,12/23/2025 12:00:00 PM
12/23/2025,8,16741,12/23/2025 1:00:00 PM
12/23/2025,9,17227,12/23/2025 2:00:00 PM
12/23/2025,10,17654,12/23/2025 3:00:00 PM
12/23/2025,11,17881,12/23/2025 4:00:00 PM
12/23/2025,12,18164,12/23/2025 5:00:00 PM
12/23/2025,13,18446,12/23/2025 6:00:00 PM
12/23/2025,14,18795,12/23/2025 7:00:00 PM
12/23/2025,15,19272,12/23/2025 8:00:00 PM
12/23/2025,16,19400,12/23/2025 9:00:00 PM
12/23/2025,17,19513,12/23/2025 10:00:00 PM
12/23/2025,18,19472,12/23/2025 11:00:00 PM
12/23/2025,19,19313,12/24/2025 12:00:00 AM
12/23/2025,20,19294,12/24/2025 1:00:00 AM
12/23/2025,21,18989,12/24/2025 2:00:00 AM
12/23/2025,22,18706,12/24/2025 3:00:00 AM
12/23/2025,23,18293,12/24/2025 4:00:00 AM
12/23/2025,24,17646,12/24/2025 5:00:00 AM
12/24/2025,1,16983,12/24/2025 6:00:00 AM
12/24/2025,2,16297,12/24/2025 7:00:00 AM
12/24/2025,3,15920,12/24/2025 8:00:00 AM
12/24/2025,4,15587,12/24/2025 9:00:00 AM
12/24/2025,5,15384,12/24/2025 10:00:00 AM
12/24/2025,6,15447,12/24/2025 11:00:00 AM
12/24/2025,7,15699,12/24/2025 12:00:00 PM
12/24/2025,8,15990,12/24/2025 1:00:00 PM
12/24/2025,9,16415,12/24/2025 2:00:00 PM
12/24/2025,10,16905,12/24/2025 3:00:00 PM
12/24/2025,11,17229,12/24/2025 4:00:00 PM
12/24/2025,12,17652,12/24/2025 5:00:00 PM
12/24/2025,13,17793,12/24/2025 6:00:00 PM
12/24/2025,14,17856,12/24/2025 7:00:00 PM
12/24/2025,15,18273,12/24/2025 8:00:00 PM
12/24/2025,16,18592,12/24/2025 9:00:00 PM
12/24/2025,17,18721,12/24/2025 10:00:00 PM
12/24/2025,18,18579,12/24/2025 11:00:00 PM
12/24/2025,19,18499,12/25/2025 12:00:00 AM
12/24/2025,20,18377,12/25/2025 1:00:00 AM
12/24/2025,21,17844,12/25/2025 2:00:00 AM
12/24/2025,22,17511,12/25/2025 3:00:00 AM
12/24/2025,23,17054,12/25/2025 4:00:00 AM
12/24/2025,24,16703,12/25/2025 5:00:00 AM
12/25/2025,1,16090,12/25/2025 6:00:00 AM
12/25/2025,2,15433,12/25/2025 7:00:00 AM
12/25/2025,3,14916,12/25/2025 8:00:00 AM
12/25/2025,4,14783,12/25/2025 9:00:00 AM
12/25/2025,5,14666,12/25/2025 10:00:00 AM
12/25/2025,6,14575,12/25/2025 11:00:00 AM
12/25/2025,7,14699,12/25/2025 12:00:00 PM
12/25/2025,8,15050,12/25/2025 1:00:00 PM
12/25/2025,9,15355,12/25/2025 2:00:00 PM
12/25/2025,10,15964,12/25/2025 3:00:00 PM
12/25/2025,11,16619,12/25/2025 4:00:00 PM
12/25/2025,12,17087,12/25/2025 5:00:00 PM
12/25/2025,13,17342,12/25/2025 6:00:00 PM
12/25/2025,14,17595,12/25/2025 7:00:00 PM
12/25/2025,15,17626,12/25/2025 8:00:00 PM
12/25/2025,16,17753,12/25/2025 9:00:00 PM
12/25/2025,17,17668,12/25/2025 10:00:00 PM
12/25/2025,18,17518,12/25/2025 11:00:00 PM
12/25/2025,19,17385,12/26/2025 12:00:00 AM
12/25/2025,20,17365,12/26/2025 1:00:00 AM
12/25/2025,21,17213,12/26/2025 2:00:00 AM
12/25/2025,22,16973,12/26/2025 3:00:00 AM
12/25/2025,23,16775,12/26/2025 4:00:00 AM
12/25/2025,24,16271,12/26/2025 5:00:00 AM
12/26/2025,1,15900,12/26/2025 6:00:00 AM
12/26/2025,2,15436,12/26/2025 7:00:00 AM
12/26/2025,3,14958,12/26/2025 8:00:00 AM
12/26/2025,4,14771,12/26/2025 9:00:00 AM
12/26/2025,5,14586,12/26/2025 10:00:00 AM
12/26/2025,6,14684,12/26/2025 11:00:00 AM
12/26/2025,7,14990,12/26/2025 12:00:00 PM
12/26/2025,8,15486,12/26/2025 1:00:00 PM
12/26/2025,9,15946,12/26/2025 2:00:00 PM
12/26/2025,10,16455,12/26/2025 3:00:00 PM
12/26/2025,11,17216,12/26/2025 4:00:00 PM
12/26/2025,12,17674,12/26/2025 5:00:00 PM
12/26/2025,13,18106,12/26/2025 6:00:00 PM
12/26/2025,14,18553,12/26/2025 7:00:00 PM
12/26/2025,15,18680,12/26/2025 8:00:00 PM
12/26/2025,16,18965,12/26/2025 9:00:00 PM
12/26/2025,17,18936,12/26/2025 10:00:00 PM
12/26/2025,18,18920,12/26/2025 11:00:00 PM
12/26/2025,19,18972,12/27/2025 12:00:00 AM
12/26/2025,20,19077,12/27/2025 1:00:00 AM
12/26/2025,21,18936,12/27/2025 2:00:00 AM
12/26/2025,22,18514,12/27/2025 3:00:00 AM
12/26/2025,23,18015,12/27/2025 4:00:00 AM
12/26/2025,24,17434,12/27/2025 5:00:00 AM
12/27/2025,1,16833,12/27/2025 6:00:00 AM
12/27/2025,2,16322,12/27/2025 7:00:00 AM
12/27/2025,3,15968,12/27/2025 8:00:00 AM
12/27/2025,4,15652,12/27/2025 9:00:00 AM
12/27/2025,5,15453,12/27/2025 10:00:00 AM
12/27/2025,6,15457,12/27/2025 11:00:00 AM
12/27/2025,7,15436,12/27/2025 12:00:00 PM
12/27/2025,8,15645,12/27/2025 1:00:00 PM
12/27/2025,9,16108,12/27/2025 2:00:00 PM
12/27/2025,10,16592,12/27/2025 3:00:00 PM
12/27/2025,11,17195,12/27/2025 4:00:00 PM
12/27/2025,12,17738,12/27/2025 5:00:00 PM
12/27/2025,13,18349,12/27/2025 6:00:00 PM
12/27/2025,14,18572,12/27/2025 7:00:00 PM
12/27/2025,15,18767,12/27/2025 8:00:00 PM
12/27/2025,16,18790,12/27/2025 9:00:00 PM
12/27/2025,17,18847,12/27/2025 10:00:00 PM
12/27/2025,18,18644,12/27/2025 11:00:00 PM
12/27/2025,19,18824,12/28/2025 12:00:00 AM
12/27/2025,20,18946,12/28/2025 1:00:00 AM
12/27/2025,21,18686,12/28/2025 2:00:00 AM
12/27/2025,22,18346,12/28/2025 3:00:00 AM
12/27/2025,23,17898,12/28/2025 4:00:00 AM
12/27/2025,24,17453,12/28/2025 5:00:00 AM
12/28/2025,1,16749,12/28/2025 6:00:00 AM
12/28/2025,2,16247,12/28/2025 7:00:00 AM
12/28/2025,3,15724,12/28/2025 8:00:00 AM
12/28/2025,4,15488,12/28/2025 9:00:00 AM
12/28/2025,5,15376,12/28/2025 10:00:00 AM
12/28/2025,6,15228,12/28/2025 11:00:00 AM
12/28/2025,7,15184,12/28/2025 12:00:00 PM
12/28/2025,8,15342,12/28/2025 1:00:00 PM
12/28/2025,9,15720,12/28/2025 2:00:00 PM
12/28/2025,10,16243,12/28/2025 3:00:00 PM
12/28/2025,11,16943,12/28/2025 4:00:00 PM
12/28/2025,12,17284,12/28/2025 5:00:00 PM
12/28/2025,13,18020,12/28/2025 6:00:00 PM
12/28/2025,14,18482,12/28/2025 7:00:00 PM
12/28/2025,15,18894,12/28/2025 8:00:00 PM
12/28/2025,16,19074,12/28/2025 9:00:00 PM
12/28/2025,17,19130,12/28/2025 10:00:00 PM
12/28/2025,18,19070,12/28/2025 11:00:00 PM
12/28/2025,19,19274,12/29/2025 12:00:00 AM
12/28/2025,20,19454,12/29/2025 1:00:00 AM
12/28/2025,21,19252,12/29/2025 2:00:00 AM
12/28/2025,22,18831,12/29/2025 3:00:00 AM
12/28/2025,23,18390,12/29/2025 4:00:00 AM
12/28/2025,24,17768,12/29/2025 5:00:00 AM
12/29/2025,1,17007,12/29/2025 6:00:00 AM
12/29/2025,2,16547,12/29/2025 7:00:00 AM
12/29/2025,3,16268,12/29/2025 8:00:00 AM
12/29/2025,4,16112,12/29/2025 9:00:00 AM
12/29/2025,5,16004,12/29/2025 10:00:00 AM
12/29/2025,6,16326,12/29/2025 11:00:00 AM
12/29/2025,7,17006,12/29/2025 12:00:00 PM
12/29/2025,8,18158,12/29/2025 1:00:00 PM
12/29/2025,9,19095,12/29/2025 2:00:00 PM
12/29/2025,10,19753,12/29/2025 3:00:00 PM
12/29/2025,11,20128,12/29/2025 4:00:00 PM
12/29/2025,12,20237,12/29/2025 5:00:00 PM
12/29/2025,13,20303,12/29/2025 6:00:00 PM
12/29/2025,14,20261,12/29/2025 7:00:00 PM
12/29/2025,15,19979,12/29/2025 8:00:00 PM
12/29/2025,16,19854,12/29/2025 9:00:00 PM
12/29/2025,17,20137,12/29/2025 10:00:00 PM
12/29/2025,18,20825,12/29/2025 11:00:00 PM
12/29/2025,19,22142,12/30/2025 12:00:00 AM
12/29/2025,20,22906,12/30/2025 1:00:00 AM
12/29/2025,21,23174,12/30/2025 2:00:00 AM
12/29/2025,22,23124,12/30/2025 3:00:00 AM
12/29/2025,23,22801,12/30/2025 4:00:00 AM
12/29/2025,24,22422,12/30/2025 5:00:00 AM
12/30/2025,1,21817,12/30/2025 6:00:00 AM
12/30/2025,2,21436,12/30/2025 7:00:00 AM
12/30/2025,3,21380,12/30/2025 8:00:00 AM
12/30/2025,4,21402,12/30/2025 9:00:00 AM
12/30/2025,5,21603,12/30/2025 10:00:00 AM
12/30/2025,6,21890,12/30/2025 11:00:00 AM
12/30/2025,7,22703,12/30/2025 12:00:00 PM
12/30/2025,8,23942,12/30/2025 1:00:00 PM
12/30/2025,9,24549,12/30/2025 2:00:00 PM
12/30/2025,10,24482,12/30/2025 3:00:00 PM
12/30/2025,11,24027,12/30/2025 4:00:00 PM
12/30/2025,12,23274,12/30/2025 5:00:00 PM
12/30/2025,13,22384,12/30/2025 6:00:00 PM
12/30/2025,14,21521,12/30/2025 7:00:00 PM
12/30/2025,15,20878,12/30/2025 8:00:00 PM
12/30/2025,16,20362,12/30/2025 9:00:00 PM
12/30/2025,17,20116,12/30/2025 10:00:00 PM
12/30/2025,18,20752,12/30/2025 11:00:00 PM
12/30/2025,19,21895,12/31/2025 12:00:00 AM
12/30/2025,20,23026,12/31/2025 1:00:00 AM
12/30/2025,21,23517,12/31/2025 2:00:00 AM
12/30/2025,22,23447,12/31/2025 3:00:00 AM
12/30/2025,23,23495,12/31/2025 4:00:00 AM
12/30/2025,24,23103,12/31/2025 5:00:00 AM
12/31/2025,1,22722,12/31/2025 6:00:00 AM
12/31/2025,2,22574,12/31/2025 7:00:00 AM
12/31/2025,3,22484,12/31/2025 8:00:00 AM
12/31/2025,4,22502,12/31/2025 9:00:00 AM
12/31/2025,5,22556,12/31/2025 10:00:00 AM
12/31/2025,6,23026,12/31/2025 11:00:00 AM
12/31/2025,7,23664,12/31/2025 12:00:00 PM
12/31/2025,8,24502,12/31/2025 1:00:00 PM
12/31/2025,9,25106,12/31/2025 2:00:00 PM
12/31/2025,10,24734,12/31/2025 3:00:00 PM
12/31/2025,11,23304,12/31/2025 4:00:00 PM
12/31/2025,12,21851,12/31/2025 5:00:00 PM
12/31/2025,13,20938,12/31/2025 6:00:00 PM
12/31/2025,14,19794,12/31/2025 7:00:00 PM
12/31/2025,15,19057,12/31/2025 8:00:00 PM
12/31/2025,16,18571,12/31/2025 9:00:00 PM
12/31/2025,17,18399,12/31/2025 10:00:00 PM
12/31/2025,18,18677,12/31/2025 11:00:00 PM
12/31/2025,19,19525,01/01/2026 12:00:00 AM
12/31/2025,20,20139,01/01/2026 1:00:00 AM
12/31/2025,21,20095,01/01/2026 2:00:00 AM
12/31/2025,22,20023,01/01/2026 3:00:00 AM
12/31/2025,23,19806,01/01/2026 4:00:00 AM
12/31/2025,24,19629,01/01/2026 5:00:00 AM
